series,type,index,screen,mean_ms,p50_ms,p95_ms,p99_ms,worst_ms,over_50,over_100,simulation_ms,refresh_ms,other_ms,tab_ms,checkpoint,result,commit,fps_setting,reference_sha,process_mean_ms,slow_screen
mois_x3,month,1,Entreprise,,,,,265.37,,,54.668,36.337,186.581,,1992-04,OK,28f9fdae64022ac31131285e17d9c8bf49fe92b4,30,5b839da1ebf8974ee3cf2251bbeb5960047d54feb94e3f73eb2e6a54db4d472d,,
mois_x3,month,2,Entreprise,,,,,114.075,,,43.834,36.441,33.8,,1992-05,OK,28f9fdae64022ac31131285e17d9c8bf49fe92b4,30,5b839da1ebf8974ee3cf2251bbeb5960047d54feb94e3f73eb2e6a54db4d472d,,Entreprise
mois_x3,month,3,Entreprise,,,,,147.208,,,43.589,70.368,33.251,,1992-06,OK,28f9fdae64022ac31131285e17d9c8bf49fe92b4,30,5b839da1ebf8974ee3cf2251bbeb5960047d54feb94e3f73eb2e6a54db4d472d,,Entreprise
mois_x3,month,4,Entreprise,,,,,116.557,,,47.563,35.771,33.223,,1992-07,OK,28f9fdae64022ac31131285e17d9c8bf49fe92b4,30,5b839da1ebf8974ee3cf2251bbeb5960047d54feb94e3f73eb2e6a54db4d472d,,Entreprise
mois_x3,month,5,Entreprise,,,,,111.784,,,42.609,35.975,33.2,,1992-08,OK,28f9fdae64022ac31131285e17d9c8bf49fe92b4,30,5b839da1ebf8974ee3cf2251bbeb5960047d54feb94e3f73eb2e6a54db4d472d,,Entreprise
mois_x3,month,6,Entreprise,,,,,131.278,,,41.252,56.545,33.481,,1992-09,OK,28f9fdae64022ac31131285e17d9c8bf49fe92b4,30,5b839da1ebf8974ee3cf2251bbeb5960047d54feb94e3f73eb2e6a54db4d472d,,Entreprise
mois_x3,month,7,Entreprise,,,,,112.278,,,43.657,34.608,34.013,,1992-10,OK,28f9fdae64022ac31131285e17d9c8bf49fe92b4,30,5b839da1ebf8974ee3cf2251bbeb5960047d54feb94e3f73eb2e6a54db4d472d,,Entreprise
mois_x3,month,8,Entreprise,,,,,115.461,,,47.688,34.826,32.947,,1992-11,OK,28f9fdae64022ac31131285e17d9c8bf49fe92b4,30,5b839da1ebf8974ee3cf2251bbeb5960047d54feb94e3f73eb2e6a54db4d472d,,Entreprise
mois_x3,month,9,Entreprise,,,,,139.394,,,42.49,62.859,34.045,,1992-12,OK,28f9fdae64022ac31131285e17d9c8bf49fe92b4,30,5b839da1ebf8974ee3cf2251bbeb5960047d54feb94e3f73eb2e6a54db4d472d,,Entreprise
mois_x3,month,10,Entreprise,,,,,111.421,,,41.344,36.831,33.246,,1993-01,OK,28f9fdae64022ac31131285e17d9c8bf49fe92b4,30,5b839da1ebf8974ee3cf2251bbeb5960047d54feb94e3f73eb2e6a54db4d472d,,Entreprise
mois_x3,month,11,Entreprise,,,,,114.811,,,44.441,36.84,33.53,,1993-02,OK,28f9fdae64022ac31131285e17d9c8bf49fe92b4,30,5b839da1ebf8974ee3cf2251bbeb5960047d54feb94e3f73eb2e6a54db4d472d,,Entreprise
mois_x3,month,12,Entreprise,,,,,114.051,,,43.874,35.699,34.478,,1993-03,OK,28f9fdae64022ac31131285e17d9c8bf49fe92b4,30,5b839da1ebf8974ee3cf2251bbeb5960047d54feb94e3f73eb2e6a54db4d472d,,Entreprise
mois_x3,detail,1,Entreprise,,,,,,,,,3.085,,,1992-4,OK,28f9fdae64022ac31131285e17d9c8bf49fe92b4,30,5b839da1ebf8974ee3cf2251bbeb5960047d54feb94e3f73eb2e6a54db4d472d,,scene_hero
mois_x3,detail,1,Entreprise,,,,,,,,,54.17,,,1992-4,OK,28f9fdae64022ac31131285e17d9c8bf49fe92b4,30,5b839da1ebf8974ee3cf2251bbeb5960047d54feb94e3f73eb2e6a54db4d472d,,branch_map
mois_x3,detail,1,Entreprise,,,,,,,,,57.276,,,1992-4,OK,28f9fdae64022ac31131285e17d9c8bf49fe92b4,30,5b839da1ebf8974ee3cf2251bbeb5960047d54feb94e3f73eb2e6a54db4d472d,,scene
mois_x3,detail,1,Entreprise,,,,,,,,,0.177,,,1992-4,OK,28f9fdae64022ac31131285e17d9c8bf49fe92b4,30,5b839da1ebf8974ee3cf2251bbeb5960047d54feb94e3f73eb2e6a54db4d472d,,unlocks
mois_x3,detail,1,Entreprise,,,,,,,,,2.984,,,1992-4,OK,28f9fdae64022ac31131285e17d9c8bf49fe92b4,30,5b839da1ebf8974ee3cf2251bbeb5960047d54feb94e3f73eb2e6a54db4d472d,,reputation
mois_x3,detail,1,Entreprise,,,,,,,,,0.002,,,1992-4,OK,28f9fdae64022ac31131285e17d9c8bf49fe92b4,30,5b839da1ebf8974ee3cf2251bbeb5960047d54feb94e3f73eb2e6a54db4d472d,,empire_clear
mois_x3,detail,1,Entreprise,,,,,,,,,1.081,,,1992-4,OK,28f9fdae64022ac31131285e17d9c8bf49fe92b4,30,5b839da1ebf8974ee3cf2251bbeb5960047d54feb94e3f73eb2e6a54db4d472d,,empire_header
mois_x3,detail,1,Entreprise,,,,,,,,,2.268,,,1992-4,OK,28f9fdae64022ac31131285e17d9c8bf49fe92b4,30,5b839da1ebf8974ee3cf2251bbeb5960047d54feb94e3f73eb2e6a54db4d472d,,empire_lines
mois_x3,detail,1,Entreprise,,,,,,,,,2.812,,,1992-4,OK,28f9fdae64022ac31131285e17d9c8bf49fe92b4,30,5b839da1ebf8974ee3cf2251bbeb5960047d54feb94e3f73eb2e6a54db4d472d,,empire_ranking
mois_x3,detail,1,Entreprise,,,,,,,,,4.354,,,1992-4,OK,28f9fdae64022ac31131285e17d9c8bf49fe92b4,30,5b839da1ebf8974ee3cf2251bbeb5960047d54feb94e3f73eb2e6a54db4d472d,,empire_trophies
mois_x3,detail,1,Entreprise,,,,,,,,,10.55,,,1992-4,OK,28f9fdae64022ac31131285e17d9c8bf49fe92b4,30,5b839da1ebf8974ee3cf2251bbeb5960047d54feb94e3f73eb2e6a54db4d472d,,empire
mois_x3,detail,1,Entreprise,,,,,,,,,2.06,,,1992-4,OK,28f9fdae64022ac31131285e17d9c8bf49fe92b4,30,5b839da1ebf8974ee3cf2251bbeb5960047d54feb94e3f73eb2e6a54db4d472d,,subsidiaries
mois_x3,detail,1,Entreprise,,,,,,,,,0.112,,,1992-4,OK,28f9fdae64022ac31131285e17d9c8bf49fe92b4,30,5b839da1ebf8974ee3cf2251bbeb5960047d54feb94e3f73eb2e6a54db4d472d,,subsidiary_sectors
mois_x3,detail,1,Entreprise,,,,,,,,,0.534,,,1992-4,OK,28f9fdae64022ac31131285e17d9c8bf49fe92b4,30,5b839da1ebf8974ee3cf2251bbeb5960047d54feb94e3f73eb2e6a54db4d472d,,objectives
mois_x3,detail,1,Entreprise,,,,,,,,,0.01,,,1992-4,OK,28f9fdae64022ac31131285e17d9c8bf49fe92b4,30,5b839da1ebf8974ee3cf2251bbeb5960047d54feb94e3f73eb2e6a54db4d472d,,executive_brief
mois_x3,detail,1,Entreprise,,,,,,,,,0.001,,,1992-4,OK,28f9fdae64022ac31131285e17d9c8bf49fe92b4,30,5b839da1ebf8974ee3cf2251bbeb5960047d54feb94e3f73eb2e6a54db4d472d,,workplace_and_meters
mois_x3,detail,1,Entreprise,,,,,,,,,0.046,,,1992-4,OK,28f9fdae64022ac31131285e17d9c8bf49fe92b4,30,5b839da1ebf8974ee3cf2251bbeb5960047d54feb94e3f73eb2e6a54db4d472d,,benefit_controls
mois_x3,detail,1,Entreprise,,,,,,,,,0.014,,,1992-4,OK,28f9fdae64022ac31131285e17d9c8bf49fe92b4,30,5b839da1ebf8974ee3cf2251bbeb5960047d54feb94e3f73eb2e6a54db4d472d,,hr_cases
mois_x3,detail,1,Entreprise,,,,,,,,,0.562,,,1992-4,OK,28f9fdae64022ac31131285e17d9c8bf49fe92b4,30,5b839da1ebf8974ee3cf2251bbeb5960047d54feb94e3f73eb2e6a54db4d472d,,financial_advice
mois_x3,detail,1,Entreprise,,,,,,,,,0.005,,,1992-4,OK,28f9fdae64022ac31131285e17d9c8bf49fe92b4,30,5b839da1ebf8974ee3cf2251bbeb5960047d54feb94e3f73eb2e6a54db4d472d,,division_data
mois_x3,detail,1,Entreprise,,,,,,,,,0.677,,,1992-4,OK,28f9fdae64022ac31131285e17d9c8bf49fe92b4,30,5b839da1ebf8974ee3cf2251bbeb5960047d54feb94e3f73eb2e6a54db4d472d,,division_delegation
mois_x3,detail,1,Entreprise,,,,,,,,,0.02,,,1992-4,OK,28f9fdae64022ac31131285e17d9c8bf49fe92b4,30,5b839da1ebf8974ee3cf2251bbeb5960047d54feb94e3f73eb2e6a54db4d472d,,marketing_hint
mois_x3,detail,1,Entreprise,,,,,,,,,0.108,,,1992-4,OK,28f9fdae64022ac31131285e17d9c8bf49fe92b4,30,5b839da1ebf8974ee3cf2251bbeb5960047d54feb94e3f73eb2e6a54db4d472d,,policy_controls
mois_x3,detail,1,Entreprise,,,,,,,,,0.124,,,1992-4,OK,28f9fdae64022ac31131285e17d9c8bf49fe92b4,30,5b839da1ebf8974ee3cf2251bbeb5960047d54feb94e3f73eb2e6a54db4d472d,,leader_choices
mois_x3,detail,1,Entreprise,,,,,,,,0.0,265.37,78.789,44.0810012817383,1992-4,OK,28f9fdae64022ac31131285e17d9c8bf49fe92b4,30,5b839da1ebf8974ee3cf2251bbeb5960047d54feb94e3f73eb2e6a54db4d472d,,SLOW_FRAME_0.27s
mois_x3,detail,1,Simulation,,,,,,,,,4.359,,,1992-4,OK,28f9fdae64022ac31131285e17d9c8bf49fe92b4,30,5b839da1ebf8974ee3cf2251bbeb5960047d54feb94e3f73eb2e6a54db4d472d,,company
mois_x3,detail,1,Simulation,,,,,,,,,0.122,,,1992-4,OK,28f9fdae64022ac31131285e17d9c8bf49fe92b4,30,5b839da1ebf8974ee3cf2251bbeb5960047d54feb94e3f73eb2e6a54db4d472d,,divisions
mois_x3,detail,1,Simulation,,,,,,,,,1.169,,,1992-4,OK,28f9fdae64022ac31131285e17d9c8bf49fe92b4,30,5b839da1ebf8974ee3cf2251bbeb5960047d54feb94e3f73eb2e6a54db4d472d,,personnel
mois_x3,detail,1,Simulation,,,,,,,,,8.315,,,1992-4,OK,28f9fdae64022ac31131285e17d9c8bf49fe92b4,30,5b839da1ebf8974ee3cf2251bbeb5960047d54feb94e3f73eb2e6a54db4d472d,,executive
mois_x3,detail,1,Simulation,,,,,,,,,0.134,,,1992-4,OK,28f9fdae64022ac31131285e17d9c8bf49fe92b4,30,5b839da1ebf8974ee3cf2251bbeb5960047d54feb94e3f73eb2e6a54db4d472d,,personnel_begin
mois_x3,detail,1,Simulation,,,,,,,,,0.767,,,1992-4,OK,28f9fdae64022ac31131285e17d9c8bf49fe92b4,30,5b839da1ebf8974ee3cf2251bbeb5960047d54feb94e3f73eb2e6a54db4d472d,,research
mois_x3,detail,1,Simulation,,,,,,,,,4.571,,,1992-4,OK,28f9fdae64022ac31131285e17d9c8bf49fe92b4,30,5b839da1ebf8974ee3cf2251bbeb5960047d54feb94e3f73eb2e6a54db4d472d,,software
mois_x3,detail,1,Simulation,,,,,,,,,0.008,,,1992-4,OK,28f9fdae64022ac31131285e17d9c8bf49fe92b4,30,5b839da1ebf8974ee3cf2251bbeb5960047d54feb94e3f73eb2e6a54db4d472d,,personnel_end
mois_x3,detail,1,Simulation,,,,,,,,,0.751,,,1992-4,OK,28f9fdae64022ac31131285e17d9c8bf49fe92b4,30,5b839da1ebf8974ee3cf2251bbeb5960047d54feb94e3f73eb2e6a54db4d472d,,foundry
mois_x3,detail,1,Simulation,,,,,,,,,0.038,,,1992-4,OK,28f9fdae64022ac31131285e17d9c8bf49fe92b4,30,5b839da1ebf8974ee3cf2251bbeb5960047d54feb94e3f73eb2e6a54db4d472d,,production
mois_x3,detail,1,Simulation,,,,,,,,,28.173,,,1992-4,OK,28f9fdae64022ac31131285e17d9c8bf49fe92b4,30,5b839da1ebf8974ee3cf2251bbeb5960047d54feb94e3f73eb2e6a54db4d472d,,products
mois_x3,detail,1,Simulation,,,,,,,,,0.183,,,1992-4,OK,28f9fdae64022ac31131285e17d9c8bf49fe92b4,30,5b839da1ebf8974ee3cf2251bbeb5960047d54feb94e3f73eb2e6a54db4d472d,,architecture
mois_x3,detail,1,Simulation,,,,,,,,,0.248,,,1992-4,OK,28f9fdae64022ac31131285e17d9c8bf49fe92b4,30,5b839da1ebf8974ee3cf2251bbeb5960047d54feb94e3f73eb2e6a54db4d472d,,supplier
mois_x3,detail,1,Simulation,,,,,,,,,0.007,,,1992-4,OK,28f9fdae64022ac31131285e17d9c8bf49fe92b4,30,5b839da1ebf8974ee3cf2251bbeb5960047d54feb94e3f73eb2e6a54db4d472d,,after_sales
mois_x3,detail,1,Simulation,,,,,,,,,2.313,,,1992-4,OK,28f9fdae64022ac31131285e17d9c8bf49fe92b4,30,5b839da1ebf8974ee3cf2251bbeb5960047d54feb94e3f73eb2e6a54db4d472d,,market
mois_x3,detail,1,Simulation,,,,,,,,,1.85,,,1992-4,OK,28f9fdae64022ac31131285e17d9c8bf49fe92b4,30,5b839da1ebf8974ee3cf2251bbeb5960047d54feb94e3f73eb2e6a54db4d472d,,components
mois_x3,detail,1,Simulation,,,,,,,,,0.011,,,1992-4,OK,28f9fdae64022ac31131285e17d9c8bf49fe92b4,30,5b839da1ebf8974ee3cf2251bbeb5960047d54feb94e3f73eb2e6a54db4d472d,,patents
mois_x3,detail,1,Simulation,,,,,,,,,0.063,,,1992-4,OK,28f9fdae64022ac31131285e17d9c8bf49fe92b4,30,5b839da1ebf8974ee3cf2251bbeb5960047d54feb94e3f73eb2e6a54db4d472d,,garage_business
mois_x3,detail,1,Simulation,,,,,,,,,0.01,,,1992-4,OK,28f9fdae64022ac31131285e17d9c8bf49fe92b4,30,5b839da1ebf8974ee3cf2251bbeb5960047d54feb94e3f73eb2e6a54db4d472d,,seasonal
mois_x3,detail,1,Simulation,,,,,,,,,0.278,,,1992-4,OK,28f9fdae64022ac31131285e17d9c8bf49fe92b4,30,5b839da1ebf8974ee3cf2251bbeb5960047d54feb94e3f73eb2e6a54db4d472d,,subsidiaries
mois_x3,detail,1,Simulation,,,,,,,,,0.372,,,1992-4,OK,28f9fdae64022ac31131285e17d9c8bf49fe92b4,30,5b839da1ebf8974ee3cf2251bbeb5960047d54feb94e3f73eb2e6a54db4d472d,,objectives
mois_x3,detail,1,Simulation,,,,,,,,,0.094,,,1992-4,OK,28f9fdae64022ac31131285e17d9c8bf49fe92b4,30,5b839da1ebf8974ee3cf2251bbeb5960047d54feb94e3f73eb2e6a54db4d472d,,economy_bookkeeping
mois_x3,detail,1,Entreprise,,,,,,,,,1.571,,,1992-4,OK,28f9fdae64022ac31131285e17d9c8bf49fe92b4,30,5b839da1ebf8974ee3cf2251bbeb5960047d54feb94e3f73eb2e6a54db4d472d,,scene_hero
mois_x3,detail,1,Entreprise,,,,,,,,,0.214,,,1992-4,OK,28f9fdae64022ac31131285e17d9c8bf49fe92b4,30,5b839da1ebf8974ee3cf2251bbeb5960047d54feb94e3f73eb2e6a54db4d472d,,branch_map
mois_x3,detail,1,Entreprise,,,,,,,,,1.799,,,1992-4,OK,28f9fdae64022ac31131285e17d9c8bf49fe92b4,30,5b839da1ebf8974ee3cf2251bbeb5960047d54feb94e3f73eb2e6a54db4d472d,,scene
mois_x3,detail,1,Entreprise,,,,,,,,,0.066,,,1992-4,OK,28f9fdae64022ac31131285e17d9c8bf49fe92b4,30,5b839da1ebf8974ee3cf2251bbeb5960047d54feb94e3f73eb2e6a54db4d472d,,unlocks
mois_x3,detail,1,Entreprise,,,,,,,,,0.399,,,1992-4,OK,28f9fdae64022ac31131285e17d9c8bf49fe92b4,30,5b839da1ebf8974ee3cf2251bbeb5960047d54feb94e3f73eb2e6a54db4d472d,,reputation
mois_x3,detail,1,Entreprise,,,,,,,,,0.665,,,1992-4,OK,28f9fdae64022ac31131285e17d9c8bf49fe92b4,30,5b839da1ebf8974ee3cf2251bbeb5960047d54feb94e3f73eb2e6a54db4d472d,,empire_clear
mois_x3,detail,1,Entreprise,,,,,,,,,1.436,,,1992-4,OK,28f9fdae64022ac31131285e17d9c8bf49fe92b4,30,5b839da1ebf8974ee3cf2251bbeb5960047d54feb94e3f73eb2e6a54db4d472d,,empire_header
mois_x3,detail,1,Entreprise,,,,,,,,,3.416,,,1992-4,OK,28f9fdae64022ac31131285e17d9c8bf49fe92b4,30,5b839da1ebf8974ee3cf2251bbeb5960047d54feb94e3f73eb2e6a54db4d472d,,empire_lines
mois_x3,detail,1,Entreprise,,,,,,,,,5.003,,,1992-4,OK,28f9fdae64022ac31131285e17d9c8bf49fe92b4,30,5b839da1ebf8974ee3cf2251bbeb5960047d54feb94e3f73eb2e6a54db4d472d,,empire_ranking
mois_x3,detail,1,Entreprise,,,,,,,,,7.561,,,1992-4,OK,28f9fdae64022ac31131285e17d9c8bf49fe92b4,30,5b839da1ebf8974ee3cf2251bbeb5960047d54feb94e3f73eb2e6a54db4d472d,,empire_trophies
mois_x3,detail,1,Entreprise,,,,,,,,,18.141,,,1992-4,OK,28f9fdae64022ac31131285e17d9c8bf49fe92b4,30,5b839da1ebf8974ee3cf2251bbeb5960047d54feb94e3f73eb2e6a54db4d472d,,empire
mois_x3,detail,1,Entreprise,,,,,,,,,2.563,,,1992-4,OK,28f9fdae64022ac31131285e17d9c8bf49fe92b4,30,5b839da1ebf8974ee3cf2251bbeb5960047d54feb94e3f73eb2e6a54db4d472d,,subsidiaries
mois_x3,detail,1,Entreprise,,,,,,,,,0.123,,,1992-4,OK,28f9fdae64022ac31131285e17d9c8bf49fe92b4,30,5b839da1ebf8974ee3cf2251bbeb5960047d54feb94e3f73eb2e6a54db4d472d,,subsidiary_sectors
mois_x3,detail,1,Entreprise,,,,,,,,,0.64,,,1992-4,OK,28f9fdae64022ac31131285e17d9c8bf49fe92b4,30,5b839da1ebf8974ee3cf2251bbeb5960047d54feb94e3f73eb2e6a54db4d472d,,objectives
mois_x3,detail,1,Entreprise,,,,,,,,,0.024,,,1992-4,OK,28f9fdae64022ac31131285e17d9c8bf49fe92b4,30,5b839da1ebf8974ee3cf2251bbeb5960047d54feb94e3f73eb2e6a54db4d472d,,executive_brief
mois_x3,detail,1,Entreprise,,,,,,,,,0.006,,,1992-4,OK,28f9fdae64022ac31131285e17d9c8bf49fe92b4,30,5b839da1ebf8974ee3cf2251bbeb5960047d54feb94e3f73eb2e6a54db4d472d,,workplace_and_meters
mois_x3,detail,1,Entreprise,,,,,,,,,0.043,,,1992-4,OK,28f9fdae64022ac31131285e17d9c8bf49fe92b4,30,5b839da1ebf8974ee3cf2251bbeb5960047d54feb94e3f73eb2e6a54db4d472d,,benefit_controls
mois_x3,detail,1,Entreprise,,,,,,,,,0.037,,,1992-4,OK,28f9fdae64022ac31131285e17d9c8bf49fe92b4,30,5b839da1ebf8974ee3cf2251bbeb5960047d54feb94e3f73eb2e6a54db4d472d,,hr_cases
mois_x3,detail,1,Entreprise,,,,,,,,,1.354,,,1992-4,OK,28f9fdae64022ac31131285e17d9c8bf49fe92b4,30,5b839da1ebf8974ee3cf2251bbeb5960047d54feb94e3f73eb2e6a54db4d472d,,financial_advice
mois_x3,detail,1,Entreprise,,,,,,,,,0.008,,,1992-4,OK,28f9fdae64022ac31131285e17d9c8bf49fe92b4,30,5b839da1ebf8974ee3cf2251bbeb5960047d54feb94e3f73eb2e6a54db4d472d,,division_data
mois_x3,detail,1,Entreprise,,,,,,,,,1.402,,,1992-4,OK,28f9fdae64022ac31131285e17d9c8bf49fe92b4,30,5b839da1ebf8974ee3cf2251bbeb5960047d54feb94e3f73eb2e6a54db4d472d,,division_delegation
mois_x3,detail,1,Entreprise,,,,,,,,,0.108,,,1992-4,OK,28f9fdae64022ac31131285e17d9c8bf49fe92b4,30,5b839da1ebf8974ee3cf2251bbeb5960047d54feb94e3f73eb2e6a54db4d472d,,marketing_hint
mois_x3,detail,1,Entreprise,,,,,,,,,0.143,,,1992-4,OK,28f9fdae64022ac31131285e17d9c8bf49fe92b4,30,5b839da1ebf8974ee3cf2251bbeb5960047d54feb94e3f73eb2e6a54db4d472d,,policy_controls
mois_x3,detail,1,Entreprise,,,,,,,,,0.343,,,1992-4,OK,28f9fdae64022ac31131285e17d9c8bf49fe92b4,30,5b839da1ebf8974ee3cf2251bbeb5960047d54feb94e3f73eb2e6a54db4d472d,,leader_choices
mois_x3,detail,1,Simulation,,,,,,,,,36.814,,,1992-4,OK,28f9fdae64022ac31131285e17d9c8bf49fe92b4,30,5b839da1ebf8974ee3cf2251bbeb5960047d54feb94e3f73eb2e6a54db4d472d,,economy_month_closed_callbacks
mois_x3,detail,1,Simulation,,,,,,,,,36.924,,,1992-4,OK,28f9fdae64022ac31131285e17d9c8bf49fe92b4,30,5b839da1ebf8974ee3cf2251bbeb5960047d54feb94e3f73eb2e6a54db4d472d,,economy_close_and_UI
mois_x3,detail,235,Entreprise,,,,,,,,54.668,123.839,36.337,13.8570003509521,1992-5,OK,28f9fdae64022ac31131285e17d9c8bf49fe92b4,30,5b839da1ebf8974ee3cf2251bbeb5960047d54feb94e3f73eb2e6a54db4d472d,,SLOW_FRAME_8.10s
mois_x3,detail,2,Simulation,,,,,,,,,4.021,,,1992-5,OK,28f9fdae64022ac31131285e17d9c8bf49fe92b4,30,5b839da1ebf8974ee3cf2251bbeb5960047d54feb94e3f73eb2e6a54db4d472d,,company
mois_x3,detail,2,Simulation,,,,,,,,,0.129,,,1992-5,OK,28f9fdae64022ac31131285e17d9c8bf49fe92b4,30,5b839da1ebf8974ee3cf2251bbeb5960047d54feb94e3f73eb2e6a54db4d472d,,divisions
mois_x3,detail,2,Simulation,,,,,,,,,1.089,,,1992-5,OK,28f9fdae64022ac31131285e17d9c8bf49fe92b4,30,5b839da1ebf8974ee3cf2251bbeb5960047d54feb94e3f73eb2e6a54db4d472d,,personnel
mois_x3,detail,2,Simulation,,,,,,,,,6.681,,,1992-5,OK,28f9fdae64022ac31131285e17d9c8bf49fe92b4,30,5b839da1ebf8974ee3cf2251bbeb5960047d54feb94e3f73eb2e6a54db4d472d,,executive
mois_x3,detail,2,Simulation,,,,,,,,,0.12,,,1992-5,OK,28f9fdae64022ac31131285e17d9c8bf49fe92b4,30,5b839da1ebf8974ee3cf2251bbeb5960047d54feb94e3f73eb2e6a54db4d472d,,personnel_begin
mois_x3,detail,2,Simulation,,,,,,,,,0.708,,,1992-5,OK,28f9fdae64022ac31131285e17d9c8bf49fe92b4,30,5b839da1ebf8974ee3cf2251bbeb5960047d54feb94e3f73eb2e6a54db4d472d,,research
mois_x3,detail,2,Simulation,,,,,,,,,3.757,,,1992-5,OK,28f9fdae64022ac31131285e17d9c8bf49fe92b4,30,5b839da1ebf8974ee3cf2251bbeb5960047d54feb94e3f73eb2e6a54db4d472d,,software
mois_x3,detail,2,Simulation,,,,,,,,,0.007,,,1992-5,OK,28f9fdae64022ac31131285e17d9c8bf49fe92b4,30,5b839da1ebf8974ee3cf2251bbeb5960047d54feb94e3f73eb2e6a54db4d472d,,personnel_end
mois_x3,detail,2,Simulation,,,,,,,,,0.905,,,1992-5,OK,28f9fdae64022ac31131285e17d9c8bf49fe92b4,30,5b839da1ebf8974ee3cf2251bbeb5960047d54feb94e3f73eb2e6a54db4d472d,,foundry
mois_x3,detail,2,Simulation,,,,,,,,,0.038,,,1992-5,OK,28f9fdae64022ac31131285e17d9c8bf49fe92b4,30,5b839da1ebf8974ee3cf2251bbeb5960047d54feb94e3f73eb2e6a54db4d472d,,production
mois_x3,detail,2,Simulation,,,,,,,,,19.747,,,1992-5,OK,28f9fdae64022ac31131285e17d9c8bf49fe92b4,30,5b839da1ebf8974ee3cf2251bbeb5960047d54feb94e3f73eb2e6a54db4d472d,,products
mois_x3,detail,2,Simulation,,,,,,,,,0.21,,,1992-5,OK,28f9fdae64022ac31131285e17d9c8bf49fe92b4,30,5b839da1ebf8974ee3cf2251bbeb5960047d54feb94e3f73eb2e6a54db4d472d,,architecture
mois_x3,detail,2,Simulation,,,,,,,,,0.265,,,1992-5,OK,28f9fdae64022ac31131285e17d9c8bf49fe92b4,30,5b839da1ebf8974ee3cf2251bbeb5960047d54feb94e3f73eb2e6a54db4d472d,,supplier
mois_x3,detail,2,Simulation,,,,,,,,,0.009,,,1992-5,OK,28f9fdae64022ac31131285e17d9c8bf49fe92b4,30,5b839da1ebf8974ee3cf2251bbeb5960047d54feb94e3f73eb2e6a54db4d472d,,after_sales
mois_x3,detail,2,Simulation,,,,,,,,,2.602,,,1992-5,OK,28f9fdae64022ac31131285e17d9c8bf49fe92b4,30,5b839da1ebf8974ee3cf2251bbeb5960047d54feb94e3f73eb2e6a54db4d472d,,market
mois_x3,detail,2,Simulation,,,,,,,,,2.016,,,1992-5,OK,28f9fdae64022ac31131285e17d9c8bf49fe92b4,30,5b839da1ebf8974ee3cf2251bbeb5960047d54feb94e3f73eb2e6a54db4d472d,,components
mois_x3,detail,2,Simulation,,,,,,,,,0.011,,,1992-5,OK,28f9fdae64022ac31131285e17d9c8bf49fe92b4,30,5b839da1ebf8974ee3cf2251bbeb5960047d54feb94e3f73eb2e6a54db4d472d,,patents
mois_x3,detail,2,Simulation,,,,,,,,,0.073,,,1992-5,OK,28f9fdae64022ac31131285e17d9c8bf49fe92b4,30,5b839da1ebf8974ee3cf2251bbeb5960047d54feb94e3f73eb2e6a54db4d472d,,garage_business
mois_x3,detail,2,Simulation,,,,,,,,,0.011,,,1992-5,OK,28f9fdae64022ac31131285e17d9c8bf49fe92b4,30,5b839da1ebf8974ee3cf2251bbeb5960047d54feb94e3f73eb2e6a54db4d472d,,seasonal
mois_x3,detail,2,Simulation,,,,,,,,,0.3,,,1992-5,OK,28f9fdae64022ac31131285e17d9c8bf49fe92b4,30,5b839da1ebf8974ee3cf2251bbeb5960047d54feb94e3f73eb2e6a54db4d472d,,subsidiaries
mois_x3,detail,2,Simulation,,,,,,,,,0.409,,,1992-5,OK,28f9fdae64022ac31131285e17d9c8bf49fe92b4,30,5b839da1ebf8974ee3cf2251bbeb5960047d54feb94e3f73eb2e6a54db4d472d,,objectives
mois_x3,detail,2,Simulation,,,,,,,,,0.091,,,1992-5,OK,28f9fdae64022ac31131285e17d9c8bf49fe92b4,30,5b839da1ebf8974ee3cf2251bbeb5960047d54feb94e3f73eb2e6a54db4d472d,,economy_bookkeeping
mois_x3,detail,2,Entreprise,,,,,,,,,1.479,,,1992-5,OK,28f9fdae64022ac31131285e17d9c8bf49fe92b4,30,5b839da1ebf8974ee3cf2251bbeb5960047d54feb94e3f73eb2e6a54db4d472d,,scene_hero
mois_x3,detail,2,Entreprise,,,,,,,,,0.236,,,1992-5,OK,28f9fdae64022ac31131285e17d9c8bf49fe92b4,30,5b839da1ebf8974ee3cf2251bbeb5960047d54feb94e3f73eb2e6a54db4d472d,,branch_map
mois_x3,detail,2,Entreprise,,,,,,,,,1.729,,,1992-5,OK,28f9fdae64022ac31131285e17d9c8bf49fe92b4,30,5b839da1ebf8974ee3cf2251bbeb5960047d54feb94e3f73eb2e6a54db4d472d,,scene
mois_x3,detail,2,Entreprise,,,,,,,,,0.07,,,1992-5,OK,28f9fdae64022ac31131285e17d9c8bf49fe92b4,30,5b839da1ebf8974ee3cf2251bbeb5960047d54feb94e3f73eb2e6a54db4d472d,,unlocks
mois_x3,detail,2,Entreprise,,,,,,,,,0.505,,,1992-5,OK,28f9fdae64022ac31131285e17d9c8bf49fe92b4,30,5b839da1ebf8974ee3cf2251bbeb5960047d54feb94e3f73eb2e6a54db4d472d,,reputation
mois_x3,detail,2,Entreprise,,,,,,,,,0.884,,,1992-5,OK,28f9fdae64022ac31131285e17d9c8bf49fe92b4,30,5b839da1ebf8974ee3cf2251bbeb5960047d54feb94e3f73eb2e6a54db4d472d,,empire_clear
mois_x3,detail,2,Entreprise,,,,,,,,,1.503,,,1992-5,OK,28f9fdae64022ac31131285e17d9c8bf49fe92b4,30,5b839da1ebf8974ee3cf2251bbeb5960047d54feb94e3f73eb2e6a54db4d472d,,empire_header
mois_x3,detail,2,Entreprise,,,,,,,,,3.97,,,1992-5,OK,28f9fdae64022ac31131285e17d9c8bf49fe92b4,30,5b839da1ebf8974ee3cf2251bbeb5960047d54feb94e3f73eb2e6a54db4d472d,,empire_lines
mois_x3,detail,2,Entreprise,,,,,,,,,5.265,,,1992-5,OK,28f9fdae64022ac31131285e17d9c8bf49fe92b4,30,5b839da1ebf8974ee3cf2251bbeb5960047d54feb94e3f73eb2e6a54db4d472d,,empire_ranking
mois_x3,detail,2,Entreprise,,,,,,,,,7.16,,,1992-5,OK,28f9fdae64022ac31131285e17d9c8bf49fe92b4,30,5b839da1ebf8974ee3cf2251bbeb5960047d54feb94e3f73eb2e6a54db4d472d,,empire_trophies
mois_x3,detail,2,Entreprise,,,,,,,,,18.844,,,1992-5,OK,28f9fdae64022ac31131285e17d9c8bf49fe92b4,30,5b839da1ebf8974ee3cf2251bbeb5960047d54feb94e3f73eb2e6a54db4d472d,,empire
mois_x3,detail,2,Entreprise,,,,,,,,,3.277,,,1992-5,OK,28f9fdae64022ac31131285e17d9c8bf49fe92b4,30,5b839da1ebf8974ee3cf2251bbeb5960047d54feb94e3f73eb2e6a54db4d472d,,subsidiaries
mois_x3,detail,2,Entreprise,,,,,,,,,0.135,,,1992-5,OK,28f9fdae64022ac31131285e17d9c8bf49fe92b4,30,5b839da1ebf8974ee3cf2251bbeb5960047d54feb94e3f73eb2e6a54db4d472d,,subsidiary_sectors
mois_x3,detail,2,Entreprise,,,,,,,,,0.649,,,1992-5,OK,28f9fdae64022ac31131285e17d9c8bf49fe92b4,30,5b839da1ebf8974ee3cf2251bbeb5960047d54feb94e3f73eb2e6a54db4d472d,,objectives
mois_x3,detail,2,Entreprise,,,,,,,,,0.014,,,1992-5,OK,28f9fdae64022ac31131285e17d9c8bf49fe92b4,30,5b839da1ebf8974ee3cf2251bbeb5960047d54feb94e3f73eb2e6a54db4d472d,,executive_brief
mois_x3,detail,2,Entreprise,,,,,,,,,0.004,,,1992-5,OK,28f9fdae64022ac31131285e17d9c8bf49fe92b4,30,5b839da1ebf8974ee3cf2251bbeb5960047d54feb94e3f73eb2e6a54db4d472d,,workplace_and_meters
mois_x3,detail,2,Entreprise,,,,,,,,,0.026,,,1992-5,OK,28f9fdae64022ac31131285e17d9c8bf49fe92b4,30,5b839da1ebf8974ee3cf2251bbeb5960047d54feb94e3f73eb2e6a54db4d472d,,benefit_controls
mois_x3,detail,2,Entreprise,,,,,,,,,0.02,,,1992-5,OK,28f9fdae64022ac31131285e17d9c8bf49fe92b4,30,5b839da1ebf8974ee3cf2251bbeb5960047d54feb94e3f73eb2e6a54db4d472d,,hr_cases
mois_x3,detail,2,Entreprise,,,,,,,,,1.789,,,1992-5,OK,28f9fdae64022ac31131285e17d9c8bf49fe92b4,30,5b839da1ebf8974ee3cf2251bbeb5960047d54feb94e3f73eb2e6a54db4d472d,,financial_advice
mois_x3,detail,2,Entreprise,,,,,,,,,0.005,,,1992-5,OK,28f9fdae64022ac31131285e17d9c8bf49fe92b4,30,5b839da1ebf8974ee3cf2251bbeb5960047d54feb94e3f73eb2e6a54db4d472d,,division_data
mois_x3,detail,2,Entreprise,,,,,,,,,0.89,,,1992-5,OK,28f9fdae64022ac31131285e17d9c8bf49fe92b4,30,5b839da1ebf8974ee3cf2251bbeb5960047d54feb94e3f73eb2e6a54db4d472d,,division_delegation
mois_x3,detail,2,Entreprise,,,,,,,,,0.071,,,1992-5,OK,28f9fdae64022ac31131285e17d9c8bf49fe92b4,30,5b839da1ebf8974ee3cf2251bbeb5960047d54feb94e3f73eb2e6a54db4d472d,,marketing_hint
mois_x3,detail,2,Entreprise,,,,,,,,,0.091,,,1992-5,OK,28f9fdae64022ac31131285e17d9c8bf49fe92b4,30,5b839da1ebf8974ee3cf2251bbeb5960047d54feb94e3f73eb2e6a54db4d472d,,policy_controls
mois_x3,detail,2,Entreprise,,,,,,,,,0.164,,,1992-5,OK,28f9fdae64022ac31131285e17d9c8bf49fe92b4,30,5b839da1ebf8974ee3cf2251bbeb5960047d54feb94e3f73eb2e6a54db4d472d,,leader_choices
mois_x3,detail,2,Simulation,,,,,,,,,36.716,,,1992-5,OK,28f9fdae64022ac31131285e17d9c8bf49fe92b4,30,5b839da1ebf8974ee3cf2251bbeb5960047d54feb94e3f73eb2e6a54db4d472d,,economy_month_closed_callbacks
mois_x3,detail,2,Simulation,,,,,,,,,36.818,,,1992-5,OK,28f9fdae64022ac31131285e17d9c8bf49fe92b4,30,5b839da1ebf8974ee3cf2251bbeb5960047d54feb94e3f73eb2e6a54db4d472d,,economy_close_and_UI
mois_x3,detail,473,Entreprise,,,,,,,,43.834,114.075,36.441,12.6199998855591,1992-6,OK,28f9fdae64022ac31131285e17d9c8bf49fe92b4,30,5b839da1ebf8974ee3cf2251bbeb5960047d54feb94e3f73eb2e6a54db4d472d,,SLOW_FRAME_16.09s
mois_x3,detail,3,Simulation,,,,,,,,,3.355,,,1992-6,OK,28f9fdae64022ac31131285e17d9c8bf49fe92b4,30,5b839da1ebf8974ee3cf2251bbeb5960047d54feb94e3f73eb2e6a54db4d472d,,company
mois_x3,detail,3,Simulation,,,,,,,,,0.119,,,1992-6,OK,28f9fdae64022ac31131285e17d9c8bf49fe92b4,30,5b839da1ebf8974ee3cf2251bbeb5960047d54feb94e3f73eb2e6a54db4d472d,,divisions
mois_x3,detail,3,Simulation,,,,,,,,,0.963,,,1992-6,OK,28f9fdae64022ac31131285e17d9c8bf49fe92b4,30,5b839da1ebf8974ee3cf2251bbeb5960047d54feb94e3f73eb2e6a54db4d472d,,personnel
mois_x3,detail,3,Simulation,,,,,,,,,5.743,,,1992-6,OK,28f9fdae64022ac31131285e17d9c8bf49fe92b4,30,5b839da1ebf8974ee3cf2251bbeb5960047d54feb94e3f73eb2e6a54db4d472d,,executive
mois_x3,detail,3,Simulation,,,,,,,,,0.114,,,1992-6,OK,28f9fdae64022ac31131285e17d9c8bf49fe92b4,30,5b839da1ebf8974ee3cf2251bbeb5960047d54feb94e3f73eb2e6a54db4d472d,,personnel_begin
mois_x3,detail,3,Simulation,,,,,,,,,0.674,,,1992-6,OK,28f9fdae64022ac31131285e17d9c8bf49fe92b4,30,5b839da1ebf8974ee3cf2251bbeb5960047d54feb94e3f73eb2e6a54db4d472d,,research
mois_x3,detail,3,Simulation,,,,,,,,,4.549,,,1992-6,OK,28f9fdae64022ac31131285e17d9c8bf49fe92b4,30,5b839da1ebf8974ee3cf2251bbeb5960047d54feb94e3f73eb2e6a54db4d472d,,software
mois_x3,detail,3,Simulation,,,,,,,,,0.011,,,1992-6,OK,28f9fdae64022ac31131285e17d9c8bf49fe92b4,30,5b839da1ebf8974ee3cf2251bbeb5960047d54feb94e3f73eb2e6a54db4d472d,,personnel_end
mois_x3,detail,3,Simulation,,,,,,,,,0.827,,,1992-6,OK,28f9fdae64022ac31131285e17d9c8bf49fe92b4,30,5b839da1ebf8974ee3cf2251bbeb5960047d54feb94e3f73eb2e6a54db4d472d,,foundry
mois_x3,detail,3,Simulation,,,,,,,,,0.035,,,1992-6,OK,28f9fdae64022ac31131285e17d9c8bf49fe92b4,30,5b839da1ebf8974ee3cf2251bbeb5960047d54feb94e3f73eb2e6a54db4d472d,,production
mois_x3,detail,3,Simulation,,,,,,,,,20.45,,,1992-6,OK,28f9fdae64022ac31131285e17d9c8bf49fe92b4,30,5b839da1ebf8974ee3cf2251bbeb5960047d54feb94e3f73eb2e6a54db4d472d,,products
mois_x3,detail,3,Simulation,,,,,,,,,0.232,,,1992-6,OK,28f9fdae64022ac31131285e17d9c8bf49fe92b4,30,5b839da1ebf8974ee3cf2251bbeb5960047d54feb94e3f73eb2e6a54db4d472d,,architecture
mois_x3,detail,3,Simulation,,,,,,,,,0.321,,,1992-6,OK,28f9fdae64022ac31131285e17d9c8bf49fe92b4,30,5b839da1ebf8974ee3cf2251bbeb5960047d54feb94e3f73eb2e6a54db4d472d,,supplier
mois_x3,detail,3,Simulation,,,,,,,,,0.01,,,1992-6,OK,28f9fdae64022ac31131285e17d9c8bf49fe92b4,30,5b839da1ebf8974ee3cf2251bbeb5960047d54feb94e3f73eb2e6a54db4d472d,,after_sales
mois_x3,detail,3,Simulation,,,,,,,,,2.741,,,1992-6,OK,28f9fdae64022ac31131285e17d9c8bf49fe92b4,30,5b839da1ebf8974ee3cf2251bbeb5960047d54feb94e3f73eb2e6a54db4d472d,,market
mois_x3,detail,3,Simulation,,,,,,,,,1.857,,,1992-6,OK,28f9fdae64022ac31131285e17d9c8bf49fe92b4,30,5b839da1ebf8974ee3cf2251bbeb5960047d54feb94e3f73eb2e6a54db4d472d,,components
mois_x3,detail,3,Simulation,,,,,,,,,0.012,,,1992-6,OK,28f9fdae64022ac31131285e17d9c8bf49fe92b4,30,5b839da1ebf8974ee3cf2251bbeb5960047d54feb94e3f73eb2e6a54db4d472d,,patents
mois_x3,detail,3,Simulation,,,,,,,,,0.069,,,1992-6,OK,28f9fdae64022ac31131285e17d9c8bf49fe92b4,30,5b839da1ebf8974ee3cf2251bbeb5960047d54feb94e3f73eb2e6a54db4d472d,,garage_business
mois_x3,detail,3,Simulation,,,,,,,,,0.011,,,1992-6,OK,28f9fdae64022ac31131285e17d9c8bf49fe92b4,30,5b839da1ebf8974ee3cf2251bbeb5960047d54feb94e3f73eb2e6a54db4d472d,,seasonal
mois_x3,detail,3,Simulation,,,,,,,,,0.304,,,1992-6,OK,28f9fdae64022ac31131285e17d9c8bf49fe92b4,30,5b839da1ebf8974ee3cf2251bbeb5960047d54feb94e3f73eb2e6a54db4d472d,,subsidiaries
mois_x3,detail,3,Simulation,,,,,,,,,0.415,,,1992-6,OK,28f9fdae64022ac31131285e17d9c8bf49fe92b4,30,5b839da1ebf8974ee3cf2251bbeb5960047d54feb94e3f73eb2e6a54db4d472d,,objectives
mois_x3,detail,3,Simulation,,,,,,,,,0.087,,,1992-6,OK,28f9fdae64022ac31131285e17d9c8bf49fe92b4,30,5b839da1ebf8974ee3cf2251bbeb5960047d54feb94e3f73eb2e6a54db4d472d,,economy_bookkeeping
mois_x3,detail,3,Entreprise,,,,,,,,,43.474,,,1992-6,OK,28f9fdae64022ac31131285e17d9c8bf49fe92b4,30,5b839da1ebf8974ee3cf2251bbeb5960047d54feb94e3f73eb2e6a54db4d472d,,scene_hero
mois_x3,detail,3,Entreprise,,,,,,,,,0.196,,,1992-6,OK,28f9fdae64022ac31131285e17d9c8bf49fe92b4,30,5b839da1ebf8974ee3cf2251bbeb5960047d54feb94e3f73eb2e6a54db4d472d,,branch_map
mois_x3,detail,3,Entreprise,,,,,,,,,43.69,,,1992-6,OK,28f9fdae64022ac31131285e17d9c8bf49fe92b4,30,5b839da1ebf8974ee3cf2251bbeb5960047d54feb94e3f73eb2e6a54db4d472d,,scene
mois_x3,detail,3,Entreprise,,,,,,,,,0.071,,,1992-6,OK,28f9fdae64022ac31131285e17d9c8bf49fe92b4,30,5b839da1ebf8974ee3cf2251bbeb5960047d54feb94e3f73eb2e6a54db4d472d,,unlocks
mois_x3,detail,3,Entreprise,,,,,,,,,0.402,,,1992-6,OK,28f9fdae64022ac31131285e17d9c8bf49fe92b4,30,5b839da1ebf8974ee3cf2251bbeb5960047d54feb94e3f73eb2e6a54db4d472d,,reputation
mois_x3,detail,3,Entreprise,,,,,,,,,0.794,,,1992-6,OK,28f9fdae64022ac31131285e17d9c8bf49fe92b4,30,5b839da1ebf8974ee3cf2251bbeb5960047d54feb94e3f73eb2e6a54db4d472d,,empire_clear
mois_x3,detail,3,Entreprise,,,,,,,,,1.498,,,1992-6,OK,28f9fdae64022ac31131285e17d9c8bf49fe92b4,30,5b839da1ebf8974ee3cf2251bbeb5960047d54feb94e3f73eb2e6a54db4d472d,,empire_header
mois_x3,detail,3,Entreprise,,,,,,,,,4.283,,,1992-6,OK,28f9fdae64022ac31131285e17d9c8bf49fe92b4,30,5b839da1ebf8974ee3cf2251bbeb5960047d54feb94e3f73eb2e6a54db4d472d,,empire_lines
mois_x3,detail,3,Entreprise,,,,,,,,,3.207,,,1992-6,OK,28f9fdae64022ac31131285e17d9c8bf49fe92b4,30,5b839da1ebf8974ee3cf2251bbeb5960047d54feb94e3f73eb2e6a54db4d472d,,empire_ranking
mois_x3,detail,3,Entreprise,,,,,,,,,4.771,,,1992-6,OK,28f9fdae64022ac31131285e17d9c8bf49fe92b4,30,5b839da1ebf8974ee3cf2251bbeb5960047d54feb94e3f73eb2e6a54db4d472d,,empire_trophies
mois_x3,detail,3,Entreprise,,,,,,,,,14.601,,,1992-6,OK,28f9fdae64022ac31131285e17d9c8bf49fe92b4,30,5b839da1ebf8974ee3cf2251bbeb5960047d54feb94e3f73eb2e6a54db4d472d,,empire
mois_x3,detail,3,Entreprise,,,,,,,,,2.369,,,1992-6,OK,28f9fdae64022ac31131285e17d9c8bf49fe92b4,30,5b839da1ebf8974ee3cf2251bbeb5960047d54feb94e3f73eb2e6a54db4d472d,,subsidiaries
mois_x3,detail,3,Entreprise,,,,,,,,,0.096,,,1992-6,OK,28f9fdae64022ac31131285e17d9c8bf49fe92b4,30,5b839da1ebf8974ee3cf2251bbeb5960047d54feb94e3f73eb2e6a54db4d472d,,subsidiary_sectors
mois_x3,detail,3,Entreprise,,,,,,,,,0.548,,,1992-6,OK,28f9fdae64022ac31131285e17d9c8bf49fe92b4,30,5b839da1ebf8974ee3cf2251bbeb5960047d54feb94e3f73eb2e6a54db4d472d,,objectives
mois_x3,detail,3,Entreprise,,,,,,,,,0.008,,,1992-6,OK,28f9fdae64022ac31131285e17d9c8bf49fe92b4,30,5b839da1ebf8974ee3cf2251bbeb5960047d54feb94e3f73eb2e6a54db4d472d,,executive_brief
mois_x3,detail,3,Entreprise,,,,,,,,,0.003,,,1992-6,OK,28f9fdae64022ac31131285e17d9c8bf49fe92b4,30,5b839da1ebf8974ee3cf2251bbeb5960047d54feb94e3f73eb2e6a54db4d472d,,workplace_and_meters
mois_x3,detail,3,Entreprise,,,,,,,,,0.019,,,1992-6,OK,28f9fdae64022ac31131285e17d9c8bf49fe92b4,30,5b839da1ebf8974ee3cf2251bbeb5960047d54feb94e3f73eb2e6a54db4d472d,,benefit_controls
mois_x3,detail,3,Entreprise,,,,,,,,,0.015,,,1992-6,OK,28f9fdae64022ac31131285e17d9c8bf49fe92b4,30,5b839da1ebf8974ee3cf2251bbeb5960047d54feb94e3f73eb2e6a54db4d472d,,hr_cases
mois_x3,detail,3,Entreprise,,,,,,,,,0.673,,,1992-6,OK,28f9fdae64022ac31131285e17d9c8bf49fe92b4,30,5b839da1ebf8974ee3cf2251bbeb5960047d54feb94e3f73eb2e6a54db4d472d,,financial_advice
mois_x3,detail,3,Entreprise,,,,,,,,,0.004,,,1992-6,OK,28f9fdae64022ac31131285e17d9c8bf49fe92b4,30,5b839da1ebf8974ee3cf2251bbeb5960047d54feb94e3f73eb2e6a54db4d472d,,division_data
mois_x3,detail,3,Entreprise,,,,,,,,,0.663,,,1992-6,OK,28f9fdae64022ac31131285e17d9c8bf49fe92b4,30,5b839da1ebf8974ee3cf2251bbeb5960047d54feb94e3f73eb2e6a54db4d472d,,division_delegation
mois_x3,detail,3,Entreprise,,,,,,,,,0.051,,,1992-6,OK,28f9fdae64022ac31131285e17d9c8bf49fe92b4,30,5b839da1ebf8974ee3cf2251bbeb5960047d54feb94e3f73eb2e6a54db4d472d,,marketing_hint
mois_x3,detail,3,Entreprise,,,,,,,,,0.068,,,1992-6,OK,28f9fdae64022ac31131285e17d9c8bf49fe92b4,30,5b839da1ebf8974ee3cf2251bbeb5960047d54feb94e3f73eb2e6a54db4d472d,,policy_controls
mois_x3,detail,3,Entreprise,,,,,,,,,0.134,,,1992-6,OK,28f9fdae64022ac31131285e17d9c8bf49fe92b4,30,5b839da1ebf8974ee3cf2251bbeb5960047d54feb94e3f73eb2e6a54db4d472d,,leader_choices
mois_x3,detail,3,Simulation,,,,,,,,,70.625,,,1992-6,OK,28f9fdae64022ac31131285e17d9c8bf49fe92b4,30,5b839da1ebf8974ee3cf2251bbeb5960047d54feb94e3f73eb2e6a54db4d472d,,economy_month_closed_callbacks
mois_x3,detail,3,Simulation,,,,,,,,,70.723,,,1992-6,OK,28f9fdae64022ac31131285e17d9c8bf49fe92b4,30,5b839da1ebf8974ee3cf2251bbeb5960047d54feb94e3f73eb2e6a54db4d472d,,economy_close_and_UI
mois_x3,detail,711,Entreprise,,,,,,,,43.589,147.208,70.368,13.951000213623,1992-7,OK,28f9fdae64022ac31131285e17d9c8bf49fe92b4,30,5b839da1ebf8974ee3cf2251bbeb5960047d54feb94e3f73eb2e6a54db4d472d,,SLOW_FRAME_24.11s
mois_x3,detail,4,Simulation,,,,,,,,,4.287,,,1992-7,OK,28f9fdae64022ac31131285e17d9c8bf49fe92b4,30,5b839da1ebf8974ee3cf2251bbeb5960047d54feb94e3f73eb2e6a54db4d472d,,company
mois_x3,detail,4,Simulation,,,,,,,,,0.134,,,1992-7,OK,28f9fdae64022ac31131285e17d9c8bf49fe92b4,30,5b839da1ebf8974ee3cf2251bbeb5960047d54feb94e3f73eb2e6a54db4d472d,,divisions
mois_x3,detail,4,Simulation,,,,,,,,,1.245,,,1992-7,OK,28f9fdae64022ac31131285e17d9c8bf49fe92b4,30,5b839da1ebf8974ee3cf2251bbeb5960047d54feb94e3f73eb2e6a54db4d472d,,personnel
mois_x3,detail,4,Simulation,,,,,,,,,7.459,,,1992-7,OK,28f9fdae64022ac31131285e17d9c8bf49fe92b4,30,5b839da1ebf8974ee3cf2251bbeb5960047d54feb94e3f73eb2e6a54db4d472d,,executive
mois_x3,detail,4,Simulation,,,,,,,,,0.127,,,1992-7,OK,28f9fdae64022ac31131285e17d9c8bf49fe92b4,30,5b839da1ebf8974ee3cf2251bbeb5960047d54feb94e3f73eb2e6a54db4d472d,,personnel_begin
mois_x3,detail,4,Simulation,,,,,,,,,0.804,,,1992-7,OK,28f9fdae64022ac31131285e17d9c8bf49fe92b4,30,5b839da1ebf8974ee3cf2251bbeb5960047d54feb94e3f73eb2e6a54db4d472d,,research
mois_x3,detail,4,Simulation,,,,,,,,,4.437,,,1992-7,OK,28f9fdae64022ac31131285e17d9c8bf49fe92b4,30,5b839da1ebf8974ee3cf2251bbeb5960047d54feb94e3f73eb2e6a54db4d472d,,software
mois_x3,detail,4,Simulation,,,,,,,,,0.007,,,1992-7,OK,28f9fdae64022ac31131285e17d9c8bf49fe92b4,30,5b839da1ebf8974ee3cf2251bbeb5960047d54feb94e3f73eb2e6a54db4d472d,,personnel_end
mois_x3,detail,4,Simulation,,,,,,,,,0.794,,,1992-7,OK,28f9fdae64022ac31131285e17d9c8bf49fe92b4,30,5b839da1ebf8974ee3cf2251bbeb5960047d54feb94e3f73eb2e6a54db4d472d,,foundry
mois_x3,detail,4,Simulation,,,,,,,,,0.039,,,1992-7,OK,28f9fdae64022ac31131285e17d9c8bf49fe92b4,30,5b839da1ebf8974ee3cf2251bbeb5960047d54feb94e3f73eb2e6a54db4d472d,,production
mois_x3,detail,4,Simulation,,,,,,,,,18.91,,,1992-7,OK,28f9fdae64022ac31131285e17d9c8bf49fe92b4,30,5b839da1ebf8974ee3cf2251bbeb5960047d54feb94e3f73eb2e6a54db4d472d,,products
mois_x3,detail,4,Simulation,,,,,,,,,0.213,,,1992-7,OK,28f9fdae64022ac31131285e17d9c8bf49fe92b4,30,5b839da1ebf8974ee3cf2251bbeb5960047d54feb94e3f73eb2e6a54db4d472d,,architecture
mois_x3,detail,4,Simulation,,,,,,,,,0.291,,,1992-7,OK,28f9fdae64022ac31131285e17d9c8bf49fe92b4,30,5b839da1ebf8974ee3cf2251bbeb5960047d54feb94e3f73eb2e6a54db4d472d,,supplier
mois_x3,detail,4,Simulation,,,,,,,,,0.01,,,1992-7,OK,28f9fdae64022ac31131285e17d9c8bf49fe92b4,30,5b839da1ebf8974ee3cf2251bbeb5960047d54feb94e3f73eb2e6a54db4d472d,,after_sales
mois_x3,detail,4,Simulation,,,,,,,,,4.749,,,1992-7,OK,28f9fdae64022ac31131285e17d9c8bf49fe92b4,30,5b839da1ebf8974ee3cf2251bbeb5960047d54feb94e3f73eb2e6a54db4d472d,,market
mois_x3,detail,4,Simulation,,,,,,,,,2.406,,,1992-7,OK,28f9fdae64022ac31131285e17d9c8bf49fe92b4,30,5b839da1ebf8974ee3cf2251bbeb5960047d54feb94e3f73eb2e6a54db4d472d,,components
mois_x3,detail,4,Simulation,,,,,,,,,0.018,,,1992-7,OK,28f9fdae64022ac31131285e17d9c8bf49fe92b4,30,5b839da1ebf8974ee3cf2251bbeb5960047d54feb94e3f73eb2e6a54db4d472d,,patents
mois_x3,detail,4,Simulation,,,,,,,,,0.068,,,1992-7,OK,28f9fdae64022ac31131285e17d9c8bf49fe92b4,30,5b839da1ebf8974ee3cf2251bbeb5960047d54feb94e3f73eb2e6a54db4d472d,,garage_business
mois_x3,detail,4,Simulation,,,,,,,,,0.024,,,1992-7,OK,28f9fdae64022ac31131285e17d9c8bf49fe92b4,30,5b839da1ebf8974ee3cf2251bbeb5960047d54feb94e3f73eb2e6a54db4d472d,,seasonal
mois_x3,detail,4,Simulation,,,,,,,,,0.308,,,1992-7,OK,28f9fdae64022ac31131285e17d9c8bf49fe92b4,30,5b839da1ebf8974ee3cf2251bbeb5960047d54feb94e3f73eb2e6a54db4d472d,,subsidiaries
mois_x3,detail,4,Simulation,,,,,,,,,0.474,,,1992-7,OK,28f9fdae64022ac31131285e17d9c8bf49fe92b4,30,5b839da1ebf8974ee3cf2251bbeb5960047d54feb94e3f73eb2e6a54db4d472d,,objectives
mois_x3,detail,4,Simulation,,,,,,,,,0.1,,,1992-7,OK,28f9fdae64022ac31131285e17d9c8bf49fe92b4,30,5b839da1ebf8974ee3cf2251bbeb5960047d54feb94e3f73eb2e6a54db4d472d,,economy_bookkeeping
mois_x3,detail,4,Entreprise,,,,,,,,,1.394,,,1992-7,OK,28f9fdae64022ac31131285e17d9c8bf49fe92b4,30,5b839da1ebf8974ee3cf2251bbeb5960047d54feb94e3f73eb2e6a54db4d472d,,scene_hero
mois_x3,detail,4,Entreprise,,,,,,,,,0.215,,,1992-7,OK,28f9fdae64022ac31131285e17d9c8bf49fe92b4,30,5b839da1ebf8974ee3cf2251bbeb5960047d54feb94e3f73eb2e6a54db4d472d,,branch_map
mois_x3,detail,4,Entreprise,,,,,,,,,1.623,,,1992-7,OK,28f9fdae64022ac31131285e17d9c8bf49fe92b4,30,5b839da1ebf8974ee3cf2251bbeb5960047d54feb94e3f73eb2e6a54db4d472d,,scene
mois_x3,detail,4,Entreprise,,,,,,,,,0.064,,,1992-7,OK,28f9fdae64022ac31131285e17d9c8bf49fe92b4,30,5b839da1ebf8974ee3cf2251bbeb5960047d54feb94e3f73eb2e6a54db4d472d,,unlocks
mois_x3,detail,4,Entreprise,,,,,,,,,0.466,,,1992-7,OK,28f9fdae64022ac31131285e17d9c8bf49fe92b4,30,5b839da1ebf8974ee3cf2251bbeb5960047d54feb94e3f73eb2e6a54db4d472d,,reputation
mois_x3,detail,4,Entreprise,,,,,,,,,0.659,,,1992-7,OK,28f9fdae64022ac31131285e17d9c8bf49fe92b4,30,5b839da1ebf8974ee3cf2251bbeb5960047d54feb94e3f73eb2e6a54db4d472d,,empire_clear
mois_x3,detail,4,Entreprise,,,,,,,,,1.428,,,1992-7,OK,28f9fdae64022ac31131285e17d9c8bf49fe92b4,30,5b839da1ebf8974ee3cf2251bbeb5960047d54feb94e3f73eb2e6a54db4d472d,,empire_header
mois_x3,detail,4,Entreprise,,,,,,,,,3.454,,,1992-7,OK,28f9fdae64022ac31131285e17d9c8bf49fe92b4,30,5b839da1ebf8974ee3cf2251bbeb5960047d54feb94e3f73eb2e6a54db4d472d,,empire_lines
mois_x3,detail,4,Entreprise,,,,,,,,,5.276,,,1992-7,OK,28f9fdae64022ac31131285e17d9c8bf49fe92b4,30,5b839da1ebf8974ee3cf2251bbeb5960047d54feb94e3f73eb2e6a54db4d472d,,empire_ranking
mois_x3,detail,4,Entreprise,,,,,,,,,7.707,,,1992-7,OK,28f9fdae64022ac31131285e17d9c8bf49fe92b4,30,5b839da1ebf8974ee3cf2251bbeb5960047d54feb94e3f73eb2e6a54db4d472d,,empire_trophies
mois_x3,detail,4,Entreprise,,,,,,,,,18.58,,,1992-7,OK,28f9fdae64022ac31131285e17d9c8bf49fe92b4,30,5b839da1ebf8974ee3cf2251bbeb5960047d54feb94e3f73eb2e6a54db4d472d,,empire
mois_x3,detail,4,Entreprise,,,,,,,,,3.477,,,1992-7,OK,28f9fdae64022ac31131285e17d9c8bf49fe92b4,30,5b839da1ebf8974ee3cf2251bbeb5960047d54feb94e3f73eb2e6a54db4d472d,,subsidiaries
mois_x3,detail,4,Entreprise,,,,,,,,,0.135,,,1992-7,OK,28f9fdae64022ac31131285e17d9c8bf49fe92b4,30,5b839da1ebf8974ee3cf2251bbeb5960047d54feb94e3f73eb2e6a54db4d472d,,subsidiary_sectors
mois_x3,detail,4,Entreprise,,,,,,,,,0.631,,,1992-7,OK,28f9fdae64022ac31131285e17d9c8bf49fe92b4,30,5b839da1ebf8974ee3cf2251bbeb5960047d54feb94e3f73eb2e6a54db4d472d,,objectives
mois_x3,detail,4,Entreprise,,,,,,,,,0.013,,,1992-7,OK,28f9fdae64022ac31131285e17d9c8bf49fe92b4,30,5b839da1ebf8974ee3cf2251bbeb5960047d54feb94e3f73eb2e6a54db4d472d,,executive_brief
mois_x3,detail,4,Entreprise,,,,,,,,,0.003,,,1992-7,OK,28f9fdae64022ac31131285e17d9c8bf49fe92b4,30,5b839da1ebf8974ee3cf2251bbeb5960047d54feb94e3f73eb2e6a54db4d472d,,workplace_and_meters
mois_x3,detail,4,Entreprise,,,,,,,,,0.024,,,1992-7,OK,28f9fdae64022ac31131285e17d9c8bf49fe92b4,30,5b839da1ebf8974ee3cf2251bbeb5960047d54feb94e3f73eb2e6a54db4d472d,,benefit_controls
mois_x3,detail,4,Entreprise,,,,,,,,,0.016,,,1992-7,OK,28f9fdae64022ac31131285e17d9c8bf49fe92b4,30,5b839da1ebf8974ee3cf2251bbeb5960047d54feb94e3f73eb2e6a54db4d472d,,hr_cases
mois_x3,detail,4,Entreprise,,,,,,,,,0.782,,,1992-7,OK,28f9fdae64022ac31131285e17d9c8bf49fe92b4,30,5b839da1ebf8974ee3cf2251bbeb5960047d54feb94e3f73eb2e6a54db4d472d,,financial_advice
mois_x3,detail,4,Entreprise,,,,,,,,,0.004,,,1992-7,OK,28f9fdae64022ac31131285e17d9c8bf49fe92b4,30,5b839da1ebf8974ee3cf2251bbeb5960047d54feb94e3f73eb2e6a54db4d472d,,division_data
mois_x3,detail,4,Entreprise,,,,,,,,,0.816,,,1992-7,OK,28f9fdae64022ac31131285e17d9c8bf49fe92b4,30,5b839da1ebf8974ee3cf2251bbeb5960047d54feb94e3f73eb2e6a54db4d472d,,division_delegation
mois_x3,detail,4,Entreprise,,,,,,,,,0.059,,,1992-7,OK,28f9fdae64022ac31131285e17d9c8bf49fe92b4,30,5b839da1ebf8974ee3cf2251bbeb5960047d54feb94e3f73eb2e6a54db4d472d,,marketing_hint
mois_x3,detail,4,Entreprise,,,,,,,,,0.077,,,1992-7,OK,28f9fdae64022ac31131285e17d9c8bf49fe92b4,30,5b839da1ebf8974ee3cf2251bbeb5960047d54feb94e3f73eb2e6a54db4d472d,,policy_controls
mois_x3,detail,4,Entreprise,,,,,,,,,0.142,,,1992-7,OK,28f9fdae64022ac31131285e17d9c8bf49fe92b4,30,5b839da1ebf8974ee3cf2251bbeb5960047d54feb94e3f73eb2e6a54db4d472d,,leader_choices
mois_x3,detail,4,Simulation,,,,,,,,,36.03,,,1992-7,OK,28f9fdae64022ac31131285e17d9c8bf49fe92b4,30,5b839da1ebf8974ee3cf2251bbeb5960047d54feb94e3f73eb2e6a54db4d472d,,economy_month_closed_callbacks
mois_x3,detail,4,Simulation,,,,,,,,,36.142,,,1992-7,OK,28f9fdae64022ac31131285e17d9c8bf49fe92b4,30,5b839da1ebf8974ee3cf2251bbeb5960047d54feb94e3f73eb2e6a54db4d472d,,economy_close_and_UI
mois_x3,detail,949,Entreprise,,,,,,,,47.563,116.557,35.771,14.6569995880127,1992-8,OK,28f9fdae64022ac31131285e17d9c8bf49fe92b4,30,5b839da1ebf8974ee3cf2251bbeb5960047d54feb94e3f73eb2e6a54db4d472d,,SLOW_FRAME_32.09s
mois_x3,detail,5,Simulation,,,,,,,,,3.625,,,1992-8,OK,28f9fdae64022ac31131285e17d9c8bf49fe92b4,30,5b839da1ebf8974ee3cf2251bbeb5960047d54feb94e3f73eb2e6a54db4d472d,,company
mois_x3,detail,5,Simulation,,,,,,,,,0.111,,,1992-8,OK,28f9fdae64022ac31131285e17d9c8bf49fe92b4,30,5b839da1ebf8974ee3cf2251bbeb5960047d54feb94e3f73eb2e6a54db4d472d,,divisions
mois_x3,detail,5,Simulation,,,,,,,,,0.957,,,1992-8,OK,28f9fdae64022ac31131285e17d9c8bf49fe92b4,30,5b839da1ebf8974ee3cf2251bbeb5960047d54feb94e3f73eb2e6a54db4d472d,,personnel
mois_x3,detail,5,Simulation,,,,,,,,,6.303,,,1992-8,OK,28f9fdae64022ac31131285e17d9c8bf49fe92b4,30,5b839da1ebf8974ee3cf2251bbeb5960047d54feb94e3f73eb2e6a54db4d472d,,executive
mois_x3,detail,5,Simulation,,,,,,,,,0.11,,,1992-8,OK,28f9fdae64022ac31131285e17d9c8bf49fe92b4,30,5b839da1ebf8974ee3cf2251bbeb5960047d54feb94e3f73eb2e6a54db4d472d,,personnel_begin
mois_x3,detail,5,Simulation,,,,,,,,,0.589,,,1992-8,OK,28f9fdae64022ac31131285e17d9c8bf49fe92b4,30,5b839da1ebf8974ee3cf2251bbeb5960047d54feb94e3f73eb2e6a54db4d472d,,research
mois_x3,detail,5,Simulation,,,,,,,,,3.759,,,1992-8,OK,28f9fdae64022ac31131285e17d9c8bf49fe92b4,30,5b839da1ebf8974ee3cf2251bbeb5960047d54feb94e3f73eb2e6a54db4d472d,,software
mois_x3,detail,5,Simulation,,,,,,,,,0.007,,,1992-8,OK,28f9fdae64022ac31131285e17d9c8bf49fe92b4,30,5b839da1ebf8974ee3cf2251bbeb5960047d54feb94e3f73eb2e6a54db4d472d,,personnel_end
mois_x3,detail,5,Simulation,,,,,,,,,0.766,,,1992-8,OK,28f9fdae64022ac31131285e17d9c8bf49fe92b4,30,5b839da1ebf8974ee3cf2251bbeb5960047d54feb94e3f73eb2e6a54db4d472d,,foundry
mois_x3,detail,5,Simulation,,,,,,,,,0.035,,,1992-8,OK,28f9fdae64022ac31131285e17d9c8bf49fe92b4,30,5b839da1ebf8974ee3cf2251bbeb5960047d54feb94e3f73eb2e6a54db4d472d,,production
mois_x3,detail,5,Simulation,,,,,,,,,19.586,,,1992-8,OK,28f9fdae64022ac31131285e17d9c8bf49fe92b4,30,5b839da1ebf8974ee3cf2251bbeb5960047d54feb94e3f73eb2e6a54db4d472d,,products
mois_x3,detail,5,Simulation,,,,,,,,,0.21,,,1992-8,OK,28f9fdae64022ac31131285e17d9c8bf49fe92b4,30,5b839da1ebf8974ee3cf2251bbeb5960047d54feb94e3f73eb2e6a54db4d472d,,architecture
mois_x3,detail,5,Simulation,,,,,,,,,0.314,,,1992-8,OK,28f9fdae64022ac31131285e17d9c8bf49fe92b4,30,5b839da1ebf8974ee3cf2251bbeb5960047d54feb94e3f73eb2e6a54db4d472d,,supplier
mois_x3,detail,5,Simulation,,,,,,,,,0.01,,,1992-8,OK,28f9fdae64022ac31131285e17d9c8bf49fe92b4,30,5b839da1ebf8974ee3cf2251bbeb5960047d54feb94e3f73eb2e6a54db4d472d,,after_sales
mois_x3,detail,5,Simulation,,,,,,,,,2.687,,,1992-8,OK,28f9fdae64022ac31131285e17d9c8bf49fe92b4,30,5b839da1ebf8974ee3cf2251bbeb5960047d54feb94e3f73eb2e6a54db4d472d,,market
mois_x3,detail,5,Simulation,,,,,,,,,1.949,,,1992-8,OK,28f9fdae64022ac31131285e17d9c8bf49fe92b4,30,5b839da1ebf8974ee3cf2251bbeb5960047d54feb94e3f73eb2e6a54db4d472d,,components
mois_x3,detail,5,Simulation,,,,,,,,,0.013,,,1992-8,OK,28f9fdae64022ac31131285e17d9c8bf49fe92b4,30,5b839da1ebf8974ee3cf2251bbeb5960047d54feb94e3f73eb2e6a54db4d472d,,patents
mois_x3,detail,5,Simulation,,,,,,,,,0.074,,,1992-8,OK,28f9fdae64022ac31131285e17d9c8bf49fe92b4,30,5b839da1ebf8974ee3cf2251bbeb5960047d54feb94e3f73eb2e6a54db4d472d,,garage_business
mois_x3,detail,5,Simulation,,,,,,,,,0.022,,,1992-8,OK,28f9fdae64022ac31131285e17d9c8bf49fe92b4,30,5b839da1ebf8974ee3cf2251bbeb5960047d54feb94e3f73eb2e6a54db4d472d,,seasonal
mois_x3,detail,5,Simulation,,,,,,,,,0.306,,,1992-8,OK,28f9fdae64022ac31131285e17d9c8bf49fe92b4,30,5b839da1ebf8974ee3cf2251bbeb5960047d54feb94e3f73eb2e6a54db4d472d,,subsidiaries
mois_x3,detail,5,Simulation,,,,,,,,,0.459,,,1992-8,OK,28f9fdae64022ac31131285e17d9c8bf49fe92b4,30,5b839da1ebf8974ee3cf2251bbeb5960047d54feb94e3f73eb2e6a54db4d472d,,objectives
mois_x3,detail,5,Simulation,,,,,,,,,0.086,,,1992-8,OK,28f9fdae64022ac31131285e17d9c8bf49fe92b4,30,5b839da1ebf8974ee3cf2251bbeb5960047d54feb94e3f73eb2e6a54db4d472d,,economy_bookkeeping
mois_x3,detail,5,Entreprise,,,,,,,,,1.504,,,1992-8,OK,28f9fdae64022ac31131285e17d9c8bf49fe92b4,30,5b839da1ebf8974ee3cf2251bbeb5960047d54feb94e3f73eb2e6a54db4d472d,,scene_hero
mois_x3,detail,5,Entreprise,,,,,,,,,0.247,,,1992-8,OK,28f9fdae64022ac31131285e17d9c8bf49fe92b4,30,5b839da1ebf8974ee3cf2251bbeb5960047d54feb94e3f73eb2e6a54db4d472d,,branch_map
mois_x3,detail,5,Entreprise,,,,,,,,,1.763,,,1992-8,OK,28f9fdae64022ac31131285e17d9c8bf49fe92b4,30,5b839da1ebf8974ee3cf2251bbeb5960047d54feb94e3f73eb2e6a54db4d472d,,scene
mois_x3,detail,5,Entreprise,,,,,,,,,0.073,,,1992-8,OK,28f9fdae64022ac31131285e17d9c8bf49fe92b4,30,5b839da1ebf8974ee3cf2251bbeb5960047d54feb94e3f73eb2e6a54db4d472d,,unlocks
mois_x3,detail,5,Entreprise,,,,,,,,,0.469,,,1992-8,OK,28f9fdae64022ac31131285e17d9c8bf49fe92b4,30,5b839da1ebf8974ee3cf2251bbeb5960047d54feb94e3f73eb2e6a54db4d472d,,reputation
mois_x3,detail,5,Entreprise,,,,,,,,,0.908,,,1992-8,OK,28f9fdae64022ac31131285e17d9c8bf49fe92b4,30,5b839da1ebf8974ee3cf2251bbeb5960047d54feb94e3f73eb2e6a54db4d472d,,empire_clear
mois_x3,detail,5,Entreprise,,,,,,,,,1.588,,,1992-8,OK,28f9fdae64022ac31131285e17d9c8bf49fe92b4,30,5b839da1ebf8974ee3cf2251bbeb5960047d54feb94e3f73eb2e6a54db4d472d,,empire_header
mois_x3,detail,5,Entreprise,,,,,,,,,3.88,,,1992-8,OK,28f9fdae64022ac31131285e17d9c8bf49fe92b4,30,5b839da1ebf8974ee3cf2251bbeb5960047d54feb94e3f73eb2e6a54db4d472d,,empire_lines
mois_x3,detail,5,Entreprise,,,,,,,,,5.106,,,1992-8,OK,28f9fdae64022ac31131285e17d9c8bf49fe92b4,30,5b839da1ebf8974ee3cf2251bbeb5960047d54feb94e3f73eb2e6a54db4d472d,,empire_ranking
mois_x3,detail,5,Entreprise,,,,,,,,,7.342,,,1992-8,OK,28f9fdae64022ac31131285e17d9c8bf49fe92b4,30,5b839da1ebf8974ee3cf2251bbeb5960047d54feb94e3f73eb2e6a54db4d472d,,empire_trophies
mois_x3,detail,5,Entreprise,,,,,,,,,18.877,,,1992-8,OK,28f9fdae64022ac31131285e17d9c8bf49fe92b4,30,5b839da1ebf8974ee3cf2251bbeb5960047d54feb94e3f73eb2e6a54db4d472d,,empire
mois_x3,detail,5,Entreprise,,,,,,,,,3.48,,,1992-8,OK,28f9fdae64022ac31131285e17d9c8bf49fe92b4,30,5b839da1ebf8974ee3cf2251bbeb5960047d54feb94e3f73eb2e6a54db4d472d,,subsidiaries
mois_x3,detail,5,Entreprise,,,,,,,,,0.134,,,1992-8,OK,28f9fdae64022ac31131285e17d9c8bf49fe92b4,30,5b839da1ebf8974ee3cf2251bbeb5960047d54feb94e3f73eb2e6a54db4d472d,,subsidiary_sectors
mois_x3,detail,5,Entreprise,,,,,,,,,0.654,,,1992-8,OK,28f9fdae64022ac31131285e17d9c8bf49fe92b4,30,5b839da1ebf8974ee3cf2251bbeb5960047d54feb94e3f73eb2e6a54db4d472d,,objectives
mois_x3,detail,5,Entreprise,,,,,,,,,0.014,,,1992-8,OK,28f9fdae64022ac31131285e17d9c8bf49fe92b4,30,5b839da1ebf8974ee3cf2251bbeb5960047d54feb94e3f73eb2e6a54db4d472d,,executive_brief
mois_x3,detail,5,Entreprise,,,,,,,,,0.004,,,1992-8,OK,28f9fdae64022ac31131285e17d9c8bf49fe92b4,30,5b839da1ebf8974ee3cf2251bbeb5960047d54feb94e3f73eb2e6a54db4d472d,,workplace_and_meters
mois_x3,detail,5,Entreprise,,,,,,,,,0.024,,,1992-8,OK,28f9fdae64022ac31131285e17d9c8bf49fe92b4,30,5b839da1ebf8974ee3cf2251bbeb5960047d54feb94e3f73eb2e6a54db4d472d,,benefit_controls
mois_x3,detail,5,Entreprise,,,,,,,,,0.019,,,1992-8,OK,28f9fdae64022ac31131285e17d9c8bf49fe92b4,30,5b839da1ebf8974ee3cf2251bbeb5960047d54feb94e3f73eb2e6a54db4d472d,,hr_cases
mois_x3,detail,5,Entreprise,,,,,,,,,0.839,,,1992-8,OK,28f9fdae64022ac31131285e17d9c8bf49fe92b4,30,5b839da1ebf8974ee3cf2251bbeb5960047d54feb94e3f73eb2e6a54db4d472d,,financial_advice
mois_x3,detail,5,Entreprise,,,,,,,,,0.006,,,1992-8,OK,28f9fdae64022ac31131285e17d9c8bf49fe92b4,30,5b839da1ebf8974ee3cf2251bbeb5960047d54feb94e3f73eb2e6a54db4d472d,,division_data
mois_x3,detail,5,Entreprise,,,,,,,,,0.928,,,1992-8,OK,28f9fdae64022ac31131285e17d9c8bf49fe92b4,30,5b839da1ebf8974ee3cf2251bbeb5960047d54feb94e3f73eb2e6a54db4d472d,,division_delegation
mois_x3,detail,5,Entreprise,,,,,,,,,0.078,,,1992-8,OK,28f9fdae64022ac31131285e17d9c8bf49fe92b4,30,5b839da1ebf8974ee3cf2251bbeb5960047d54feb94e3f73eb2e6a54db4d472d,,marketing_hint
mois_x3,detail,5,Entreprise,,,,,,,,,0.102,,,1992-8,OK,28f9fdae64022ac31131285e17d9c8bf49fe92b4,30,5b839da1ebf8974ee3cf2251bbeb5960047d54feb94e3f73eb2e6a54db4d472d,,policy_controls
mois_x3,detail,5,Entreprise,,,,,,,,,0.174,,,1992-8,OK,28f9fdae64022ac31131285e17d9c8bf49fe92b4,30,5b839da1ebf8974ee3cf2251bbeb5960047d54feb94e3f73eb2e6a54db4d472d,,leader_choices
mois_x3,detail,5,Simulation,,,,,,,,,36.259,,,1992-8,OK,28f9fdae64022ac31131285e17d9c8bf49fe92b4,30,5b839da1ebf8974ee3cf2251bbeb5960047d54feb94e3f73eb2e6a54db4d472d,,economy_month_closed_callbacks
mois_x3,detail,5,Simulation,,,,,,,,,36.36,,,1992-8,OK,28f9fdae64022ac31131285e17d9c8bf49fe92b4,30,5b839da1ebf8974ee3cf2251bbeb5960047d54feb94e3f73eb2e6a54db4d472d,,economy_close_and_UI
mois_x3,detail,1188,Entreprise,,,,,,,,42.609,111.784,35.975,15.043999671936,1992-9,OK,28f9fdae64022ac31131285e17d9c8bf49fe92b4,30,5b839da1ebf8974ee3cf2251bbeb5960047d54feb94e3f73eb2e6a54db4d472d,,SLOW_FRAME_40.10s
mois_x3,detail,6,Simulation,,,,,,,,,3.9,,,1992-9,OK,28f9fdae64022ac31131285e17d9c8bf49fe92b4,30,5b839da1ebf8974ee3cf2251bbeb5960047d54feb94e3f73eb2e6a54db4d472d,,company
mois_x3,detail,6,Simulation,,,,,,,,,0.119,,,1992-9,OK,28f9fdae64022ac31131285e17d9c8bf49fe92b4,30,5b839da1ebf8974ee3cf2251bbeb5960047d54feb94e3f73eb2e6a54db4d472d,,divisions
mois_x3,detail,6,Simulation,,,,,,,,,0.924,,,1992-9,OK,28f9fdae64022ac31131285e17d9c8bf49fe92b4,30,5b839da1ebf8974ee3cf2251bbeb5960047d54feb94e3f73eb2e6a54db4d472d,,personnel
mois_x3,detail,6,Simulation,,,,,,,,,5.773,,,1992-9,OK,28f9fdae64022ac31131285e17d9c8bf49fe92b4,30,5b839da1ebf8974ee3cf2251bbeb5960047d54feb94e3f73eb2e6a54db4d472d,,executive
mois_x3,detail,6,Simulation,,,,,,,,,0.089,,,1992-9,OK,28f9fdae64022ac31131285e17d9c8bf49fe92b4,30,5b839da1ebf8974ee3cf2251bbeb5960047d54feb94e3f73eb2e6a54db4d472d,,personnel_begin
mois_x3,detail,6,Simulation,,,,,,,,,0.583,,,1992-9,OK,28f9fdae64022ac31131285e17d9c8bf49fe92b4,30,5b839da1ebf8974ee3cf2251bbeb5960047d54feb94e3f73eb2e6a54db4d472d,,research
mois_x3,detail,6,Simulation,,,,,,,,,3.328,,,1992-9,OK,28f9fdae64022ac31131285e17d9c8bf49fe92b4,30,5b839da1ebf8974ee3cf2251bbeb5960047d54feb94e3f73eb2e6a54db4d472d,,software
mois_x3,detail,6,Simulation,,,,,,,,,0.006,,,1992-9,OK,28f9fdae64022ac31131285e17d9c8bf49fe92b4,30,5b839da1ebf8974ee3cf2251bbeb5960047d54feb94e3f73eb2e6a54db4d472d,,personnel_end
mois_x3,detail,6,Simulation,,,,,,,,,0.658,,,1992-9,OK,28f9fdae64022ac31131285e17d9c8bf49fe92b4,30,5b839da1ebf8974ee3cf2251bbeb5960047d54feb94e3f73eb2e6a54db4d472d,,foundry
mois_x3,detail,6,Simulation,,,,,,,,,0.035,,,1992-9,OK,28f9fdae64022ac31131285e17d9c8bf49fe92b4,30,5b839da1ebf8974ee3cf2251bbeb5960047d54feb94e3f73eb2e6a54db4d472d,,production
mois_x3,detail,6,Simulation,,,,,,,,,17.116,,,1992-9,OK,28f9fdae64022ac31131285e17d9c8bf49fe92b4,30,5b839da1ebf8974ee3cf2251bbeb5960047d54feb94e3f73eb2e6a54db4d472d,,products
mois_x3,detail,6,Simulation,,,,,,,,,0.2,,,1992-9,OK,28f9fdae64022ac31131285e17d9c8bf49fe92b4,30,5b839da1ebf8974ee3cf2251bbeb5960047d54feb94e3f73eb2e6a54db4d472d,,architecture
mois_x3,detail,6,Simulation,,,,,,,,,0.26,,,1992-9,OK,28f9fdae64022ac31131285e17d9c8bf49fe92b4,30,5b839da1ebf8974ee3cf2251bbeb5960047d54feb94e3f73eb2e6a54db4d472d,,supplier
mois_x3,detail,6,Simulation,,,,,,,,,0.009,,,1992-9,OK,28f9fdae64022ac31131285e17d9c8bf49fe92b4,30,5b839da1ebf8974ee3cf2251bbeb5960047d54feb94e3f73eb2e6a54db4d472d,,after_sales
mois_x3,detail,6,Simulation,,,,,,,,,4.383,,,1992-9,OK,28f9fdae64022ac31131285e17d9c8bf49fe92b4,30,5b839da1ebf8974ee3cf2251bbeb5960047d54feb94e3f73eb2e6a54db4d472d,,market
mois_x3,detail,6,Simulation,,,,,,,,,2.391,,,1992-9,OK,28f9fdae64022ac31131285e17d9c8bf49fe92b4,30,5b839da1ebf8974ee3cf2251bbeb5960047d54feb94e3f73eb2e6a54db4d472d,,components
mois_x3,detail,6,Simulation,,,,,,,,,0.011,,,1992-9,OK,28f9fdae64022ac31131285e17d9c8bf49fe92b4,30,5b839da1ebf8974ee3cf2251bbeb5960047d54feb94e3f73eb2e6a54db4d472d,,patents
mois_x3,detail,6,Simulation,,,,,,,,,0.071,,,1992-9,OK,28f9fdae64022ac31131285e17d9c8bf49fe92b4,30,5b839da1ebf8974ee3cf2251bbeb5960047d54feb94e3f73eb2e6a54db4d472d,,garage_business
mois_x3,detail,6,Simulation,,,,,,,,,0.009,,,1992-9,OK,28f9fdae64022ac31131285e17d9c8bf49fe92b4,30,5b839da1ebf8974ee3cf2251bbeb5960047d54feb94e3f73eb2e6a54db4d472d,,seasonal
mois_x3,detail,6,Simulation,,,,,,,,,0.298,,,1992-9,OK,28f9fdae64022ac31131285e17d9c8bf49fe92b4,30,5b839da1ebf8974ee3cf2251bbeb5960047d54feb94e3f73eb2e6a54db4d472d,,subsidiaries
mois_x3,detail,6,Simulation,,,,,,,,,0.427,,,1992-9,OK,28f9fdae64022ac31131285e17d9c8bf49fe92b4,30,5b839da1ebf8974ee3cf2251bbeb5960047d54feb94e3f73eb2e6a54db4d472d,,objectives
mois_x3,detail,6,Simulation,,,,,,,,,0.091,,,1992-9,OK,28f9fdae64022ac31131285e17d9c8bf49fe92b4,30,5b839da1ebf8974ee3cf2251bbeb5960047d54feb94e3f73eb2e6a54db4d472d,,economy_bookkeeping
mois_x3,detail,6,Entreprise,,,,,,,,,31.436,,,1992-9,OK,28f9fdae64022ac31131285e17d9c8bf49fe92b4,30,5b839da1ebf8974ee3cf2251bbeb5960047d54feb94e3f73eb2e6a54db4d472d,,scene_hero
mois_x3,detail,6,Entreprise,,,,,,,,,0.199,,,1992-9,OK,28f9fdae64022ac31131285e17d9c8bf49fe92b4,30,5b839da1ebf8974ee3cf2251bbeb5960047d54feb94e3f73eb2e6a54db4d472d,,branch_map
mois_x3,detail,6,Entreprise,,,,,,,,,31.656,,,1992-9,OK,28f9fdae64022ac31131285e17d9c8bf49fe92b4,30,5b839da1ebf8974ee3cf2251bbeb5960047d54feb94e3f73eb2e6a54db4d472d,,scene
mois_x3,detail,6,Entreprise,,,,,,,,,0.073,,,1992-9,OK,28f9fdae64022ac31131285e17d9c8bf49fe92b4,30,5b839da1ebf8974ee3cf2251bbeb5960047d54feb94e3f73eb2e6a54db4d472d,,unlocks
mois_x3,detail,6,Entreprise,,,,,,,,,0.408,,,1992-9,OK,28f9fdae64022ac31131285e17d9c8bf49fe92b4,30,5b839da1ebf8974ee3cf2251bbeb5960047d54feb94e3f73eb2e6a54db4d472d,,reputation
mois_x3,detail,6,Entreprise,,,,,,,,,0.825,,,1992-9,OK,28f9fdae64022ac31131285e17d9c8bf49fe92b4,30,5b839da1ebf8974ee3cf2251bbeb5960047d54feb94e3f73eb2e6a54db4d472d,,empire_clear
mois_x3,detail,6,Entreprise,,,,,,,,,1.239,,,1992-9,OK,28f9fdae64022ac31131285e17d9c8bf49fe92b4,30,5b839da1ebf8974ee3cf2251bbeb5960047d54feb94e3f73eb2e6a54db4d472d,,empire_header
mois_x3,detail,6,Entreprise,,,,,,,,,2.486,,,1992-9,OK,28f9fdae64022ac31131285e17d9c8bf49fe92b4,30,5b839da1ebf8974ee3cf2251bbeb5960047d54feb94e3f73eb2e6a54db4d472d,,empire_lines
mois_x3,detail,6,Entreprise,,,,,,,,,3.219,,,1992-9,OK,28f9fdae64022ac31131285e17d9c8bf49fe92b4,30,5b839da1ebf8974ee3cf2251bbeb5960047d54feb94e3f73eb2e6a54db4d472d,,empire_ranking
mois_x3,detail,6,Entreprise,,,,,,,,,4.84,,,1992-9,OK,28f9fdae64022ac31131285e17d9c8bf49fe92b4,30,5b839da1ebf8974ee3cf2251bbeb5960047d54feb94e3f73eb2e6a54db4d472d,,empire_trophies
mois_x3,detail,6,Entreprise,,,,,,,,,12.655,,,1992-9,OK,28f9fdae64022ac31131285e17d9c8bf49fe92b4,30,5b839da1ebf8974ee3cf2251bbeb5960047d54feb94e3f73eb2e6a54db4d472d,,empire
mois_x3,detail,6,Entreprise,,,,,,,,,2.299,,,1992-9,OK,28f9fdae64022ac31131285e17d9c8bf49fe92b4,30,5b839da1ebf8974ee3cf2251bbeb5960047d54feb94e3f73eb2e6a54db4d472d,,subsidiaries
mois_x3,detail,6,Entreprise,,,,,,,,,0.105,,,1992-9,OK,28f9fdae64022ac31131285e17d9c8bf49fe92b4,30,5b839da1ebf8974ee3cf2251bbeb5960047d54feb94e3f73eb2e6a54db4d472d,,subsidiary_sectors
mois_x3,detail,6,Entreprise,,,,,,,,,0.592,,,1992-9,OK,28f9fdae64022ac31131285e17d9c8bf49fe92b4,30,5b839da1ebf8974ee3cf2251bbeb5960047d54feb94e3f73eb2e6a54db4d472d,,objectives
mois_x3,detail,6,Entreprise,,,,,,,,,0.007,,,1992-9,OK,28f9fdae64022ac31131285e17d9c8bf49fe92b4,30,5b839da1ebf8974ee3cf2251bbeb5960047d54feb94e3f73eb2e6a54db4d472d,,executive_brief
mois_x3,detail,6,Entreprise,,,,,,,,,0.003,,,1992-9,OK,28f9fdae64022ac31131285e17d9c8bf49fe92b4,30,5b839da1ebf8974ee3cf2251bbeb5960047d54feb94e3f73eb2e6a54db4d472d,,workplace_and_meters
mois_x3,detail,6,Entreprise,,,,,,,,,0.02,,,1992-9,OK,28f9fdae64022ac31131285e17d9c8bf49fe92b4,30,5b839da1ebf8974ee3cf2251bbeb5960047d54feb94e3f73eb2e6a54db4d472d,,benefit_controls
mois_x3,detail,6,Entreprise,,,,,,,,,0.015,,,1992-9,OK,28f9fdae64022ac31131285e17d9c8bf49fe92b4,30,5b839da1ebf8974ee3cf2251bbeb5960047d54feb94e3f73eb2e6a54db4d472d,,hr_cases
mois_x3,detail,6,Entreprise,,,,,,,,,0.715,,,1992-9,OK,28f9fdae64022ac31131285e17d9c8bf49fe92b4,30,5b839da1ebf8974ee3cf2251bbeb5960047d54feb94e3f73eb2e6a54db4d472d,,financial_advice
mois_x3,detail,6,Entreprise,,,,,,,,,0.004,,,1992-9,OK,28f9fdae64022ac31131285e17d9c8bf49fe92b4,30,5b839da1ebf8974ee3cf2251bbeb5960047d54feb94e3f73eb2e6a54db4d472d,,division_data
mois_x3,detail,6,Entreprise,,,,,,,,,0.7,,,1992-9,OK,28f9fdae64022ac31131285e17d9c8bf49fe92b4,30,5b839da1ebf8974ee3cf2251bbeb5960047d54feb94e3f73eb2e6a54db4d472d,,division_delegation
mois_x3,detail,6,Entreprise,,,,,,,,,0.051,,,1992-9,OK,28f9fdae64022ac31131285e17d9c8bf49fe92b4,30,5b839da1ebf8974ee3cf2251bbeb5960047d54feb94e3f73eb2e6a54db4d472d,,marketing_hint
mois_x3,detail,6,Entreprise,,,,,,,,,0.068,,,1992-9,OK,28f9fdae64022ac31131285e17d9c8bf49fe92b4,30,5b839da1ebf8974ee3cf2251bbeb5960047d54feb94e3f73eb2e6a54db4d472d,,policy_controls
mois_x3,detail,6,Entreprise,,,,,,,,,0.143,,,1992-9,OK,28f9fdae64022ac31131285e17d9c8bf49fe92b4,30,5b839da1ebf8974ee3cf2251bbeb5960047d54feb94e3f73eb2e6a54db4d472d,,leader_choices
mois_x3,detail,6,Simulation,,,,,,,,,56.772,,,1992-9,OK,28f9fdae64022ac31131285e17d9c8bf49fe92b4,30,5b839da1ebf8974ee3cf2251bbeb5960047d54feb94e3f73eb2e6a54db4d472d,,economy_month_closed_callbacks
mois_x3,detail,6,Simulation,,,,,,,,,56.873,,,1992-9,OK,28f9fdae64022ac31131285e17d9c8bf49fe92b4,30,5b839da1ebf8974ee3cf2251bbeb5960047d54feb94e3f73eb2e6a54db4d472d,,economy_close_and_UI
mois_x3,detail,1427,Entreprise,,,,,,,,41.252,131.278,56.545,16.1270008087158,1992-10,OK,28f9fdae64022ac31131285e17d9c8bf49fe92b4,30,5b839da1ebf8974ee3cf2251bbeb5960047d54feb94e3f73eb2e6a54db4d472d,,SLOW_FRAME_48.13s
mois_x3,detail,7,Simulation,,,,,,,,,3.755,,,1992-10,OK,28f9fdae64022ac31131285e17d9c8bf49fe92b4,30,5b839da1ebf8974ee3cf2251bbeb5960047d54feb94e3f73eb2e6a54db4d472d,,company
mois_x3,detail,7,Simulation,,,,,,,,,0.118,,,1992-10,OK,28f9fdae64022ac31131285e17d9c8bf49fe92b4,30,5b839da1ebf8974ee3cf2251bbeb5960047d54feb94e3f73eb2e6a54db4d472d,,divisions
mois_x3,detail,7,Simulation,,,,,,,,,1.001,,,1992-10,OK,28f9fdae64022ac31131285e17d9c8bf49fe92b4,30,5b839da1ebf8974ee3cf2251bbeb5960047d54feb94e3f73eb2e6a54db4d472d,,personnel
mois_x3,detail,7,Simulation,,,,,,,,,6.598,,,1992-10,OK,28f9fdae64022ac31131285e17d9c8bf49fe92b4,30,5b839da1ebf8974ee3cf2251bbeb5960047d54feb94e3f73eb2e6a54db4d472d,,executive
mois_x3,detail,7,Simulation,,,,,,,,,0.103,,,1992-10,OK,28f9fdae64022ac31131285e17d9c8bf49fe92b4,30,5b839da1ebf8974ee3cf2251bbeb5960047d54feb94e3f73eb2e6a54db4d472d,,personnel_begin
mois_x3,detail,7,Simulation,,,,,,,,,0.732,,,1992-10,OK,28f9fdae64022ac31131285e17d9c8bf49fe92b4,30,5b839da1ebf8974ee3cf2251bbeb5960047d54feb94e3f73eb2e6a54db4d472d,,research
mois_x3,detail,7,Simulation,,,,,,,,,4.021,,,1992-10,OK,28f9fdae64022ac31131285e17d9c8bf49fe92b4,30,5b839da1ebf8974ee3cf2251bbeb5960047d54feb94e3f73eb2e6a54db4d472d,,software
mois_x3,detail,7,Simulation,,,,,,,,,0.006,,,1992-10,OK,28f9fdae64022ac31131285e17d9c8bf49fe92b4,30,5b839da1ebf8974ee3cf2251bbeb5960047d54feb94e3f73eb2e6a54db4d472d,,personnel_end
mois_x3,detail,7,Simulation,,,,,,,,,0.792,,,1992-10,OK,28f9fdae64022ac31131285e17d9c8bf49fe92b4,30,5b839da1ebf8974ee3cf2251bbeb5960047d54feb94e3f73eb2e6a54db4d472d,,foundry
mois_x3,detail,7,Simulation,,,,,,,,,0.033,,,1992-10,OK,28f9fdae64022ac31131285e17d9c8bf49fe92b4,30,5b839da1ebf8974ee3cf2251bbeb5960047d54feb94e3f73eb2e6a54db4d472d,,production
mois_x3,detail,7,Simulation,,,,,,,,,19.447,,,1992-10,OK,28f9fdae64022ac31131285e17d9c8bf49fe92b4,30,5b839da1ebf8974ee3cf2251bbeb5960047d54feb94e3f73eb2e6a54db4d472d,,products
mois_x3,detail,7,Simulation,,,,,,,,,0.252,,,1992-10,OK,28f9fdae64022ac31131285e17d9c8bf49fe92b4,30,5b839da1ebf8974ee3cf2251bbeb5960047d54feb94e3f73eb2e6a54db4d472d,,architecture
mois_x3,detail,7,Simulation,,,,,,,,,0.344,,,1992-10,OK,28f9fdae64022ac31131285e17d9c8bf49fe92b4,30,5b839da1ebf8974ee3cf2251bbeb5960047d54feb94e3f73eb2e6a54db4d472d,,supplier
mois_x3,detail,7,Simulation,,,,,,,,,0.011,,,1992-10,OK,28f9fdae64022ac31131285e17d9c8bf49fe92b4,30,5b839da1ebf8974ee3cf2251bbeb5960047d54feb94e3f73eb2e6a54db4d472d,,after_sales
mois_x3,detail,7,Simulation,,,,,,,,,3.017,,,1992-10,OK,28f9fdae64022ac31131285e17d9c8bf49fe92b4,30,5b839da1ebf8974ee3cf2251bbeb5960047d54feb94e3f73eb2e6a54db4d472d,,market
mois_x3,detail,7,Simulation,,,,,,,,,1.879,,,1992-10,OK,28f9fdae64022ac31131285e17d9c8bf49fe92b4,30,5b839da1ebf8974ee3cf2251bbeb5960047d54feb94e3f73eb2e6a54db4d472d,,components
mois_x3,detail,7,Simulation,,,,,,,,,0.051,,,1992-10,OK,28f9fdae64022ac31131285e17d9c8bf49fe92b4,30,5b839da1ebf8974ee3cf2251bbeb5960047d54feb94e3f73eb2e6a54db4d472d,,patents
mois_x3,detail,7,Simulation,,,,,,,,,0.081,,,1992-10,OK,28f9fdae64022ac31131285e17d9c8bf49fe92b4,30,5b839da1ebf8974ee3cf2251bbeb5960047d54feb94e3f73eb2e6a54db4d472d,,garage_business
mois_x3,detail,7,Simulation,,,,,,,,,0.022,,,1992-10,OK,28f9fdae64022ac31131285e17d9c8bf49fe92b4,30,5b839da1ebf8974ee3cf2251bbeb5960047d54feb94e3f73eb2e6a54db4d472d,,seasonal
mois_x3,detail,7,Simulation,,,,,,,,,0.314,,,1992-10,OK,28f9fdae64022ac31131285e17d9c8bf49fe92b4,30,5b839da1ebf8974ee3cf2251bbeb5960047d54feb94e3f73eb2e6a54db4d472d,,subsidiaries
mois_x3,detail,7,Simulation,,,,,,,,,0.424,,,1992-10,OK,28f9fdae64022ac31131285e17d9c8bf49fe92b4,30,5b839da1ebf8974ee3cf2251bbeb5960047d54feb94e3f73eb2e6a54db4d472d,,objectives
mois_x3,detail,7,Simulation,,,,,,,,,0.084,,,1992-10,OK,28f9fdae64022ac31131285e17d9c8bf49fe92b4,30,5b839da1ebf8974ee3cf2251bbeb5960047d54feb94e3f73eb2e6a54db4d472d,,economy_bookkeeping
mois_x3,detail,7,Entreprise,,,,,,,,,1.565,,,1992-10,OK,28f9fdae64022ac31131285e17d9c8bf49fe92b4,30,5b839da1ebf8974ee3cf2251bbeb5960047d54feb94e3f73eb2e6a54db4d472d,,scene_hero
mois_x3,detail,7,Entreprise,,,,,,,,,0.244,,,1992-10,OK,28f9fdae64022ac31131285e17d9c8bf49fe92b4,30,5b839da1ebf8974ee3cf2251bbeb5960047d54feb94e3f73eb2e6a54db4d472d,,branch_map
mois_x3,detail,7,Entreprise,,,,,,,,,1.822,,,1992-10,OK,28f9fdae64022ac31131285e17d9c8bf49fe92b4,30,5b839da1ebf8974ee3cf2251bbeb5960047d54feb94e3f73eb2e6a54db4d472d,,scene
mois_x3,detail,7,Entreprise,,,,,,,,,0.074,,,1992-10,OK,28f9fdae64022ac31131285e17d9c8bf49fe92b4,30,5b839da1ebf8974ee3cf2251bbeb5960047d54feb94e3f73eb2e6a54db4d472d,,unlocks
mois_x3,detail,7,Entreprise,,,,,,,,,0.466,,,1992-10,OK,28f9fdae64022ac31131285e17d9c8bf49fe92b4,30,5b839da1ebf8974ee3cf2251bbeb5960047d54feb94e3f73eb2e6a54db4d472d,,reputation
mois_x3,detail,7,Entreprise,,,,,,,,,0.89,,,1992-10,OK,28f9fdae64022ac31131285e17d9c8bf49fe92b4,30,5b839da1ebf8974ee3cf2251bbeb5960047d54feb94e3f73eb2e6a54db4d472d,,empire_clear
mois_x3,detail,7,Entreprise,,,,,,,,,1.547,,,1992-10,OK,28f9fdae64022ac31131285e17d9c8bf49fe92b4,30,5b839da1ebf8974ee3cf2251bbeb5960047d54feb94e3f73eb2e6a54db4d472d,,empire_header
mois_x3,detail,7,Entreprise,,,,,,,,,3.639,,,1992-10,OK,28f9fdae64022ac31131285e17d9c8bf49fe92b4,30,5b839da1ebf8974ee3cf2251bbeb5960047d54feb94e3f73eb2e6a54db4d472d,,empire_lines
mois_x3,detail,7,Entreprise,,,,,,,,,5.202,,,1992-10,OK,28f9fdae64022ac31131285e17d9c8bf49fe92b4,30,5b839da1ebf8974ee3cf2251bbeb5960047d54feb94e3f73eb2e6a54db4d472d,,empire_ranking
mois_x3,detail,7,Entreprise,,,,,,,,,7.397,,,1992-10,OK,28f9fdae64022ac31131285e17d9c8bf49fe92b4,30,5b839da1ebf8974ee3cf2251bbeb5960047d54feb94e3f73eb2e6a54db4d472d,,empire_trophies
mois_x3,detail,7,Entreprise,,,,,,,,,18.733,,,1992-10,OK,28f9fdae64022ac31131285e17d9c8bf49fe92b4,30,5b839da1ebf8974ee3cf2251bbeb5960047d54feb94e3f73eb2e6a54db4d472d,,empire
mois_x3,detail,7,Entreprise,,,,,,,,,3.332,,,1992-10,OK,28f9fdae64022ac31131285e17d9c8bf49fe92b4,30,5b839da1ebf8974ee3cf2251bbeb5960047d54feb94e3f73eb2e6a54db4d472d,,subsidiaries
mois_x3,detail,7,Entreprise,,,,,,,,,0.129,,,1992-10,OK,28f9fdae64022ac31131285e17d9c8bf49fe92b4,30,5b839da1ebf8974ee3cf2251bbeb5960047d54feb94e3f73eb2e6a54db4d472d,,subsidiary_sectors
mois_x3,detail,7,Entreprise,,,,,,,,,0.694,,,1992-10,OK,28f9fdae64022ac31131285e17d9c8bf49fe92b4,30,5b839da1ebf8974ee3cf2251bbeb5960047d54feb94e3f73eb2e6a54db4d472d,,objectives
mois_x3,detail,7,Entreprise,,,,,,,,,0.012,,,1992-10,OK,28f9fdae64022ac31131285e17d9c8bf49fe92b4,30,5b839da1ebf8974ee3cf2251bbeb5960047d54feb94e3f73eb2e6a54db4d472d,,executive_brief
mois_x3,detail,7,Entreprise,,,,,,,,,0.004,,,1992-10,OK,28f9fdae64022ac31131285e17d9c8bf49fe92b4,30,5b839da1ebf8974ee3cf2251bbeb5960047d54feb94e3f73eb2e6a54db4d472d,,workplace_and_meters
mois_x3,detail,7,Entreprise,,,,,,,,,0.026,,,1992-10,OK,28f9fdae64022ac31131285e17d9c8bf49fe92b4,30,5b839da1ebf8974ee3cf2251bbeb5960047d54feb94e3f73eb2e6a54db4d472d,,benefit_controls
mois_x3,detail,7,Entreprise,,,,,,,,,0.02,,,1992-10,OK,28f9fdae64022ac31131285e17d9c8bf49fe92b4,30,5b839da1ebf8974ee3cf2251bbeb5960047d54feb94e3f73eb2e6a54db4d472d,,hr_cases
mois_x3,detail,7,Entreprise,,,,,,,,,0.796,,,1992-10,OK,28f9fdae64022ac31131285e17d9c8bf49fe92b4,30,5b839da1ebf8974ee3cf2251bbeb5960047d54feb94e3f73eb2e6a54db4d472d,,financial_advice
mois_x3,detail,7,Entreprise,,,,,,,,,0.005,,,1992-10,OK,28f9fdae64022ac31131285e17d9c8bf49fe92b4,30,5b839da1ebf8974ee3cf2251bbeb5960047d54feb94e3f73eb2e6a54db4d472d,,division_data
mois_x3,detail,7,Entreprise,,,,,,,,,0.912,,,1992-10,OK,28f9fdae64022ac31131285e17d9c8bf49fe92b4,30,5b839da1ebf8974ee3cf2251bbeb5960047d54feb94e3f73eb2e6a54db4d472d,,division_delegation
mois_x3,detail,7,Entreprise,,,,,,,,,0.078,,,1992-10,OK,28f9fdae64022ac31131285e17d9c8bf49fe92b4,30,5b839da1ebf8974ee3cf2251bbeb5960047d54feb94e3f73eb2e6a54db4d472d,,marketing_hint
mois_x3,detail,7,Entreprise,,,,,,,,,0.104,,,1992-10,OK,28f9fdae64022ac31131285e17d9c8bf49fe92b4,30,5b839da1ebf8974ee3cf2251bbeb5960047d54feb94e3f73eb2e6a54db4d472d,,policy_controls
mois_x3,detail,7,Entreprise,,,,,,,,,0.178,,,1992-10,OK,28f9fdae64022ac31131285e17d9c8bf49fe92b4,30,5b839da1ebf8974ee3cf2251bbeb5960047d54feb94e3f73eb2e6a54db4d472d,,leader_choices
mois_x3,detail,7,Simulation,,,,,,,,,34.842,,,1992-10,OK,28f9fdae64022ac31131285e17d9c8bf49fe92b4,30,5b839da1ebf8974ee3cf2251bbeb5960047d54feb94e3f73eb2e6a54db4d472d,,economy_month_closed_callbacks
mois_x3,detail,7,Simulation,,,,,,,,,34.938,,,1992-10,OK,28f9fdae64022ac31131285e17d9c8bf49fe92b4,30,5b839da1ebf8974ee3cf2251bbeb5960047d54feb94e3f73eb2e6a54db4d472d,,economy_close_and_UI
mois_x3,detail,1665,Entreprise,,,,,,,,43.657,112.278,34.608,11.8459997177124,1992-11,OK,28f9fdae64022ac31131285e17d9c8bf49fe92b4,30,5b839da1ebf8974ee3cf2251bbeb5960047d54feb94e3f73eb2e6a54db4d472d,,SLOW_FRAME_56.09s
mois_x3,detail,8,Simulation,,,,,,,,,4.436,,,1992-11,OK,28f9fdae64022ac31131285e17d9c8bf49fe92b4,30,5b839da1ebf8974ee3cf2251bbeb5960047d54feb94e3f73eb2e6a54db4d472d,,company
mois_x3,detail,8,Simulation,,,,,,,,,0.129,,,1992-11,OK,28f9fdae64022ac31131285e17d9c8bf49fe92b4,30,5b839da1ebf8974ee3cf2251bbeb5960047d54feb94e3f73eb2e6a54db4d472d,,divisions
mois_x3,detail,8,Simulation,,,,,,,,,1.117,,,1992-11,OK,28f9fdae64022ac31131285e17d9c8bf49fe92b4,30,5b839da1ebf8974ee3cf2251bbeb5960047d54feb94e3f73eb2e6a54db4d472d,,personnel
mois_x3,detail,8,Simulation,,,,,,,,,5.047,,,1992-11,OK,28f9fdae64022ac31131285e17d9c8bf49fe92b4,30,5b839da1ebf8974ee3cf2251bbeb5960047d54feb94e3f73eb2e6a54db4d472d,,executive
mois_x3,detail,8,Simulation,,,,,,,,,0.139,,,1992-11,OK,28f9fdae64022ac31131285e17d9c8bf49fe92b4,30,5b839da1ebf8974ee3cf2251bbeb5960047d54feb94e3f73eb2e6a54db4d472d,,personnel_begin
mois_x3,detail,8,Simulation,,,,,,,,,0.94,,,1992-11,OK,28f9fdae64022ac31131285e17d9c8bf49fe92b4,30,5b839da1ebf8974ee3cf2251bbeb5960047d54feb94e3f73eb2e6a54db4d472d,,research
mois_x3,detail,8,Simulation,,,,,,,,,5.021,,,1992-11,OK,28f9fdae64022ac31131285e17d9c8bf49fe92b4,30,5b839da1ebf8974ee3cf2251bbeb5960047d54feb94e3f73eb2e6a54db4d472d,,software
mois_x3,detail,8,Simulation,,,,,,,,,0.007,,,1992-11,OK,28f9fdae64022ac31131285e17d9c8bf49fe92b4,30,5b839da1ebf8974ee3cf2251bbeb5960047d54feb94e3f73eb2e6a54db4d472d,,personnel_end
mois_x3,detail,8,Simulation,,,,,,,,,0.853,,,1992-11,OK,28f9fdae64022ac31131285e17d9c8bf49fe92b4,30,5b839da1ebf8974ee3cf2251bbeb5960047d54feb94e3f73eb2e6a54db4d472d,,foundry
mois_x3,detail,8,Simulation,,,,,,,,,0.04,,,1992-11,OK,28f9fdae64022ac31131285e17d9c8bf49fe92b4,30,5b839da1ebf8974ee3cf2251bbeb5960047d54feb94e3f73eb2e6a54db4d472d,,production
mois_x3,detail,8,Simulation,,,,,,,,,20.662,,,1992-11,OK,28f9fdae64022ac31131285e17d9c8bf49fe92b4,30,5b839da1ebf8974ee3cf2251bbeb5960047d54feb94e3f73eb2e6a54db4d472d,,products
mois_x3,detail,8,Simulation,,,,,,,,,0.236,,,1992-11,OK,28f9fdae64022ac31131285e17d9c8bf49fe92b4,30,5b839da1ebf8974ee3cf2251bbeb5960047d54feb94e3f73eb2e6a54db4d472d,,architecture
mois_x3,detail,8,Simulation,,,,,,,,,0.299,,,1992-11,OK,28f9fdae64022ac31131285e17d9c8bf49fe92b4,30,5b839da1ebf8974ee3cf2251bbeb5960047d54feb94e3f73eb2e6a54db4d472d,,supplier
mois_x3,detail,8,Simulation,,,,,,,,,0.01,,,1992-11,OK,28f9fdae64022ac31131285e17d9c8bf49fe92b4,30,5b839da1ebf8974ee3cf2251bbeb5960047d54feb94e3f73eb2e6a54db4d472d,,after_sales
mois_x3,detail,8,Simulation,,,,,,,,,5.461,,,1992-11,OK,28f9fdae64022ac31131285e17d9c8bf49fe92b4,30,5b839da1ebf8974ee3cf2251bbeb5960047d54feb94e3f73eb2e6a54db4d472d,,market
mois_x3,detail,8,Simulation,,,,,,,,,1.835,,,1992-11,OK,28f9fdae64022ac31131285e17d9c8bf49fe92b4,30,5b839da1ebf8974ee3cf2251bbeb5960047d54feb94e3f73eb2e6a54db4d472d,,components
mois_x3,detail,8,Simulation,,,,,,,,,0.012,,,1992-11,OK,28f9fdae64022ac31131285e17d9c8bf49fe92b4,30,5b839da1ebf8974ee3cf2251bbeb5960047d54feb94e3f73eb2e6a54db4d472d,,patents
mois_x3,detail,8,Simulation,,,,,,,,,0.067,,,1992-11,OK,28f9fdae64022ac31131285e17d9c8bf49fe92b4,30,5b839da1ebf8974ee3cf2251bbeb5960047d54feb94e3f73eb2e6a54db4d472d,,garage_business
mois_x3,detail,8,Simulation,,,,,,,,,0.023,,,1992-11,OK,28f9fdae64022ac31131285e17d9c8bf49fe92b4,30,5b839da1ebf8974ee3cf2251bbeb5960047d54feb94e3f73eb2e6a54db4d472d,,seasonal
mois_x3,detail,8,Simulation,,,,,,,,,0.297,,,1992-11,OK,28f9fdae64022ac31131285e17d9c8bf49fe92b4,30,5b839da1ebf8974ee3cf2251bbeb5960047d54feb94e3f73eb2e6a54db4d472d,,subsidiaries
mois_x3,detail,8,Simulation,,,,,,,,,0.376,,,1992-11,OK,28f9fdae64022ac31131285e17d9c8bf49fe92b4,30,5b839da1ebf8974ee3cf2251bbeb5960047d54feb94e3f73eb2e6a54db4d472d,,objectives
mois_x3,detail,8,Simulation,,,,,,,,,0.075,,,1992-11,OK,28f9fdae64022ac31131285e17d9c8bf49fe92b4,30,5b839da1ebf8974ee3cf2251bbeb5960047d54feb94e3f73eb2e6a54db4d472d,,economy_bookkeeping
mois_x3,detail,8,Entreprise,,,,,,,,,1.574,,,1992-11,OK,28f9fdae64022ac31131285e17d9c8bf49fe92b4,30,5b839da1ebf8974ee3cf2251bbeb5960047d54feb94e3f73eb2e6a54db4d472d,,scene_hero
mois_x3,detail,8,Entreprise,,,,,,,,,0.236,,,1992-11,OK,28f9fdae64022ac31131285e17d9c8bf49fe92b4,30,5b839da1ebf8974ee3cf2251bbeb5960047d54feb94e3f73eb2e6a54db4d472d,,branch_map
mois_x3,detail,8,Entreprise,,,,,,,,,1.823,,,1992-11,OK,28f9fdae64022ac31131285e17d9c8bf49fe92b4,30,5b839da1ebf8974ee3cf2251bbeb5960047d54feb94e3f73eb2e6a54db4d472d,,scene
mois_x3,detail,8,Entreprise,,,,,,,,,0.073,,,1992-11,OK,28f9fdae64022ac31131285e17d9c8bf49fe92b4,30,5b839da1ebf8974ee3cf2251bbeb5960047d54feb94e3f73eb2e6a54db4d472d,,unlocks
mois_x3,detail,8,Entreprise,,,,,,,,,0.494,,,1992-11,OK,28f9fdae64022ac31131285e17d9c8bf49fe92b4,30,5b839da1ebf8974ee3cf2251bbeb5960047d54feb94e3f73eb2e6a54db4d472d,,reputation
mois_x3,detail,8,Entreprise,,,,,,,,,0.863,,,1992-11,OK,28f9fdae64022ac31131285e17d9c8bf49fe92b4,30,5b839da1ebf8974ee3cf2251bbeb5960047d54feb94e3f73eb2e6a54db4d472d,,empire_clear
mois_x3,detail,8,Entreprise,,,,,,,,,1.417,,,1992-11,OK,28f9fdae64022ac31131285e17d9c8bf49fe92b4,30,5b839da1ebf8974ee3cf2251bbeb5960047d54feb94e3f73eb2e6a54db4d472d,,empire_header
mois_x3,detail,8,Entreprise,,,,,,,,,3.712,,,1992-11,OK,28f9fdae64022ac31131285e17d9c8bf49fe92b4,30,5b839da1ebf8974ee3cf2251bbeb5960047d54feb94e3f73eb2e6a54db4d472d,,empire_lines
mois_x3,detail,8,Entreprise,,,,,,,,,5.413,,,1992-11,OK,28f9fdae64022ac31131285e17d9c8bf49fe92b4,30,5b839da1ebf8974ee3cf2251bbeb5960047d54feb94e3f73eb2e6a54db4d472d,,empire_ranking
mois_x3,detail,8,Entreprise,,,,,,,,,7.411,,,1992-11,OK,28f9fdae64022ac31131285e17d9c8bf49fe92b4,30,5b839da1ebf8974ee3cf2251bbeb5960047d54feb94e3f73eb2e6a54db4d472d,,empire_trophies
mois_x3,detail,8,Entreprise,,,,,,,,,18.874,,,1992-11,OK,28f9fdae64022ac31131285e17d9c8bf49fe92b4,30,5b839da1ebf8974ee3cf2251bbeb5960047d54feb94e3f73eb2e6a54db4d472d,,empire
mois_x3,detail,8,Entreprise,,,,,,,,,3.407,,,1992-11,OK,28f9fdae64022ac31131285e17d9c8bf49fe92b4,30,5b839da1ebf8974ee3cf2251bbeb5960047d54feb94e3f73eb2e6a54db4d472d,,subsidiaries
mois_x3,detail,8,Entreprise,,,,,,,,,0.115,,,1992-11,OK,28f9fdae64022ac31131285e17d9c8bf49fe92b4,30,5b839da1ebf8974ee3cf2251bbeb5960047d54feb94e3f73eb2e6a54db4d472d,,subsidiary_sectors
mois_x3,detail,8,Entreprise,,,,,,,,,0.632,,,1992-11,OK,28f9fdae64022ac31131285e17d9c8bf49fe92b4,30,5b839da1ebf8974ee3cf2251bbeb5960047d54feb94e3f73eb2e6a54db4d472d,,objectives
mois_x3,detail,8,Entreprise,,,,,,,,,0.022,,,1992-11,OK,28f9fdae64022ac31131285e17d9c8bf49fe92b4,30,5b839da1ebf8974ee3cf2251bbeb5960047d54feb94e3f73eb2e6a54db4d472d,,executive_brief
mois_x3,detail,8,Entreprise,,,,,,,,,0.002,,,1992-11,OK,28f9fdae64022ac31131285e17d9c8bf49fe92b4,30,5b839da1ebf8974ee3cf2251bbeb5960047d54feb94e3f73eb2e6a54db4d472d,,workplace_and_meters
mois_x3,detail,8,Entreprise,,,,,,,,,0.022,,,1992-11,OK,28f9fdae64022ac31131285e17d9c8bf49fe92b4,30,5b839da1ebf8974ee3cf2251bbeb5960047d54feb94e3f73eb2e6a54db4d472d,,benefit_controls
mois_x3,detail,8,Entreprise,,,,,,,,,0.015,,,1992-11,OK,28f9fdae64022ac31131285e17d9c8bf49fe92b4,30,5b839da1ebf8974ee3cf2251bbeb5960047d54feb94e3f73eb2e6a54db4d472d,,hr_cases
mois_x3,detail,8,Entreprise,,,,,,,,,0.835,,,1992-11,OK,28f9fdae64022ac31131285e17d9c8bf49fe92b4,30,5b839da1ebf8974ee3cf2251bbeb5960047d54feb94e3f73eb2e6a54db4d472d,,financial_advice
mois_x3,detail,8,Entreprise,,,,,,,,,0.011,,,1992-11,OK,28f9fdae64022ac31131285e17d9c8bf49fe92b4,30,5b839da1ebf8974ee3cf2251bbeb5960047d54feb94e3f73eb2e6a54db4d472d,,division_data
mois_x3,detail,8,Entreprise,,,,,,,,,1.365,,,1992-11,OK,28f9fdae64022ac31131285e17d9c8bf49fe92b4,30,5b839da1ebf8974ee3cf2251bbeb5960047d54feb94e3f73eb2e6a54db4d472d,,division_delegation
mois_x3,detail,8,Entreprise,,,,,,,,,0.112,,,1992-11,OK,28f9fdae64022ac31131285e17d9c8bf49fe92b4,30,5b839da1ebf8974ee3cf2251bbeb5960047d54feb94e3f73eb2e6a54db4d472d,,marketing_hint
mois_x3,detail,8,Entreprise,,,,,,,,,0.15,,,1992-11,OK,28f9fdae64022ac31131285e17d9c8bf49fe92b4,30,5b839da1ebf8974ee3cf2251bbeb5960047d54feb94e3f73eb2e6a54db4d472d,,policy_controls
mois_x3,detail,8,Entreprise,,,,,,,,,0.248,,,1992-11,OK,28f9fdae64022ac31131285e17d9c8bf49fe92b4,30,5b839da1ebf8974ee3cf2251bbeb5960047d54feb94e3f73eb2e6a54db4d472d,,leader_choices
mois_x3,detail,8,Simulation,,,,,,,,,35.053,,,1992-11,OK,28f9fdae64022ac31131285e17d9c8bf49fe92b4,30,5b839da1ebf8974ee3cf2251bbeb5960047d54feb94e3f73eb2e6a54db4d472d,,economy_month_closed_callbacks
mois_x3,detail,8,Simulation,,,,,,,,,35.145,,,1992-11,OK,28f9fdae64022ac31131285e17d9c8bf49fe92b4,30,5b839da1ebf8974ee3cf2251bbeb5960047d54feb94e3f73eb2e6a54db4d472d,,economy_close_and_UI
mois_x3,detail,1903,Entreprise,,,,,,,,47.688,115.461,34.826,13.2180004119873,1992-12,OK,28f9fdae64022ac31131285e17d9c8bf49fe92b4,30,5b839da1ebf8974ee3cf2251bbeb5960047d54feb94e3f73eb2e6a54db4d472d,,SLOW_FRAME_64.07s
mois_x3,detail,9,Simulation,,,,,,,,,4.157,,,1992-12,OK,28f9fdae64022ac31131285e17d9c8bf49fe92b4,30,5b839da1ebf8974ee3cf2251bbeb5960047d54feb94e3f73eb2e6a54db4d472d,,company
mois_x3,detail,9,Simulation,,,,,,,,,0.125,,,1992-12,OK,28f9fdae64022ac31131285e17d9c8bf49fe92b4,30,5b839da1ebf8974ee3cf2251bbeb5960047d54feb94e3f73eb2e6a54db4d472d,,divisions
mois_x3,detail,9,Simulation,,,,,,,,,1.089,,,1992-12,OK,28f9fdae64022ac31131285e17d9c8bf49fe92b4,30,5b839da1ebf8974ee3cf2251bbeb5960047d54feb94e3f73eb2e6a54db4d472d,,personnel
mois_x3,detail,9,Simulation,,,,,,,,,4.219,,,1992-12,OK,28f9fdae64022ac31131285e17d9c8bf49fe92b4,30,5b839da1ebf8974ee3cf2251bbeb5960047d54feb94e3f73eb2e6a54db4d472d,,executive
mois_x3,detail,9,Simulation,,,,,,,,,0.123,,,1992-12,OK,28f9fdae64022ac31131285e17d9c8bf49fe92b4,30,5b839da1ebf8974ee3cf2251bbeb5960047d54feb94e3f73eb2e6a54db4d472d,,personnel_begin
mois_x3,detail,9,Simulation,,,,,,,,,0.709,,,1992-12,OK,28f9fdae64022ac31131285e17d9c8bf49fe92b4,30,5b839da1ebf8974ee3cf2251bbeb5960047d54feb94e3f73eb2e6a54db4d472d,,research
mois_x3,detail,9,Simulation,,,,,,,,,3.92,,,1992-12,OK,28f9fdae64022ac31131285e17d9c8bf49fe92b4,30,5b839da1ebf8974ee3cf2251bbeb5960047d54feb94e3f73eb2e6a54db4d472d,,software
mois_x3,detail,9,Simulation,,,,,,,,,0.006,,,1992-12,OK,28f9fdae64022ac31131285e17d9c8bf49fe92b4,30,5b839da1ebf8974ee3cf2251bbeb5960047d54feb94e3f73eb2e6a54db4d472d,,personnel_end
mois_x3,detail,9,Simulation,,,,,,,,,0.897,,,1992-12,OK,28f9fdae64022ac31131285e17d9c8bf49fe92b4,30,5b839da1ebf8974ee3cf2251bbeb5960047d54feb94e3f73eb2e6a54db4d472d,,foundry
mois_x3,detail,9,Simulation,,,,,,,,,0.038,,,1992-12,OK,28f9fdae64022ac31131285e17d9c8bf49fe92b4,30,5b839da1ebf8974ee3cf2251bbeb5960047d54feb94e3f73eb2e6a54db4d472d,,production
mois_x3,detail,9,Simulation,,,,,,,,,20.223,,,1992-12,OK,28f9fdae64022ac31131285e17d9c8bf49fe92b4,30,5b839da1ebf8974ee3cf2251bbeb5960047d54feb94e3f73eb2e6a54db4d472d,,products
mois_x3,detail,9,Simulation,,,,,,,,,0.216,,,1992-12,OK,28f9fdae64022ac31131285e17d9c8bf49fe92b4,30,5b839da1ebf8974ee3cf2251bbeb5960047d54feb94e3f73eb2e6a54db4d472d,,architecture
mois_x3,detail,9,Simulation,,,,,,,,,0.271,,,1992-12,OK,28f9fdae64022ac31131285e17d9c8bf49fe92b4,30,5b839da1ebf8974ee3cf2251bbeb5960047d54feb94e3f73eb2e6a54db4d472d,,supplier
mois_x3,detail,9,Simulation,,,,,,,,,0.01,,,1992-12,OK,28f9fdae64022ac31131285e17d9c8bf49fe92b4,30,5b839da1ebf8974ee3cf2251bbeb5960047d54feb94e3f73eb2e6a54db4d472d,,after_sales
mois_x3,detail,9,Simulation,,,,,,,,,2.736,,,1992-12,OK,28f9fdae64022ac31131285e17d9c8bf49fe92b4,30,5b839da1ebf8974ee3cf2251bbeb5960047d54feb94e3f73eb2e6a54db4d472d,,market
mois_x3,detail,9,Simulation,,,,,,,,,2.079,,,1992-12,OK,28f9fdae64022ac31131285e17d9c8bf49fe92b4,30,5b839da1ebf8974ee3cf2251bbeb5960047d54feb94e3f73eb2e6a54db4d472d,,components
mois_x3,detail,9,Simulation,,,,,,,,,0.014,,,1992-12,OK,28f9fdae64022ac31131285e17d9c8bf49fe92b4,30,5b839da1ebf8974ee3cf2251bbeb5960047d54feb94e3f73eb2e6a54db4d472d,,patents
mois_x3,detail,9,Simulation,,,,,,,,,0.077,,,1992-12,OK,28f9fdae64022ac31131285e17d9c8bf49fe92b4,30,5b839da1ebf8974ee3cf2251bbeb5960047d54feb94e3f73eb2e6a54db4d472d,,garage_business
mois_x3,detail,9,Simulation,,,,,,,,,0.026,,,1992-12,OK,28f9fdae64022ac31131285e17d9c8bf49fe92b4,30,5b839da1ebf8974ee3cf2251bbeb5960047d54feb94e3f73eb2e6a54db4d472d,,seasonal
mois_x3,detail,9,Simulation,,,,,,,,,0.336,,,1992-12,OK,28f9fdae64022ac31131285e17d9c8bf49fe92b4,30,5b839da1ebf8974ee3cf2251bbeb5960047d54feb94e3f73eb2e6a54db4d472d,,subsidiaries
mois_x3,detail,9,Simulation,,,,,,,,,0.444,,,1992-12,OK,28f9fdae64022ac31131285e17d9c8bf49fe92b4,30,5b839da1ebf8974ee3cf2251bbeb5960047d54feb94e3f73eb2e6a54db4d472d,,objectives
mois_x3,detail,9,Simulation,,,,,,,,,0.088,,,1992-12,OK,28f9fdae64022ac31131285e17d9c8bf49fe92b4,30,5b839da1ebf8974ee3cf2251bbeb5960047d54feb94e3f73eb2e6a54db4d472d,,economy_bookkeeping
mois_x3,detail,9,Entreprise,,,,,,,,,30.238,,,1992-12,OK,28f9fdae64022ac31131285e17d9c8bf49fe92b4,30,5b839da1ebf8974ee3cf2251bbeb5960047d54feb94e3f73eb2e6a54db4d472d,,scene_hero
mois_x3,detail,9,Entreprise,,,,,,,,,0.211,,,1992-12,OK,28f9fdae64022ac31131285e17d9c8bf49fe92b4,30,5b839da1ebf8974ee3cf2251bbeb5960047d54feb94e3f73eb2e6a54db4d472d,,branch_map
mois_x3,detail,9,Entreprise,,,,,,,,,30.469,,,1992-12,OK,28f9fdae64022ac31131285e17d9c8bf49fe92b4,30,5b839da1ebf8974ee3cf2251bbeb5960047d54feb94e3f73eb2e6a54db4d472d,,scene
mois_x3,detail,9,Entreprise,,,,,,,,,0.074,,,1992-12,OK,28f9fdae64022ac31131285e17d9c8bf49fe92b4,30,5b839da1ebf8974ee3cf2251bbeb5960047d54feb94e3f73eb2e6a54db4d472d,,unlocks
mois_x3,detail,9,Entreprise,,,,,,,,,0.441,,,1992-12,OK,28f9fdae64022ac31131285e17d9c8bf49fe92b4,30,5b839da1ebf8974ee3cf2251bbeb5960047d54feb94e3f73eb2e6a54db4d472d,,reputation
mois_x3,detail,9,Entreprise,,,,,,,,,0.824,,,1992-12,OK,28f9fdae64022ac31131285e17d9c8bf49fe92b4,30,5b839da1ebf8974ee3cf2251bbeb5960047d54feb94e3f73eb2e6a54db4d472d,,empire_clear
mois_x3,detail,9,Entreprise,,,,,,,,,1.608,,,1992-12,OK,28f9fdae64022ac31131285e17d9c8bf49fe92b4,30,5b839da1ebf8974ee3cf2251bbeb5960047d54feb94e3f73eb2e6a54db4d472d,,empire_header
mois_x3,detail,9,Entreprise,,,,,,,,,4.108,,,1992-12,OK,28f9fdae64022ac31131285e17d9c8bf49fe92b4,30,5b839da1ebf8974ee3cf2251bbeb5960047d54feb94e3f73eb2e6a54db4d472d,,empire_lines
mois_x3,detail,9,Entreprise,,,,,,,,,6.299,,,1992-12,OK,28f9fdae64022ac31131285e17d9c8bf49fe92b4,30,5b839da1ebf8974ee3cf2251bbeb5960047d54feb94e3f73eb2e6a54db4d472d,,empire_ranking
mois_x3,detail,9,Entreprise,,,,,,,,,7.69,,,1992-12,OK,28f9fdae64022ac31131285e17d9c8bf49fe92b4,30,5b839da1ebf8974ee3cf2251bbeb5960047d54feb94e3f73eb2e6a54db4d472d,,empire_trophies
mois_x3,detail,9,Entreprise,,,,,,,,,20.588,,,1992-12,OK,28f9fdae64022ac31131285e17d9c8bf49fe92b4,30,5b839da1ebf8974ee3cf2251bbeb5960047d54feb94e3f73eb2e6a54db4d472d,,empire
mois_x3,detail,9,Entreprise,,,,,,,,,2.419,,,1992-12,OK,28f9fdae64022ac31131285e17d9c8bf49fe92b4,30,5b839da1ebf8974ee3cf2251bbeb5960047d54feb94e3f73eb2e6a54db4d472d,,subsidiaries
mois_x3,detail,9,Entreprise,,,,,,,,,0.102,,,1992-12,OK,28f9fdae64022ac31131285e17d9c8bf49fe92b4,30,5b839da1ebf8974ee3cf2251bbeb5960047d54feb94e3f73eb2e6a54db4d472d,,subsidiary_sectors
mois_x3,detail,9,Entreprise,,,,,,,,,0.631,,,1992-12,OK,28f9fdae64022ac31131285e17d9c8bf49fe92b4,30,5b839da1ebf8974ee3cf2251bbeb5960047d54feb94e3f73eb2e6a54db4d472d,,objectives
mois_x3,detail,9,Entreprise,,,,,,,,,0.007,,,1992-12,OK,28f9fdae64022ac31131285e17d9c8bf49fe92b4,30,5b839da1ebf8974ee3cf2251bbeb5960047d54feb94e3f73eb2e6a54db4d472d,,executive_brief
mois_x3,detail,9,Entreprise,,,,,,,,,0.002,,,1992-12,OK,28f9fdae64022ac31131285e17d9c8bf49fe92b4,30,5b839da1ebf8974ee3cf2251bbeb5960047d54feb94e3f73eb2e6a54db4d472d,,workplace_and_meters
mois_x3,detail,9,Entreprise,,,,,,,,,0.018,,,1992-12,OK,28f9fdae64022ac31131285e17d9c8bf49fe92b4,30,5b839da1ebf8974ee3cf2251bbeb5960047d54feb94e3f73eb2e6a54db4d472d,,benefit_controls
mois_x3,detail,9,Entreprise,,,,,,,,,0.014,,,1992-12,OK,28f9fdae64022ac31131285e17d9c8bf49fe92b4,30,5b839da1ebf8974ee3cf2251bbeb5960047d54feb94e3f73eb2e6a54db4d472d,,hr_cases
mois_x3,detail,9,Entreprise,,,,,,,,,0.691,,,1992-12,OK,28f9fdae64022ac31131285e17d9c8bf49fe92b4,30,5b839da1ebf8974ee3cf2251bbeb5960047d54feb94e3f73eb2e6a54db4d472d,,financial_advice
mois_x3,detail,9,Entreprise,,,,,,,,,0.003,,,1992-12,OK,28f9fdae64022ac31131285e17d9c8bf49fe92b4,30,5b839da1ebf8974ee3cf2251bbeb5960047d54feb94e3f73eb2e6a54db4d472d,,division_data
mois_x3,detail,9,Entreprise,,,,,,,,,0.687,,,1992-12,OK,28f9fdae64022ac31131285e17d9c8bf49fe92b4,30,5b839da1ebf8974ee3cf2251bbeb5960047d54feb94e3f73eb2e6a54db4d472d,,division_delegation
mois_x3,detail,9,Entreprise,,,,,,,,,0.049,,,1992-12,OK,28f9fdae64022ac31131285e17d9c8bf49fe92b4,30,5b839da1ebf8974ee3cf2251bbeb5960047d54feb94e3f73eb2e6a54db4d472d,,marketing_hint
mois_x3,detail,9,Entreprise,,,,,,,,,0.066,,,1992-12,OK,28f9fdae64022ac31131285e17d9c8bf49fe92b4,30,5b839da1ebf8974ee3cf2251bbeb5960047d54feb94e3f73eb2e6a54db4d472d,,policy_controls
mois_x3,detail,9,Entreprise,,,,,,,,,0.136,,,1992-12,OK,28f9fdae64022ac31131285e17d9c8bf49fe92b4,30,5b839da1ebf8974ee3cf2251bbeb5960047d54feb94e3f73eb2e6a54db4d472d,,leader_choices
mois_x3,detail,9,Simulation,,,,,,,,,63.121,,,1992-12,OK,28f9fdae64022ac31131285e17d9c8bf49fe92b4,30,5b839da1ebf8974ee3cf2251bbeb5960047d54feb94e3f73eb2e6a54db4d472d,,economy_month_closed_callbacks
mois_x3,detail,9,Simulation,,,,,,,,,63.22,,,1992-12,OK,28f9fdae64022ac31131285e17d9c8bf49fe92b4,30,5b839da1ebf8974ee3cf2251bbeb5960047d54feb94e3f73eb2e6a54db4d472d,,economy_close_and_UI
mois_x3,detail,2142,Entreprise,,,,,,,,42.49,139.394,62.859,13.1540002822876,1993-1,OK,28f9fdae64022ac31131285e17d9c8bf49fe92b4,30,5b839da1ebf8974ee3cf2251bbeb5960047d54feb94e3f73eb2e6a54db4d472d,,SLOW_FRAME_72.11s
mois_x3,detail,10,Simulation,,,,,,,,,2.763,,,1993-1,OK,28f9fdae64022ac31131285e17d9c8bf49fe92b4,30,5b839da1ebf8974ee3cf2251bbeb5960047d54feb94e3f73eb2e6a54db4d472d,,company
mois_x3,detail,10,Simulation,,,,,,,,,0.108,,,1993-1,OK,28f9fdae64022ac31131285e17d9c8bf49fe92b4,30,5b839da1ebf8974ee3cf2251bbeb5960047d54feb94e3f73eb2e6a54db4d472d,,divisions
mois_x3,detail,10,Simulation,,,,,,,,,0.937,,,1993-1,OK,28f9fdae64022ac31131285e17d9c8bf49fe92b4,30,5b839da1ebf8974ee3cf2251bbeb5960047d54feb94e3f73eb2e6a54db4d472d,,personnel
mois_x3,detail,10,Simulation,,,,,,,,,2.936,,,1993-1,OK,28f9fdae64022ac31131285e17d9c8bf49fe92b4,30,5b839da1ebf8974ee3cf2251bbeb5960047d54feb94e3f73eb2e6a54db4d472d,,executive
mois_x3,detail,10,Simulation,,,,,,,,,0.087,,,1993-1,OK,28f9fdae64022ac31131285e17d9c8bf49fe92b4,30,5b839da1ebf8974ee3cf2251bbeb5960047d54feb94e3f73eb2e6a54db4d472d,,personnel_begin
mois_x3,detail,10,Simulation,,,,,,,,,0.694,,,1993-1,OK,28f9fdae64022ac31131285e17d9c8bf49fe92b4,30,5b839da1ebf8974ee3cf2251bbeb5960047d54feb94e3f73eb2e6a54db4d472d,,research
mois_x3,detail,10,Simulation,,,,,,,,,2.872,,,1993-1,OK,28f9fdae64022ac31131285e17d9c8bf49fe92b4,30,5b839da1ebf8974ee3cf2251bbeb5960047d54feb94e3f73eb2e6a54db4d472d,,software
mois_x3,detail,10,Simulation,,,,,,,,,0.007,,,1993-1,OK,28f9fdae64022ac31131285e17d9c8bf49fe92b4,30,5b839da1ebf8974ee3cf2251bbeb5960047d54feb94e3f73eb2e6a54db4d472d,,personnel_end
mois_x3,detail,10,Simulation,,,,,,,,,0.582,,,1993-1,OK,28f9fdae64022ac31131285e17d9c8bf49fe92b4,30,5b839da1ebf8974ee3cf2251bbeb5960047d54feb94e3f73eb2e6a54db4d472d,,foundry
mois_x3,detail,10,Simulation,,,,,,,,,0.026,,,1993-1,OK,28f9fdae64022ac31131285e17d9c8bf49fe92b4,30,5b839da1ebf8974ee3cf2251bbeb5960047d54feb94e3f73eb2e6a54db4d472d,,production
mois_x3,detail,10,Simulation,,,,,,,,,20.504,,,1993-1,OK,28f9fdae64022ac31131285e17d9c8bf49fe92b4,30,5b839da1ebf8974ee3cf2251bbeb5960047d54feb94e3f73eb2e6a54db4d472d,,products
mois_x3,detail,10,Simulation,,,,,,,,,0.235,,,1993-1,OK,28f9fdae64022ac31131285e17d9c8bf49fe92b4,30,5b839da1ebf8974ee3cf2251bbeb5960047d54feb94e3f73eb2e6a54db4d472d,,architecture
mois_x3,detail,10,Simulation,,,,,,,,,0.328,,,1993-1,OK,28f9fdae64022ac31131285e17d9c8bf49fe92b4,30,5b839da1ebf8974ee3cf2251bbeb5960047d54feb94e3f73eb2e6a54db4d472d,,supplier
mois_x3,detail,10,Simulation,,,,,,,,,0.009,,,1993-1,OK,28f9fdae64022ac31131285e17d9c8bf49fe92b4,30,5b839da1ebf8974ee3cf2251bbeb5960047d54feb94e3f73eb2e6a54db4d472d,,after_sales
mois_x3,detail,10,Simulation,,,,,,,,,5.571,,,1993-1,OK,28f9fdae64022ac31131285e17d9c8bf49fe92b4,30,5b839da1ebf8974ee3cf2251bbeb5960047d54feb94e3f73eb2e6a54db4d472d,,market
mois_x3,detail,10,Simulation,,,,,,,,,2.229,,,1993-1,OK,28f9fdae64022ac31131285e17d9c8bf49fe92b4,30,5b839da1ebf8974ee3cf2251bbeb5960047d54feb94e3f73eb2e6a54db4d472d,,components
mois_x3,detail,10,Simulation,,,,,,,,,0.014,,,1993-1,OK,28f9fdae64022ac31131285e17d9c8bf49fe92b4,30,5b839da1ebf8974ee3cf2251bbeb5960047d54feb94e3f73eb2e6a54db4d472d,,patents
mois_x3,detail,10,Simulation,,,,,,,,,0.077,,,1993-1,OK,28f9fdae64022ac31131285e17d9c8bf49fe92b4,30,5b839da1ebf8974ee3cf2251bbeb5960047d54feb94e3f73eb2e6a54db4d472d,,garage_business
mois_x3,detail,10,Simulation,,,,,,,,,0.011,,,1993-1,OK,28f9fdae64022ac31131285e17d9c8bf49fe92b4,30,5b839da1ebf8974ee3cf2251bbeb5960047d54feb94e3f73eb2e6a54db4d472d,,seasonal
mois_x3,detail,10,Simulation,,,,,,,,,0.312,,,1993-1,OK,28f9fdae64022ac31131285e17d9c8bf49fe92b4,30,5b839da1ebf8974ee3cf2251bbeb5960047d54feb94e3f73eb2e6a54db4d472d,,subsidiaries
mois_x3,detail,10,Simulation,,,,,,,,,0.415,,,1993-1,OK,28f9fdae64022ac31131285e17d9c8bf49fe92b4,30,5b839da1ebf8974ee3cf2251bbeb5960047d54feb94e3f73eb2e6a54db4d472d,,objectives
mois_x3,detail,10,Simulation,,,,,,,,,0.089,,,1993-1,OK,28f9fdae64022ac31131285e17d9c8bf49fe92b4,30,5b839da1ebf8974ee3cf2251bbeb5960047d54feb94e3f73eb2e6a54db4d472d,,economy_bookkeeping
mois_x3,detail,10,Entreprise,,,,,,,,,1.479,,,1993-1,OK,28f9fdae64022ac31131285e17d9c8bf49fe92b4,30,5b839da1ebf8974ee3cf2251bbeb5960047d54feb94e3f73eb2e6a54db4d472d,,scene_hero
mois_x3,detail,10,Entreprise,,,,,,,,,0.229,,,1993-1,OK,28f9fdae64022ac31131285e17d9c8bf49fe92b4,30,5b839da1ebf8974ee3cf2251bbeb5960047d54feb94e3f73eb2e6a54db4d472d,,branch_map
mois_x3,detail,10,Entreprise,,,,,,,,,1.722,,,1993-1,OK,28f9fdae64022ac31131285e17d9c8bf49fe92b4,30,5b839da1ebf8974ee3cf2251bbeb5960047d54feb94e3f73eb2e6a54db4d472d,,scene
mois_x3,detail,10,Entreprise,,,,,,,,,0.078,,,1993-1,OK,28f9fdae64022ac31131285e17d9c8bf49fe92b4,30,5b839da1ebf8974ee3cf2251bbeb5960047d54feb94e3f73eb2e6a54db4d472d,,unlocks
mois_x3,detail,10,Entreprise,,,,,,,,,0.552,,,1993-1,OK,28f9fdae64022ac31131285e17d9c8bf49fe92b4,30,5b839da1ebf8974ee3cf2251bbeb5960047d54feb94e3f73eb2e6a54db4d472d,,reputation
mois_x3,detail,10,Entreprise,,,,,,,,,0.902,,,1993-1,OK,28f9fdae64022ac31131285e17d9c8bf49fe92b4,30,5b839da1ebf8974ee3cf2251bbeb5960047d54feb94e3f73eb2e6a54db4d472d,,empire_clear
mois_x3,detail,10,Entreprise,,,,,,,,,1.475,,,1993-1,OK,28f9fdae64022ac31131285e17d9c8bf49fe92b4,30,5b839da1ebf8974ee3cf2251bbeb5960047d54feb94e3f73eb2e6a54db4d472d,,empire_header
mois_x3,detail,10,Entreprise,,,,,,,,,3.959,,,1993-1,OK,28f9fdae64022ac31131285e17d9c8bf49fe92b4,30,5b839da1ebf8974ee3cf2251bbeb5960047d54feb94e3f73eb2e6a54db4d472d,,empire_lines
mois_x3,detail,10,Entreprise,,,,,,,,,5.389,,,1993-1,OK,28f9fdae64022ac31131285e17d9c8bf49fe92b4,30,5b839da1ebf8974ee3cf2251bbeb5960047d54feb94e3f73eb2e6a54db4d472d,,empire_ranking
mois_x3,detail,10,Entreprise,,,,,,,,,7.752,,,1993-1,OK,28f9fdae64022ac31131285e17d9c8bf49fe92b4,30,5b839da1ebf8974ee3cf2251bbeb5960047d54feb94e3f73eb2e6a54db4d472d,,empire_trophies
mois_x3,detail,10,Entreprise,,,,,,,,,19.536,,,1993-1,OK,28f9fdae64022ac31131285e17d9c8bf49fe92b4,30,5b839da1ebf8974ee3cf2251bbeb5960047d54feb94e3f73eb2e6a54db4d472d,,empire
mois_x3,detail,10,Entreprise,,,,,,,,,3.714,,,1993-1,OK,28f9fdae64022ac31131285e17d9c8bf49fe92b4,30,5b839da1ebf8974ee3cf2251bbeb5960047d54feb94e3f73eb2e6a54db4d472d,,subsidiaries
mois_x3,detail,10,Entreprise,,,,,,,,,0.146,,,1993-1,OK,28f9fdae64022ac31131285e17d9c8bf49fe92b4,30,5b839da1ebf8974ee3cf2251bbeb5960047d54feb94e3f73eb2e6a54db4d472d,,subsidiary_sectors
mois_x3,detail,10,Entreprise,,,,,,,,,0.719,,,1993-1,OK,28f9fdae64022ac31131285e17d9c8bf49fe92b4,30,5b839da1ebf8974ee3cf2251bbeb5960047d54feb94e3f73eb2e6a54db4d472d,,objectives
mois_x3,detail,10,Entreprise,,,,,,,,,0.012,,,1993-1,OK,28f9fdae64022ac31131285e17d9c8bf49fe92b4,30,5b839da1ebf8974ee3cf2251bbeb5960047d54feb94e3f73eb2e6a54db4d472d,,executive_brief
mois_x3,detail,10,Entreprise,,,,,,,,,0.004,,,1993-1,OK,28f9fdae64022ac31131285e17d9c8bf49fe92b4,30,5b839da1ebf8974ee3cf2251bbeb5960047d54feb94e3f73eb2e6a54db4d472d,,workplace_and_meters
mois_x3,detail,10,Entreprise,,,,,,,,,0.025,,,1993-1,OK,28f9fdae64022ac31131285e17d9c8bf49fe92b4,30,5b839da1ebf8974ee3cf2251bbeb5960047d54feb94e3f73eb2e6a54db4d472d,,benefit_controls
mois_x3,detail,10,Entreprise,,,,,,,,,0.022,,,1993-1,OK,28f9fdae64022ac31131285e17d9c8bf49fe92b4,30,5b839da1ebf8974ee3cf2251bbeb5960047d54feb94e3f73eb2e6a54db4d472d,,hr_cases
mois_x3,detail,10,Entreprise,,,,,,,,,1.563,,,1993-1,OK,28f9fdae64022ac31131285e17d9c8bf49fe92b4,30,5b839da1ebf8974ee3cf2251bbeb5960047d54feb94e3f73eb2e6a54db4d472d,,financial_advice
mois_x3,detail,10,Entreprise,,,,,,,,,0.005,,,1993-1,OK,28f9fdae64022ac31131285e17d9c8bf49fe92b4,30,5b839da1ebf8974ee3cf2251bbeb5960047d54feb94e3f73eb2e6a54db4d472d,,division_data
mois_x3,detail,10,Entreprise,,,,,,,,,0.812,,,1993-1,OK,28f9fdae64022ac31131285e17d9c8bf49fe92b4,30,5b839da1ebf8974ee3cf2251bbeb5960047d54feb94e3f73eb2e6a54db4d472d,,division_delegation
mois_x3,detail,10,Entreprise,,,,,,,,,0.067,,,1993-1,OK,28f9fdae64022ac31131285e17d9c8bf49fe92b4,30,5b839da1ebf8974ee3cf2251bbeb5960047d54feb94e3f73eb2e6a54db4d472d,,marketing_hint
mois_x3,detail,10,Entreprise,,,,,,,,,0.085,,,1993-1,OK,28f9fdae64022ac31131285e17d9c8bf49fe92b4,30,5b839da1ebf8974ee3cf2251bbeb5960047d54feb94e3f73eb2e6a54db4d472d,,policy_controls
mois_x3,detail,10,Entreprise,,,,,,,,,0.148,,,1993-1,OK,28f9fdae64022ac31131285e17d9c8bf49fe92b4,30,5b839da1ebf8974ee3cf2251bbeb5960047d54feb94e3f73eb2e6a54db4d472d,,leader_choices
mois_x3,detail,10,Simulation,,,,,,,,,37.062,,,1993-1,OK,28f9fdae64022ac31131285e17d9c8bf49fe92b4,30,5b839da1ebf8974ee3cf2251bbeb5960047d54feb94e3f73eb2e6a54db4d472d,,economy_month_closed_callbacks
mois_x3,detail,10,Simulation,,,,,,,,,37.164,,,1993-1,OK,28f9fdae64022ac31131285e17d9c8bf49fe92b4,30,5b839da1ebf8974ee3cf2251bbeb5960047d54feb94e3f73eb2e6a54db4d472d,,economy_close_and_UI
mois_x3,detail,2380,Entreprise,,,,,,,,41.344,111.421,36.831,13.2440004348755,1993-2,OK,28f9fdae64022ac31131285e17d9c8bf49fe92b4,30,5b839da1ebf8974ee3cf2251bbeb5960047d54feb94e3f73eb2e6a54db4d472d,,SLOW_FRAME_80.08s
mois_x3,detail,11,Simulation,,,,,,,,,4.496,,,1993-2,OK,28f9fdae64022ac31131285e17d9c8bf49fe92b4,30,5b839da1ebf8974ee3cf2251bbeb5960047d54feb94e3f73eb2e6a54db4d472d,,company
mois_x3,detail,11,Simulation,,,,,,,,,0.154,,,1993-2,OK,28f9fdae64022ac31131285e17d9c8bf49fe92b4,30,5b839da1ebf8974ee3cf2251bbeb5960047d54feb94e3f73eb2e6a54db4d472d,,divisions
mois_x3,detail,11,Simulation,,,,,,,,,1.321,,,1993-2,OK,28f9fdae64022ac31131285e17d9c8bf49fe92b4,30,5b839da1ebf8974ee3cf2251bbeb5960047d54feb94e3f73eb2e6a54db4d472d,,personnel
mois_x3,detail,11,Simulation,,,,,,,,,5.313,,,1993-2,OK,28f9fdae64022ac31131285e17d9c8bf49fe92b4,30,5b839da1ebf8974ee3cf2251bbeb5960047d54feb94e3f73eb2e6a54db4d472d,,executive
mois_x3,detail,11,Simulation,,,,,,,,,0.145,,,1993-2,OK,28f9fdae64022ac31131285e17d9c8bf49fe92b4,30,5b839da1ebf8974ee3cf2251bbeb5960047d54feb94e3f73eb2e6a54db4d472d,,personnel_begin
mois_x3,detail,11,Simulation,,,,,,,,,0.901,,,1993-2,OK,28f9fdae64022ac31131285e17d9c8bf49fe92b4,30,5b839da1ebf8974ee3cf2251bbeb5960047d54feb94e3f73eb2e6a54db4d472d,,research
mois_x3,detail,11,Simulation,,,,,,,,,4.485,,,1993-2,OK,28f9fdae64022ac31131285e17d9c8bf49fe92b4,30,5b839da1ebf8974ee3cf2251bbeb5960047d54feb94e3f73eb2e6a54db4d472d,,software
mois_x3,detail,11,Simulation,,,,,,,,,0.009,,,1993-2,OK,28f9fdae64022ac31131285e17d9c8bf49fe92b4,30,5b839da1ebf8974ee3cf2251bbeb5960047d54feb94e3f73eb2e6a54db4d472d,,personnel_end
mois_x3,detail,11,Simulation,,,,,,,,,0.832,,,1993-2,OK,28f9fdae64022ac31131285e17d9c8bf49fe92b4,30,5b839da1ebf8974ee3cf2251bbeb5960047d54feb94e3f73eb2e6a54db4d472d,,foundry
mois_x3,detail,11,Simulation,,,,,,,,,0.039,,,1993-2,OK,28f9fdae64022ac31131285e17d9c8bf49fe92b4,30,5b839da1ebf8974ee3cf2251bbeb5960047d54feb94e3f73eb2e6a54db4d472d,,production
mois_x3,detail,11,Simulation,,,,,,,,,19.558,,,1993-2,OK,28f9fdae64022ac31131285e17d9c8bf49fe92b4,30,5b839da1ebf8974ee3cf2251bbeb5960047d54feb94e3f73eb2e6a54db4d472d,,products
mois_x3,detail,11,Simulation,,,,,,,,,0.251,,,1993-2,OK,28f9fdae64022ac31131285e17d9c8bf49fe92b4,30,5b839da1ebf8974ee3cf2251bbeb5960047d54feb94e3f73eb2e6a54db4d472d,,architecture
mois_x3,detail,11,Simulation,,,,,,,,,0.31,,,1993-2,OK,28f9fdae64022ac31131285e17d9c8bf49fe92b4,30,5b839da1ebf8974ee3cf2251bbeb5960047d54feb94e3f73eb2e6a54db4d472d,,supplier
mois_x3,detail,11,Simulation,,,,,,,,,0.009,,,1993-2,OK,28f9fdae64022ac31131285e17d9c8bf49fe92b4,30,5b839da1ebf8974ee3cf2251bbeb5960047d54feb94e3f73eb2e6a54db4d472d,,after_sales
mois_x3,detail,11,Simulation,,,,,,,,,2.605,,,1993-2,OK,28f9fdae64022ac31131285e17d9c8bf49fe92b4,30,5b839da1ebf8974ee3cf2251bbeb5960047d54feb94e3f73eb2e6a54db4d472d,,market
mois_x3,detail,11,Simulation,,,,,,,,,2.453,,,1993-2,OK,28f9fdae64022ac31131285e17d9c8bf49fe92b4,30,5b839da1ebf8974ee3cf2251bbeb5960047d54feb94e3f73eb2e6a54db4d472d,,components
mois_x3,detail,11,Simulation,,,,,,,,,0.013,,,1993-2,OK,28f9fdae64022ac31131285e17d9c8bf49fe92b4,30,5b839da1ebf8974ee3cf2251bbeb5960047d54feb94e3f73eb2e6a54db4d472d,,patents
mois_x3,detail,11,Simulation,,,,,,,,,0.074,,,1993-2,OK,28f9fdae64022ac31131285e17d9c8bf49fe92b4,30,5b839da1ebf8974ee3cf2251bbeb5960047d54feb94e3f73eb2e6a54db4d472d,,garage_business
mois_x3,detail,11,Simulation,,,,,,,,,0.012,,,1993-2,OK,28f9fdae64022ac31131285e17d9c8bf49fe92b4,30,5b839da1ebf8974ee3cf2251bbeb5960047d54feb94e3f73eb2e6a54db4d472d,,seasonal
mois_x3,detail,11,Simulation,,,,,,,,,0.314,,,1993-2,OK,28f9fdae64022ac31131285e17d9c8bf49fe92b4,30,5b839da1ebf8974ee3cf2251bbeb5960047d54feb94e3f73eb2e6a54db4d472d,,subsidiaries
mois_x3,detail,11,Simulation,,,,,,,,,0.403,,,1993-2,OK,28f9fdae64022ac31131285e17d9c8bf49fe92b4,30,5b839da1ebf8974ee3cf2251bbeb5960047d54feb94e3f73eb2e6a54db4d472d,,objectives
mois_x3,detail,11,Simulation,,,,,,,,,0.092,,,1993-2,OK,28f9fdae64022ac31131285e17d9c8bf49fe92b4,30,5b839da1ebf8974ee3cf2251bbeb5960047d54feb94e3f73eb2e6a54db4d472d,,economy_bookkeeping
mois_x3,detail,11,Entreprise,,,,,,,,,1.353,,,1993-2,OK,28f9fdae64022ac31131285e17d9c8bf49fe92b4,30,5b839da1ebf8974ee3cf2251bbeb5960047d54feb94e3f73eb2e6a54db4d472d,,scene_hero
mois_x3,detail,11,Entreprise,,,,,,,,,0.21,,,1993-2,OK,28f9fdae64022ac31131285e17d9c8bf49fe92b4,30,5b839da1ebf8974ee3cf2251bbeb5960047d54feb94e3f73eb2e6a54db4d472d,,branch_map
mois_x3,detail,11,Entreprise,,,,,,,,,1.576,,,1993-2,OK,28f9fdae64022ac31131285e17d9c8bf49fe92b4,30,5b839da1ebf8974ee3cf2251bbeb5960047d54feb94e3f73eb2e6a54db4d472d,,scene
mois_x3,detail,11,Entreprise,,,,,,,,,0.065,,,1993-2,OK,28f9fdae64022ac31131285e17d9c8bf49fe92b4,30,5b839da1ebf8974ee3cf2251bbeb5960047d54feb94e3f73eb2e6a54db4d472d,,unlocks
mois_x3,detail,11,Entreprise,,,,,,,,,0.458,,,1993-2,OK,28f9fdae64022ac31131285e17d9c8bf49fe92b4,30,5b839da1ebf8974ee3cf2251bbeb5960047d54feb94e3f73eb2e6a54db4d472d,,reputation
mois_x3,detail,11,Entreprise,,,,,,,,,0.801,,,1993-2,OK,28f9fdae64022ac31131285e17d9c8bf49fe92b4,30,5b839da1ebf8974ee3cf2251bbeb5960047d54feb94e3f73eb2e6a54db4d472d,,empire_clear
mois_x3,detail,11,Entreprise,,,,,,,,,1.523,,,1993-2,OK,28f9fdae64022ac31131285e17d9c8bf49fe92b4,30,5b839da1ebf8974ee3cf2251bbeb5960047d54feb94e3f73eb2e6a54db4d472d,,empire_header
mois_x3,detail,11,Entreprise,,,,,,,,,3.677,,,1993-2,OK,28f9fdae64022ac31131285e17d9c8bf49fe92b4,30,5b839da1ebf8974ee3cf2251bbeb5960047d54feb94e3f73eb2e6a54db4d472d,,empire_lines
mois_x3,detail,11,Entreprise,,,,,,,,,5.466,,,1993-2,OK,28f9fdae64022ac31131285e17d9c8bf49fe92b4,30,5b839da1ebf8974ee3cf2251bbeb5960047d54feb94e3f73eb2e6a54db4d472d,,empire_ranking
mois_x3,detail,11,Entreprise,,,,,,,,,7.839,,,1993-2,OK,28f9fdae64022ac31131285e17d9c8bf49fe92b4,30,5b839da1ebf8974ee3cf2251bbeb5960047d54feb94e3f73eb2e6a54db4d472d,,empire_trophies
mois_x3,detail,11,Entreprise,,,,,,,,,19.365,,,1993-2,OK,28f9fdae64022ac31131285e17d9c8bf49fe92b4,30,5b839da1ebf8974ee3cf2251bbeb5960047d54feb94e3f73eb2e6a54db4d472d,,empire
mois_x3,detail,11,Entreprise,,,,,,,,,3.725,,,1993-2,OK,28f9fdae64022ac31131285e17d9c8bf49fe92b4,30,5b839da1ebf8974ee3cf2251bbeb5960047d54feb94e3f73eb2e6a54db4d472d,,subsidiaries
mois_x3,detail,11,Entreprise,,,,,,,,,0.139,,,1993-2,OK,28f9fdae64022ac31131285e17d9c8bf49fe92b4,30,5b839da1ebf8974ee3cf2251bbeb5960047d54feb94e3f73eb2e6a54db4d472d,,subsidiary_sectors
mois_x3,detail,11,Entreprise,,,,,,,,,0.629,,,1993-2,OK,28f9fdae64022ac31131285e17d9c8bf49fe92b4,30,5b839da1ebf8974ee3cf2251bbeb5960047d54feb94e3f73eb2e6a54db4d472d,,objectives
mois_x3,detail,11,Entreprise,,,,,,,,,0.014,,,1993-2,OK,28f9fdae64022ac31131285e17d9c8bf49fe92b4,30,5b839da1ebf8974ee3cf2251bbeb5960047d54feb94e3f73eb2e6a54db4d472d,,executive_brief
mois_x3,detail,11,Entreprise,,,,,,,,,0.004,,,1993-2,OK,28f9fdae64022ac31131285e17d9c8bf49fe92b4,30,5b839da1ebf8974ee3cf2251bbeb5960047d54feb94e3f73eb2e6a54db4d472d,,workplace_and_meters
mois_x3,detail,11,Entreprise,,,,,,,,,0.028,,,1993-2,OK,28f9fdae64022ac31131285e17d9c8bf49fe92b4,30,5b839da1ebf8974ee3cf2251bbeb5960047d54feb94e3f73eb2e6a54db4d472d,,benefit_controls
mois_x3,detail,11,Entreprise,,,,,,,,,0.023,,,1993-2,OK,28f9fdae64022ac31131285e17d9c8bf49fe92b4,30,5b839da1ebf8974ee3cf2251bbeb5960047d54feb94e3f73eb2e6a54db4d472d,,hr_cases
mois_x3,detail,11,Entreprise,,,,,,,,,0.842,,,1993-2,OK,28f9fdae64022ac31131285e17d9c8bf49fe92b4,30,5b839da1ebf8974ee3cf2251bbeb5960047d54feb94e3f73eb2e6a54db4d472d,,financial_advice
mois_x3,detail,11,Entreprise,,,,,,,,,1.214,,,1993-2,OK,28f9fdae64022ac31131285e17d9c8bf49fe92b4,30,5b839da1ebf8974ee3cf2251bbeb5960047d54feb94e3f73eb2e6a54db4d472d,,division_data
mois_x3,detail,11,Entreprise,,,,,,,,,0.972,,,1993-2,OK,28f9fdae64022ac31131285e17d9c8bf49fe92b4,30,5b839da1ebf8974ee3cf2251bbeb5960047d54feb94e3f73eb2e6a54db4d472d,,division_delegation
mois_x3,detail,11,Entreprise,,,,,,,,,0.085,,,1993-2,OK,28f9fdae64022ac31131285e17d9c8bf49fe92b4,30,5b839da1ebf8974ee3cf2251bbeb5960047d54feb94e3f73eb2e6a54db4d472d,,marketing_hint
mois_x3,detail,11,Entreprise,,,,,,,,,0.105,,,1993-2,OK,28f9fdae64022ac31131285e17d9c8bf49fe92b4,30,5b839da1ebf8974ee3cf2251bbeb5960047d54feb94e3f73eb2e6a54db4d472d,,policy_controls
mois_x3,detail,11,Entreprise,,,,,,,,,0.177,,,1993-2,OK,28f9fdae64022ac31131285e17d9c8bf49fe92b4,30,5b839da1ebf8974ee3cf2251bbeb5960047d54feb94e3f73eb2e6a54db4d472d,,leader_choices
mois_x3,detail,11,Simulation,,,,,,,,,37.093,,,1993-2,OK,28f9fdae64022ac31131285e17d9c8bf49fe92b4,30,5b839da1ebf8974ee3cf2251bbeb5960047d54feb94e3f73eb2e6a54db4d472d,,economy_month_closed_callbacks
mois_x3,detail,11,Simulation,,,,,,,,,37.196,,,1993-2,OK,28f9fdae64022ac31131285e17d9c8bf49fe92b4,30,5b839da1ebf8974ee3cf2251bbeb5960047d54feb94e3f73eb2e6a54db4d472d,,economy_close_and_UI
mois_x3,detail,2619,Entreprise,,,,,,,,44.441,114.811,36.84,14.1409997940063,1993-3,OK,28f9fdae64022ac31131285e17d9c8bf49fe92b4,30,5b839da1ebf8974ee3cf2251bbeb5960047d54feb94e3f73eb2e6a54db4d472d,,SLOW_FRAME_88.09s
mois_x3,detail,12,Simulation,,,,,,,,,4.611,,,1993-3,OK,28f9fdae64022ac31131285e17d9c8bf49fe92b4,30,5b839da1ebf8974ee3cf2251bbeb5960047d54feb94e3f73eb2e6a54db4d472d,,company
mois_x3,detail,12,Simulation,,,,,,,,,0.139,,,1993-3,OK,28f9fdae64022ac31131285e17d9c8bf49fe92b4,30,5b839da1ebf8974ee3cf2251bbeb5960047d54feb94e3f73eb2e6a54db4d472d,,divisions
mois_x3,detail,12,Simulation,,,,,,,,,1.345,,,1993-3,OK,28f9fdae64022ac31131285e17d9c8bf49fe92b4,30,5b839da1ebf8974ee3cf2251bbeb5960047d54feb94e3f73eb2e6a54db4d472d,,personnel
mois_x3,detail,12,Simulation,,,,,,,,,5.025,,,1993-3,OK,28f9fdae64022ac31131285e17d9c8bf49fe92b4,30,5b839da1ebf8974ee3cf2251bbeb5960047d54feb94e3f73eb2e6a54db4d472d,,executive
mois_x3,detail,12,Simulation,,,,,,,,,0.114,,,1993-3,OK,28f9fdae64022ac31131285e17d9c8bf49fe92b4,30,5b839da1ebf8974ee3cf2251bbeb5960047d54feb94e3f73eb2e6a54db4d472d,,personnel_begin
mois_x3,detail,12,Simulation,,,,,,,,,0.703,,,1993-3,OK,28f9fdae64022ac31131285e17d9c8bf49fe92b4,30,5b839da1ebf8974ee3cf2251bbeb5960047d54feb94e3f73eb2e6a54db4d472d,,research
mois_x3,detail,12,Simulation,,,,,,,,,4.204,,,1993-3,OK,28f9fdae64022ac31131285e17d9c8bf49fe92b4,30,5b839da1ebf8974ee3cf2251bbeb5960047d54feb94e3f73eb2e6a54db4d472d,,software
mois_x3,detail,12,Simulation,,,,,,,,,0.006,,,1993-3,OK,28f9fdae64022ac31131285e17d9c8bf49fe92b4,30,5b839da1ebf8974ee3cf2251bbeb5960047d54feb94e3f73eb2e6a54db4d472d,,personnel_end
mois_x3,detail,12,Simulation,,,,,,,,,0.796,,,1993-3,OK,28f9fdae64022ac31131285e17d9c8bf49fe92b4,30,5b839da1ebf8974ee3cf2251bbeb5960047d54feb94e3f73eb2e6a54db4d472d,,foundry
mois_x3,detail,12,Simulation,,,,,,,,,0.043,,,1993-3,OK,28f9fdae64022ac31131285e17d9c8bf49fe92b4,30,5b839da1ebf8974ee3cf2251bbeb5960047d54feb94e3f73eb2e6a54db4d472d,,production
mois_x3,detail,12,Simulation,,,,,,,,,20.062,,,1993-3,OK,28f9fdae64022ac31131285e17d9c8bf49fe92b4,30,5b839da1ebf8974ee3cf2251bbeb5960047d54feb94e3f73eb2e6a54db4d472d,,products
mois_x3,detail,12,Simulation,,,,,,,,,0.231,,,1993-3,OK,28f9fdae64022ac31131285e17d9c8bf49fe92b4,30,5b839da1ebf8974ee3cf2251bbeb5960047d54feb94e3f73eb2e6a54db4d472d,,architecture
mois_x3,detail,12,Simulation,,,,,,,,,0.279,,,1993-3,OK,28f9fdae64022ac31131285e17d9c8bf49fe92b4,30,5b839da1ebf8974ee3cf2251bbeb5960047d54feb94e3f73eb2e6a54db4d472d,,supplier
mois_x3,detail,12,Simulation,,,,,,,,,0.01,,,1993-3,OK,28f9fdae64022ac31131285e17d9c8bf49fe92b4,30,5b839da1ebf8974ee3cf2251bbeb5960047d54feb94e3f73eb2e6a54db4d472d,,after_sales
mois_x3,detail,12,Simulation,,,,,,,,,2.525,,,1993-3,OK,28f9fdae64022ac31131285e17d9c8bf49fe92b4,30,5b839da1ebf8974ee3cf2251bbeb5960047d54feb94e3f73eb2e6a54db4d472d,,market
mois_x3,detail,12,Simulation,,,,,,,,,2.169,,,1993-3,OK,28f9fdae64022ac31131285e17d9c8bf49fe92b4,30,5b839da1ebf8974ee3cf2251bbeb5960047d54feb94e3f73eb2e6a54db4d472d,,components
mois_x3,detail,12,Simulation,,,,,,,,,0.012,,,1993-3,OK,28f9fdae64022ac31131285e17d9c8bf49fe92b4,30,5b839da1ebf8974ee3cf2251bbeb5960047d54feb94e3f73eb2e6a54db4d472d,,patents
mois_x3,detail,12,Simulation,,,,,,,,,0.069,,,1993-3,OK,28f9fdae64022ac31131285e17d9c8bf49fe92b4,30,5b839da1ebf8974ee3cf2251bbeb5960047d54feb94e3f73eb2e6a54db4d472d,,garage_business
mois_x3,detail,12,Simulation,,,,,,,,,0.01,,,1993-3,OK,28f9fdae64022ac31131285e17d9c8bf49fe92b4,30,5b839da1ebf8974ee3cf2251bbeb5960047d54feb94e3f73eb2e6a54db4d472d,,seasonal
mois_x3,detail,12,Simulation,,,,,,,,,0.316,,,1993-3,OK,28f9fdae64022ac31131285e17d9c8bf49fe92b4,30,5b839da1ebf8974ee3cf2251bbeb5960047d54feb94e3f73eb2e6a54db4d472d,,subsidiaries
mois_x3,detail,12,Simulation,,,,,,,,,0.389,,,1993-3,OK,28f9fdae64022ac31131285e17d9c8bf49fe92b4,30,5b839da1ebf8974ee3cf2251bbeb5960047d54feb94e3f73eb2e6a54db4d472d,,objectives
mois_x3,detail,12,Simulation,,,,,,,,,0.089,,,1993-3,OK,28f9fdae64022ac31131285e17d9c8bf49fe92b4,30,5b839da1ebf8974ee3cf2251bbeb5960047d54feb94e3f73eb2e6a54db4d472d,,economy_bookkeeping
mois_x3,detail,12,Entreprise,,,,,,,,,1.971,,,1993-3,OK,28f9fdae64022ac31131285e17d9c8bf49fe92b4,30,5b839da1ebf8974ee3cf2251bbeb5960047d54feb94e3f73eb2e6a54db4d472d,,scene_hero
mois_x3,detail,12,Entreprise,,,,,,,,,0.245,,,1993-3,OK,28f9fdae64022ac31131285e17d9c8bf49fe92b4,30,5b839da1ebf8974ee3cf2251bbeb5960047d54feb94e3f73eb2e6a54db4d472d,,branch_map
mois_x3,detail,12,Entreprise,,,,,,,,,2.23,,,1993-3,OK,28f9fdae64022ac31131285e17d9c8bf49fe92b4,30,5b839da1ebf8974ee3cf2251bbeb5960047d54feb94e3f73eb2e6a54db4d472d,,scene
mois_x3,detail,12,Entreprise,,,,,,,,,0.082,,,1993-3,OK,28f9fdae64022ac31131285e17d9c8bf49fe92b4,30,5b839da1ebf8974ee3cf2251bbeb5960047d54feb94e3f73eb2e6a54db4d472d,,unlocks
mois_x3,detail,12,Entreprise,,,,,,,,,0.496,,,1993-3,OK,28f9fdae64022ac31131285e17d9c8bf49fe92b4,30,5b839da1ebf8974ee3cf2251bbeb5960047d54feb94e3f73eb2e6a54db4d472d,,reputation
mois_x3,detail,12,Entreprise,,,,,,,,,0.983,,,1993-3,OK,28f9fdae64022ac31131285e17d9c8bf49fe92b4,30,5b839da1ebf8974ee3cf2251bbeb5960047d54feb94e3f73eb2e6a54db4d472d,,empire_clear
mois_x3,detail,12,Entreprise,,,,,,,,,1.454,,,1993-3,OK,28f9fdae64022ac31131285e17d9c8bf49fe92b4,30,5b839da1ebf8974ee3cf2251bbeb5960047d54feb94e3f73eb2e6a54db4d472d,,empire_header
mois_x3,detail,12,Entreprise,,,,,,,,,3.825,,,1993-3,OK,28f9fdae64022ac31131285e17d9c8bf49fe92b4,30,5b839da1ebf8974ee3cf2251bbeb5960047d54feb94e3f73eb2e6a54db4d472d,,empire_lines
mois_x3,detail,12,Entreprise,,,,,,,,,5.078,,,1993-3,OK,28f9fdae64022ac31131285e17d9c8bf49fe92b4,30,5b839da1ebf8974ee3cf2251bbeb5960047d54feb94e3f73eb2e6a54db4d472d,,empire_ranking
mois_x3,detail,12,Entreprise,,,,,,,,,7.7,,,1993-3,OK,28f9fdae64022ac31131285e17d9c8bf49fe92b4,30,5b839da1ebf8974ee3cf2251bbeb5960047d54feb94e3f73eb2e6a54db4d472d,,empire_trophies
mois_x3,detail,12,Entreprise,,,,,,,,,19.102,,,1993-3,OK,28f9fdae64022ac31131285e17d9c8bf49fe92b4,30,5b839da1ebf8974ee3cf2251bbeb5960047d54feb94e3f73eb2e6a54db4d472d,,empire
mois_x3,detail,12,Entreprise,,,,,,,,,3.631,,,1993-3,OK,28f9fdae64022ac31131285e17d9c8bf49fe92b4,30,5b839da1ebf8974ee3cf2251bbeb5960047d54feb94e3f73eb2e6a54db4d472d,,subsidiaries
mois_x3,detail,12,Entreprise,,,,,,,,,0.13,,,1993-3,OK,28f9fdae64022ac31131285e17d9c8bf49fe92b4,30,5b839da1ebf8974ee3cf2251bbeb5960047d54feb94e3f73eb2e6a54db4d472d,,subsidiary_sectors
mois_x3,detail,12,Entreprise,,,,,,,,,0.664,,,1993-3,OK,28f9fdae64022ac31131285e17d9c8bf49fe92b4,30,5b839da1ebf8974ee3cf2251bbeb5960047d54feb94e3f73eb2e6a54db4d472d,,objectives
mois_x3,detail,12,Entreprise,,,,,,,,,0.013,,,1993-3,OK,28f9fdae64022ac31131285e17d9c8bf49fe92b4,30,5b839da1ebf8974ee3cf2251bbeb5960047d54feb94e3f73eb2e6a54db4d472d,,executive_brief
mois_x3,detail,12,Entreprise,,,,,,,,,0.004,,,1993-3,OK,28f9fdae64022ac31131285e17d9c8bf49fe92b4,30,5b839da1ebf8974ee3cf2251bbeb5960047d54feb94e3f73eb2e6a54db4d472d,,workplace_and_meters
mois_x3,detail,12,Entreprise,,,,,,,,,0.022,,,1993-3,OK,28f9fdae64022ac31131285e17d9c8bf49fe92b4,30,5b839da1ebf8974ee3cf2251bbeb5960047d54feb94e3f73eb2e6a54db4d472d,,benefit_controls
mois_x3,detail,12,Entreprise,,,,,,,,,0.021,,,1993-3,OK,28f9fdae64022ac31131285e17d9c8bf49fe92b4,30,5b839da1ebf8974ee3cf2251bbeb5960047d54feb94e3f73eb2e6a54db4d472d,,hr_cases
mois_x3,detail,12,Entreprise,,,,,,,,,0.722,,,1993-3,OK,28f9fdae64022ac31131285e17d9c8bf49fe92b4,30,5b839da1ebf8974ee3cf2251bbeb5960047d54feb94e3f73eb2e6a54db4d472d,,financial_advice
mois_x3,detail,12,Entreprise,,,,,,,,,0.007,,,1993-3,OK,28f9fdae64022ac31131285e17d9c8bf49fe92b4,30,5b839da1ebf8974ee3cf2251bbeb5960047d54feb94e3f73eb2e6a54db4d472d,,division_data
mois_x3,detail,12,Entreprise,,,,,,,,,0.79,,,1993-3,OK,28f9fdae64022ac31131285e17d9c8bf49fe92b4,30,5b839da1ebf8974ee3cf2251bbeb5960047d54feb94e3f73eb2e6a54db4d472d,,division_delegation
mois_x3,detail,12,Entreprise,,,,,,,,,0.081,,,1993-3,OK,28f9fdae64022ac31131285e17d9c8bf49fe92b4,30,5b839da1ebf8974ee3cf2251bbeb5960047d54feb94e3f73eb2e6a54db4d472d,,marketing_hint
mois_x3,detail,12,Entreprise,,,,,,,,,0.106,,,1993-3,OK,28f9fdae64022ac31131285e17d9c8bf49fe92b4,30,5b839da1ebf8974ee3cf2251bbeb5960047d54feb94e3f73eb2e6a54db4d472d,,policy_controls
mois_x3,detail,12,Entreprise,,,,,,,,,0.168,,,1993-3,OK,28f9fdae64022ac31131285e17d9c8bf49fe92b4,30,5b839da1ebf8974ee3cf2251bbeb5960047d54feb94e3f73eb2e6a54db4d472d,,leader_choices
mois_x3,detail,12,Simulation,,,,,,,,,35.959,,,1993-3,OK,28f9fdae64022ac31131285e17d9c8bf49fe92b4,30,5b839da1ebf8974ee3cf2251bbeb5960047d54feb94e3f73eb2e6a54db4d472d,,economy_month_closed_callbacks
mois_x3,detail,12,Simulation,,,,,,,,,36.059,,,1993-3,OK,28f9fdae64022ac31131285e17d9c8bf49fe92b4,30,5b839da1ebf8974ee3cf2251bbeb5960047d54feb94e3f73eb2e6a54db4d472d,,economy_close_and_UI
mois_x3,detail,2857,Entreprise,,,,,,,,43.874,114.051,35.699,13.7480001449585,1993-4,OK,28f9fdae64022ac31131285e17d9c8bf49fe92b4,30,5b839da1ebf8974ee3cf2251bbeb5960047d54feb94e3f73eb2e6a54db4d472d,,SLOW_FRAME_96.08s
mois_x3,summary,0,Entreprise,33.6159982342702,33.3279991149902,34.2190017700195,34.798999786377,265.369995117188,13,13,,,,,5e177b5ae3b08324ede4e9760f53717ad544040e1265d7777a175eed6b42fff8,OK,28f9fdae64022ac31131285e17d9c8bf49fe92b4,30,5b839da1ebf8974ee3cf2251bbeb5960047d54feb94e3f73eb2e6a54db4d472d,25.63299861026,
