series,type,index,screen,mean_ms,p50_ms,p95_ms,p99_ms,worst_ms,over_50,over_100,simulation_ms,refresh_ms,other_ms,tab_ms,checkpoint,result,commit,fps_setting,reference_sha,process_mean_ms,slow_screen
mois_x3,month,1,Entreprise,,,,,0.0,,,28.883,63.355,0.0,,1992-04,OK,8ace65b4ed92038b7c22c5e4a5eeee1d52b6a15c,0,5b839da1ebf8974ee3cf2251bbeb5960047d54feb94e3f73eb2e6a54db4d472d,,
mois_x3,month,2,Entreprise,,,,,0.0,,,28.883,98.262,0.0,,1992-05,OK,8ace65b4ed92038b7c22c5e4a5eeee1d52b6a15c,0,5b839da1ebf8974ee3cf2251bbeb5960047d54feb94e3f73eb2e6a54db4d472d,,
mois_x3,month,3,Entreprise,,,,,0.0,,,28.883,164.186,0.0,,1992-06,OK,8ace65b4ed92038b7c22c5e4a5eeee1d52b6a15c,0,5b839da1ebf8974ee3cf2251bbeb5960047d54feb94e3f73eb2e6a54db4d472d,,
mois_x3,month,4,Entreprise,,,,,0.0,,,28.883,196.766,0.0,,1992-07,OK,8ace65b4ed92038b7c22c5e4a5eeee1d52b6a15c,0,5b839da1ebf8974ee3cf2251bbeb5960047d54feb94e3f73eb2e6a54db4d472d,,
mois_x3,month,5,Entreprise,,,,,0.0,,,28.883,235.522,0.0,,1992-08,OK,8ace65b4ed92038b7c22c5e4a5eeee1d52b6a15c,0,5b839da1ebf8974ee3cf2251bbeb5960047d54feb94e3f73eb2e6a54db4d472d,,
mois_x3,month,6,Entreprise,,,,,0.0,,,28.883,300.78,0.0,,1992-09,OK,8ace65b4ed92038b7c22c5e4a5eeee1d52b6a15c,0,5b839da1ebf8974ee3cf2251bbeb5960047d54feb94e3f73eb2e6a54db4d472d,,
mois_x3,month,7,Entreprise,,,,,0.0,,,28.883,333.498,0.0,,1992-10,OK,8ace65b4ed92038b7c22c5e4a5eeee1d52b6a15c,0,5b839da1ebf8974ee3cf2251bbeb5960047d54feb94e3f73eb2e6a54db4d472d,,
mois_x3,month,8,Entreprise,,,,,0.0,,,28.883,369.582,0.0,,1992-11,OK,8ace65b4ed92038b7c22c5e4a5eeee1d52b6a15c,0,5b839da1ebf8974ee3cf2251bbeb5960047d54feb94e3f73eb2e6a54db4d472d,,
mois_x3,month,9,Entreprise,,,,,0.0,,,28.883,427.29,0.0,,1992-12,OK,8ace65b4ed92038b7c22c5e4a5eeee1d52b6a15c,0,5b839da1ebf8974ee3cf2251bbeb5960047d54feb94e3f73eb2e6a54db4d472d,,
mois_x3,month,10,Entreprise,,,,,0.0,,,28.883,460.839,0.0,,1993-01,OK,8ace65b4ed92038b7c22c5e4a5eeee1d52b6a15c,0,5b839da1ebf8974ee3cf2251bbeb5960047d54feb94e3f73eb2e6a54db4d472d,,
mois_x3,month,11,Entreprise,,,,,0.0,,,28.883,494.26,0.0,,1993-02,OK,8ace65b4ed92038b7c22c5e4a5eeee1d52b6a15c,0,5b839da1ebf8974ee3cf2251bbeb5960047d54feb94e3f73eb2e6a54db4d472d,,
mois_x3,month,12,Entreprise,,,,,0.0,,,28.883,530.583,0.0,,1993-03,OK,8ace65b4ed92038b7c22c5e4a5eeee1d52b6a15c,0,5b839da1ebf8974ee3cf2251bbeb5960047d54feb94e3f73eb2e6a54db4d472d,,
mois_x3,detail,1,Simulation,,,,,,,,,1.335,,,1992-4,OK,8ace65b4ed92038b7c22c5e4a5eeee1d52b6a15c,0,5b839da1ebf8974ee3cf2251bbeb5960047d54feb94e3f73eb2e6a54db4d472d,,company
mois_x3,detail,1,Simulation,,,,,,,,,0.024,,,1992-4,OK,8ace65b4ed92038b7c22c5e4a5eeee1d52b6a15c,0,5b839da1ebf8974ee3cf2251bbeb5960047d54feb94e3f73eb2e6a54db4d472d,,divisions
mois_x3,detail,1,Simulation,,,,,,,,,0.299,,,1992-4,OK,8ace65b4ed92038b7c22c5e4a5eeee1d52b6a15c,0,5b839da1ebf8974ee3cf2251bbeb5960047d54feb94e3f73eb2e6a54db4d472d,,personnel
mois_x3,detail,1,Simulation,,,,,,,,,2.968,,,1992-4,OK,8ace65b4ed92038b7c22c5e4a5eeee1d52b6a15c,0,5b839da1ebf8974ee3cf2251bbeb5960047d54feb94e3f73eb2e6a54db4d472d,,executive
mois_x3,detail,1,Simulation,,,,,,,,,0.038,,,1992-4,OK,8ace65b4ed92038b7c22c5e4a5eeee1d52b6a15c,0,5b839da1ebf8974ee3cf2251bbeb5960047d54feb94e3f73eb2e6a54db4d472d,,personnel_begin
mois_x3,detail,1,Simulation,,,,,,,,,0.202,,,1992-4,OK,8ace65b4ed92038b7c22c5e4a5eeee1d52b6a15c,0,5b839da1ebf8974ee3cf2251bbeb5960047d54feb94e3f73eb2e6a54db4d472d,,research
mois_x3,detail,1,Simulation,,,,,,,,,1.655,,,1992-4,OK,8ace65b4ed92038b7c22c5e4a5eeee1d52b6a15c,0,5b839da1ebf8974ee3cf2251bbeb5960047d54feb94e3f73eb2e6a54db4d472d,,software
mois_x3,detail,1,Simulation,,,,,,,,,0.002,,,1992-4,OK,8ace65b4ed92038b7c22c5e4a5eeee1d52b6a15c,0,5b839da1ebf8974ee3cf2251bbeb5960047d54feb94e3f73eb2e6a54db4d472d,,personnel_end
mois_x3,detail,1,Simulation,,,,,,,,,0.376,,,1992-4,OK,8ace65b4ed92038b7c22c5e4a5eeee1d52b6a15c,0,5b839da1ebf8974ee3cf2251bbeb5960047d54feb94e3f73eb2e6a54db4d472d,,foundry
mois_x3,detail,1,Simulation,,,,,,,,,0.012,,,1992-4,OK,8ace65b4ed92038b7c22c5e4a5eeee1d52b6a15c,0,5b839da1ebf8974ee3cf2251bbeb5960047d54feb94e3f73eb2e6a54db4d472d,,production
mois_x3,detail,1,Simulation,,,,,,,,,17.493,,,1992-4,OK,8ace65b4ed92038b7c22c5e4a5eeee1d52b6a15c,0,5b839da1ebf8974ee3cf2251bbeb5960047d54feb94e3f73eb2e6a54db4d472d,,products
mois_x3,detail,1,Simulation,,,,,,,,,0.121,,,1992-4,OK,8ace65b4ed92038b7c22c5e4a5eeee1d52b6a15c,0,5b839da1ebf8974ee3cf2251bbeb5960047d54feb94e3f73eb2e6a54db4d472d,,architecture
mois_x3,detail,1,Simulation,,,,,,,,,0.129,,,1992-4,OK,8ace65b4ed92038b7c22c5e4a5eeee1d52b6a15c,0,5b839da1ebf8974ee3cf2251bbeb5960047d54feb94e3f73eb2e6a54db4d472d,,supplier
mois_x3,detail,1,Simulation,,,,,,,,,0.003,,,1992-4,OK,8ace65b4ed92038b7c22c5e4a5eeee1d52b6a15c,0,5b839da1ebf8974ee3cf2251bbeb5960047d54feb94e3f73eb2e6a54db4d472d,,after_sales
mois_x3,detail,1,Simulation,,,,,,,,,1.998,,,1992-4,OK,8ace65b4ed92038b7c22c5e4a5eeee1d52b6a15c,0,5b839da1ebf8974ee3cf2251bbeb5960047d54feb94e3f73eb2e6a54db4d472d,,market
mois_x3,detail,1,Simulation,,,,,,,,,1.383,,,1992-4,OK,8ace65b4ed92038b7c22c5e4a5eeee1d52b6a15c,0,5b839da1ebf8974ee3cf2251bbeb5960047d54feb94e3f73eb2e6a54db4d472d,,components
mois_x3,detail,1,Simulation,,,,,,,,,0.005,,,1992-4,OK,8ace65b4ed92038b7c22c5e4a5eeee1d52b6a15c,0,5b839da1ebf8974ee3cf2251bbeb5960047d54feb94e3f73eb2e6a54db4d472d,,patents
mois_x3,detail,1,Simulation,,,,,,,,,0.045,,,1992-4,OK,8ace65b4ed92038b7c22c5e4a5eeee1d52b6a15c,0,5b839da1ebf8974ee3cf2251bbeb5960047d54feb94e3f73eb2e6a54db4d472d,,garage_business
mois_x3,detail,1,Simulation,,,,,,,,,0.005,,,1992-4,OK,8ace65b4ed92038b7c22c5e4a5eeee1d52b6a15c,0,5b839da1ebf8974ee3cf2251bbeb5960047d54feb94e3f73eb2e6a54db4d472d,,seasonal
mois_x3,detail,1,Simulation,,,,,,,,,0.276,,,1992-4,OK,8ace65b4ed92038b7c22c5e4a5eeee1d52b6a15c,0,5b839da1ebf8974ee3cf2251bbeb5960047d54feb94e3f73eb2e6a54db4d472d,,subsidiaries
mois_x3,detail,1,Simulation,,,,,,,,,0.233,,,1992-4,OK,8ace65b4ed92038b7c22c5e4a5eeee1d52b6a15c,0,5b839da1ebf8974ee3cf2251bbeb5960047d54feb94e3f73eb2e6a54db4d472d,,objectives
mois_x3,detail,1,Simulation,,,,,,,,,0.053,,,1992-4,OK,8ace65b4ed92038b7c22c5e4a5eeee1d52b6a15c,0,5b839da1ebf8974ee3cf2251bbeb5960047d54feb94e3f73eb2e6a54db4d472d,,economy_bookkeeping
mois_x3,detail,1,Entreprise,,,,,,,,,6.023,,,1992-4,OK,8ace65b4ed92038b7c22c5e4a5eeee1d52b6a15c,0,5b839da1ebf8974ee3cf2251bbeb5960047d54feb94e3f73eb2e6a54db4d472d,,scene_hero
mois_x3,detail,1,Entreprise,,,,,,,,,28.602,,,1992-4,OK,8ace65b4ed92038b7c22c5e4a5eeee1d52b6a15c,0,5b839da1ebf8974ee3cf2251bbeb5960047d54feb94e3f73eb2e6a54db4d472d,,branch_map
mois_x3,detail,1,Entreprise,,,,,,,,,34.641,,,1992-4,OK,8ace65b4ed92038b7c22c5e4a5eeee1d52b6a15c,0,5b839da1ebf8974ee3cf2251bbeb5960047d54feb94e3f73eb2e6a54db4d472d,,scene
mois_x3,detail,1,Entreprise,,,,,,,,,0.219,,,1992-4,OK,8ace65b4ed92038b7c22c5e4a5eeee1d52b6a15c,0,5b839da1ebf8974ee3cf2251bbeb5960047d54feb94e3f73eb2e6a54db4d472d,,unlocks
mois_x3,detail,1,Entreprise,,,,,,,,,4.143,,,1992-4,OK,8ace65b4ed92038b7c22c5e4a5eeee1d52b6a15c,0,5b839da1ebf8974ee3cf2251bbeb5960047d54feb94e3f73eb2e6a54db4d472d,,reputation
mois_x3,detail,1,Entreprise,,,,,,,,,0.001,,,1992-4,OK,8ace65b4ed92038b7c22c5e4a5eeee1d52b6a15c,0,5b839da1ebf8974ee3cf2251bbeb5960047d54feb94e3f73eb2e6a54db4d472d,,empire_clear
mois_x3,detail,1,Entreprise,,,,,,,,,1.272,,,1992-4,OK,8ace65b4ed92038b7c22c5e4a5eeee1d52b6a15c,0,5b839da1ebf8974ee3cf2251bbeb5960047d54feb94e3f73eb2e6a54db4d472d,,empire_header
mois_x3,detail,1,Entreprise,,,,,,,,,1.925,,,1992-4,OK,8ace65b4ed92038b7c22c5e4a5eeee1d52b6a15c,0,5b839da1ebf8974ee3cf2251bbeb5960047d54feb94e3f73eb2e6a54db4d472d,,empire_lines
mois_x3,detail,1,Entreprise,,,,,,,,,2.88,,,1992-4,OK,8ace65b4ed92038b7c22c5e4a5eeee1d52b6a15c,0,5b839da1ebf8974ee3cf2251bbeb5960047d54feb94e3f73eb2e6a54db4d472d,,empire_ranking
mois_x3,detail,1,Entreprise,,,,,,,,,7.421,,,1992-4,OK,8ace65b4ed92038b7c22c5e4a5eeee1d52b6a15c,0,5b839da1ebf8974ee3cf2251bbeb5960047d54feb94e3f73eb2e6a54db4d472d,,empire_trophies
mois_x3,detail,1,Entreprise,,,,,,,,,13.533,,,1992-4,OK,8ace65b4ed92038b7c22c5e4a5eeee1d52b6a15c,0,5b839da1ebf8974ee3cf2251bbeb5960047d54feb94e3f73eb2e6a54db4d472d,,empire
mois_x3,detail,1,Entreprise,,,,,,,,,2.041,,,1992-4,OK,8ace65b4ed92038b7c22c5e4a5eeee1d52b6a15c,0,5b839da1ebf8974ee3cf2251bbeb5960047d54feb94e3f73eb2e6a54db4d472d,,subsidiaries
mois_x3,detail,1,Entreprise,,,,,,,,,0.07,,,1992-4,OK,8ace65b4ed92038b7c22c5e4a5eeee1d52b6a15c,0,5b839da1ebf8974ee3cf2251bbeb5960047d54feb94e3f73eb2e6a54db4d472d,,subsidiary_sectors
mois_x3,detail,1,Entreprise,,,,,,,,,0.318,,,1992-4,OK,8ace65b4ed92038b7c22c5e4a5eeee1d52b6a15c,0,5b839da1ebf8974ee3cf2251bbeb5960047d54feb94e3f73eb2e6a54db4d472d,,objectives
mois_x3,detail,1,Entreprise,,,,,,,,,0.01,,,1992-4,OK,8ace65b4ed92038b7c22c5e4a5eeee1d52b6a15c,0,5b839da1ebf8974ee3cf2251bbeb5960047d54feb94e3f73eb2e6a54db4d472d,,executive_brief
mois_x3,detail,1,Entreprise,,,,,,,,,0.003,,,1992-4,OK,8ace65b4ed92038b7c22c5e4a5eeee1d52b6a15c,0,5b839da1ebf8974ee3cf2251bbeb5960047d54feb94e3f73eb2e6a54db4d472d,,workplace_and_meters
mois_x3,detail,1,Entreprise,,,,,,,,,0.032,,,1992-4,OK,8ace65b4ed92038b7c22c5e4a5eeee1d52b6a15c,0,5b839da1ebf8974ee3cf2251bbeb5960047d54feb94e3f73eb2e6a54db4d472d,,benefit_controls
mois_x3,detail,1,Entreprise,,,,,,,,,0.012,,,1992-4,OK,8ace65b4ed92038b7c22c5e4a5eeee1d52b6a15c,0,5b839da1ebf8974ee3cf2251bbeb5960047d54feb94e3f73eb2e6a54db4d472d,,hr_cases
mois_x3,detail,1,Entreprise,,,,,,,,,0.634,,,1992-4,OK,8ace65b4ed92038b7c22c5e4a5eeee1d52b6a15c,0,5b839da1ebf8974ee3cf2251bbeb5960047d54feb94e3f73eb2e6a54db4d472d,,financial_advice
mois_x3,detail,1,Entreprise,,,,,,,,,0.008,,,1992-4,OK,8ace65b4ed92038b7c22c5e4a5eeee1d52b6a15c,0,5b839da1ebf8974ee3cf2251bbeb5960047d54feb94e3f73eb2e6a54db4d472d,,division_data
mois_x3,detail,1,Entreprise,,,,,,,,,0.668,,,1992-4,OK,8ace65b4ed92038b7c22c5e4a5eeee1d52b6a15c,0,5b839da1ebf8974ee3cf2251bbeb5960047d54feb94e3f73eb2e6a54db4d472d,,division_delegation
mois_x3,detail,1,Entreprise,,,,,,,,,0.023,,,1992-4,OK,8ace65b4ed92038b7c22c5e4a5eeee1d52b6a15c,0,5b839da1ebf8974ee3cf2251bbeb5960047d54feb94e3f73eb2e6a54db4d472d,,marketing_hint
mois_x3,detail,1,Entreprise,,,,,,,,,0.089,,,1992-4,OK,8ace65b4ed92038b7c22c5e4a5eeee1d52b6a15c,0,5b839da1ebf8974ee3cf2251bbeb5960047d54feb94e3f73eb2e6a54db4d472d,,policy_controls
mois_x3,detail,1,Entreprise,,,,,,,,,0.078,,,1992-4,OK,8ace65b4ed92038b7c22c5e4a5eeee1d52b6a15c,0,5b839da1ebf8974ee3cf2251bbeb5960047d54feb94e3f73eb2e6a54db4d472d,,leader_choices
mois_x3,detail,1,Simulation,,,,,,,,,63.48,,,1992-4,OK,8ace65b4ed92038b7c22c5e4a5eeee1d52b6a15c,0,5b839da1ebf8974ee3cf2251bbeb5960047d54feb94e3f73eb2e6a54db4d472d,,economy_month_closed_callbacks
mois_x3,detail,1,Simulation,,,,,,,,,63.537,,,1992-4,OK,8ace65b4ed92038b7c22c5e4a5eeee1d52b6a15c,0,5b839da1ebf8974ee3cf2251bbeb5960047d54feb94e3f73eb2e6a54db4d472d,,economy_close_and_UI
mois_x3,detail,2,Simulation,,,,,,,,,0.786,,,1992-5,OK,8ace65b4ed92038b7c22c5e4a5eeee1d52b6a15c,0,5b839da1ebf8974ee3cf2251bbeb5960047d54feb94e3f73eb2e6a54db4d472d,,company
mois_x3,detail,2,Simulation,,,,,,,,,0.016,,,1992-5,OK,8ace65b4ed92038b7c22c5e4a5eeee1d52b6a15c,0,5b839da1ebf8974ee3cf2251bbeb5960047d54feb94e3f73eb2e6a54db4d472d,,divisions
mois_x3,detail,2,Simulation,,,,,,,,,0.23,,,1992-5,OK,8ace65b4ed92038b7c22c5e4a5eeee1d52b6a15c,0,5b839da1ebf8974ee3cf2251bbeb5960047d54feb94e3f73eb2e6a54db4d472d,,personnel
mois_x3,detail,2,Simulation,,,,,,,,,1.598,,,1992-5,OK,8ace65b4ed92038b7c22c5e4a5eeee1d52b6a15c,0,5b839da1ebf8974ee3cf2251bbeb5960047d54feb94e3f73eb2e6a54db4d472d,,executive
mois_x3,detail,2,Simulation,,,,,,,,,0.033,,,1992-5,OK,8ace65b4ed92038b7c22c5e4a5eeee1d52b6a15c,0,5b839da1ebf8974ee3cf2251bbeb5960047d54feb94e3f73eb2e6a54db4d472d,,personnel_begin
mois_x3,detail,2,Simulation,,,,,,,,,0.133,,,1992-5,OK,8ace65b4ed92038b7c22c5e4a5eeee1d52b6a15c,0,5b839da1ebf8974ee3cf2251bbeb5960047d54feb94e3f73eb2e6a54db4d472d,,research
mois_x3,detail,2,Simulation,,,,,,,,,1.21,,,1992-5,OK,8ace65b4ed92038b7c22c5e4a5eeee1d52b6a15c,0,5b839da1ebf8974ee3cf2251bbeb5960047d54feb94e3f73eb2e6a54db4d472d,,software
mois_x3,detail,2,Simulation,,,,,,,,,0.001,,,1992-5,OK,8ace65b4ed92038b7c22c5e4a5eeee1d52b6a15c,0,5b839da1ebf8974ee3cf2251bbeb5960047d54feb94e3f73eb2e6a54db4d472d,,personnel_end
mois_x3,detail,2,Simulation,,,,,,,,,0.216,,,1992-5,OK,8ace65b4ed92038b7c22c5e4a5eeee1d52b6a15c,0,5b839da1ebf8974ee3cf2251bbeb5960047d54feb94e3f73eb2e6a54db4d472d,,foundry
mois_x3,detail,2,Simulation,,,,,,,,,0.009,,,1992-5,OK,8ace65b4ed92038b7c22c5e4a5eeee1d52b6a15c,0,5b839da1ebf8974ee3cf2251bbeb5960047d54feb94e3f73eb2e6a54db4d472d,,production
mois_x3,detail,2,Simulation,,,,,,,,,7.532,,,1992-5,OK,8ace65b4ed92038b7c22c5e4a5eeee1d52b6a15c,0,5b839da1ebf8974ee3cf2251bbeb5960047d54feb94e3f73eb2e6a54db4d472d,,products
mois_x3,detail,2,Simulation,,,,,,,,,0.077,,,1992-5,OK,8ace65b4ed92038b7c22c5e4a5eeee1d52b6a15c,0,5b839da1ebf8974ee3cf2251bbeb5960047d54feb94e3f73eb2e6a54db4d472d,,architecture
mois_x3,detail,2,Simulation,,,,,,,,,0.09,,,1992-5,OK,8ace65b4ed92038b7c22c5e4a5eeee1d52b6a15c,0,5b839da1ebf8974ee3cf2251bbeb5960047d54feb94e3f73eb2e6a54db4d472d,,supplier
mois_x3,detail,2,Simulation,,,,,,,,,0.003,,,1992-5,OK,8ace65b4ed92038b7c22c5e4a5eeee1d52b6a15c,0,5b839da1ebf8974ee3cf2251bbeb5960047d54feb94e3f73eb2e6a54db4d472d,,after_sales
mois_x3,detail,2,Simulation,,,,,,,,,1.663,,,1992-5,OK,8ace65b4ed92038b7c22c5e4a5eeee1d52b6a15c,0,5b839da1ebf8974ee3cf2251bbeb5960047d54feb94e3f73eb2e6a54db4d472d,,market
mois_x3,detail,2,Simulation,,,,,,,,,0.855,,,1992-5,OK,8ace65b4ed92038b7c22c5e4a5eeee1d52b6a15c,0,5b839da1ebf8974ee3cf2251bbeb5960047d54feb94e3f73eb2e6a54db4d472d,,components
mois_x3,detail,2,Simulation,,,,,,,,,0.003,,,1992-5,OK,8ace65b4ed92038b7c22c5e4a5eeee1d52b6a15c,0,5b839da1ebf8974ee3cf2251bbeb5960047d54feb94e3f73eb2e6a54db4d472d,,patents
mois_x3,detail,2,Simulation,,,,,,,,,0.026,,,1992-5,OK,8ace65b4ed92038b7c22c5e4a5eeee1d52b6a15c,0,5b839da1ebf8974ee3cf2251bbeb5960047d54feb94e3f73eb2e6a54db4d472d,,garage_business
mois_x3,detail,2,Simulation,,,,,,,,,0.004,,,1992-5,OK,8ace65b4ed92038b7c22c5e4a5eeee1d52b6a15c,0,5b839da1ebf8974ee3cf2251bbeb5960047d54feb94e3f73eb2e6a54db4d472d,,seasonal
mois_x3,detail,2,Simulation,,,,,,,,,0.16,,,1992-5,OK,8ace65b4ed92038b7c22c5e4a5eeee1d52b6a15c,0,5b839da1ebf8974ee3cf2251bbeb5960047d54feb94e3f73eb2e6a54db4d472d,,subsidiaries
mois_x3,detail,2,Simulation,,,,,,,,,0.144,,,1992-5,OK,8ace65b4ed92038b7c22c5e4a5eeee1d52b6a15c,0,5b839da1ebf8974ee3cf2251bbeb5960047d54feb94e3f73eb2e6a54db4d472d,,objectives
mois_x3,detail,2,Simulation,,,,,,,,,0.026,,,1992-5,OK,8ace65b4ed92038b7c22c5e4a5eeee1d52b6a15c,0,5b839da1ebf8974ee3cf2251bbeb5960047d54feb94e3f73eb2e6a54db4d472d,,economy_bookkeeping
mois_x3,detail,2,Entreprise,,,,,,,,,0.756,,,1992-5,OK,8ace65b4ed92038b7c22c5e4a5eeee1d52b6a15c,0,5b839da1ebf8974ee3cf2251bbeb5960047d54feb94e3f73eb2e6a54db4d472d,,scene_hero
mois_x3,detail,2,Entreprise,,,,,,,,,16.508,,,1992-5,OK,8ace65b4ed92038b7c22c5e4a5eeee1d52b6a15c,0,5b839da1ebf8974ee3cf2251bbeb5960047d54feb94e3f73eb2e6a54db4d472d,,branch_map
mois_x3,detail,2,Entreprise,,,,,,,,,17.274,,,1992-5,OK,8ace65b4ed92038b7c22c5e4a5eeee1d52b6a15c,0,5b839da1ebf8974ee3cf2251bbeb5960047d54feb94e3f73eb2e6a54db4d472d,,scene
mois_x3,detail,2,Entreprise,,,,,,,,,0.032,,,1992-5,OK,8ace65b4ed92038b7c22c5e4a5eeee1d52b6a15c,0,5b839da1ebf8974ee3cf2251bbeb5960047d54feb94e3f73eb2e6a54db4d472d,,unlocks
mois_x3,detail,2,Entreprise,,,,,,,,,0.194,,,1992-5,OK,8ace65b4ed92038b7c22c5e4a5eeee1d52b6a15c,0,5b839da1ebf8974ee3cf2251bbeb5960047d54feb94e3f73eb2e6a54db4d472d,,reputation
mois_x3,detail,2,Entreprise,,,,,,,,,0.214,,,1992-5,OK,8ace65b4ed92038b7c22c5e4a5eeee1d52b6a15c,0,5b839da1ebf8974ee3cf2251bbeb5960047d54feb94e3f73eb2e6a54db4d472d,,empire_clear
mois_x3,detail,2,Entreprise,,,,,,,,,0.822,,,1992-5,OK,8ace65b4ed92038b7c22c5e4a5eeee1d52b6a15c,0,5b839da1ebf8974ee3cf2251bbeb5960047d54feb94e3f73eb2e6a54db4d472d,,empire_header
mois_x3,detail,2,Entreprise,,,,,,,,,1.493,,,1992-5,OK,8ace65b4ed92038b7c22c5e4a5eeee1d52b6a15c,0,5b839da1ebf8974ee3cf2251bbeb5960047d54feb94e3f73eb2e6a54db4d472d,,empire_lines
mois_x3,detail,2,Entreprise,,,,,,,,,2.226,,,1992-5,OK,8ace65b4ed92038b7c22c5e4a5eeee1d52b6a15c,0,5b839da1ebf8974ee3cf2251bbeb5960047d54feb94e3f73eb2e6a54db4d472d,,empire_ranking
mois_x3,detail,2,Entreprise,,,,,,,,,5.485,,,1992-5,OK,8ace65b4ed92038b7c22c5e4a5eeee1d52b6a15c,0,5b839da1ebf8974ee3cf2251bbeb5960047d54feb94e3f73eb2e6a54db4d472d,,empire_trophies
mois_x3,detail,2,Entreprise,,,,,,,,,10.266,,,1992-5,OK,8ace65b4ed92038b7c22c5e4a5eeee1d52b6a15c,0,5b839da1ebf8974ee3cf2251bbeb5960047d54feb94e3f73eb2e6a54db4d472d,,empire
mois_x3,detail,2,Entreprise,,,,,,,,,1.525,,,1992-5,OK,8ace65b4ed92038b7c22c5e4a5eeee1d52b6a15c,0,5b839da1ebf8974ee3cf2251bbeb5960047d54feb94e3f73eb2e6a54db4d472d,,subsidiaries
mois_x3,detail,2,Entreprise,,,,,,,,,0.058,,,1992-5,OK,8ace65b4ed92038b7c22c5e4a5eeee1d52b6a15c,0,5b839da1ebf8974ee3cf2251bbeb5960047d54feb94e3f73eb2e6a54db4d472d,,subsidiary_sectors
mois_x3,detail,2,Entreprise,,,,,,,,,0.3,,,1992-5,OK,8ace65b4ed92038b7c22c5e4a5eeee1d52b6a15c,0,5b839da1ebf8974ee3cf2251bbeb5960047d54feb94e3f73eb2e6a54db4d472d,,objectives
mois_x3,detail,2,Entreprise,,,,,,,,,0.006,,,1992-5,OK,8ace65b4ed92038b7c22c5e4a5eeee1d52b6a15c,0,5b839da1ebf8974ee3cf2251bbeb5960047d54feb94e3f73eb2e6a54db4d472d,,executive_brief
mois_x3,detail,2,Entreprise,,,,,,,,,0.002,,,1992-5,OK,8ace65b4ed92038b7c22c5e4a5eeee1d52b6a15c,0,5b839da1ebf8974ee3cf2251bbeb5960047d54feb94e3f73eb2e6a54db4d472d,,workplace_and_meters
mois_x3,detail,2,Entreprise,,,,,,,,,0.01,,,1992-5,OK,8ace65b4ed92038b7c22c5e4a5eeee1d52b6a15c,0,5b839da1ebf8974ee3cf2251bbeb5960047d54feb94e3f73eb2e6a54db4d472d,,benefit_controls
mois_x3,detail,2,Entreprise,,,,,,,,,0.008,,,1992-5,OK,8ace65b4ed92038b7c22c5e4a5eeee1d52b6a15c,0,5b839da1ebf8974ee3cf2251bbeb5960047d54feb94e3f73eb2e6a54db4d472d,,hr_cases
mois_x3,detail,2,Entreprise,,,,,,,,,0.378,,,1992-5,OK,8ace65b4ed92038b7c22c5e4a5eeee1d52b6a15c,0,5b839da1ebf8974ee3cf2251bbeb5960047d54feb94e3f73eb2e6a54db4d472d,,financial_advice
mois_x3,detail,2,Entreprise,,,,,,,,,0.003,,,1992-5,OK,8ace65b4ed92038b7c22c5e4a5eeee1d52b6a15c,0,5b839da1ebf8974ee3cf2251bbeb5960047d54feb94e3f73eb2e6a54db4d472d,,division_data
mois_x3,detail,2,Entreprise,,,,,,,,,0.43,,,1992-5,OK,8ace65b4ed92038b7c22c5e4a5eeee1d52b6a15c,0,5b839da1ebf8974ee3cf2251bbeb5960047d54feb94e3f73eb2e6a54db4d472d,,division_delegation
mois_x3,detail,2,Entreprise,,,,,,,,,0.05,,,1992-5,OK,8ace65b4ed92038b7c22c5e4a5eeee1d52b6a15c,0,5b839da1ebf8974ee3cf2251bbeb5960047d54feb94e3f73eb2e6a54db4d472d,,marketing_hint
mois_x3,detail,2,Entreprise,,,,,,,,,0.062,,,1992-5,OK,8ace65b4ed92038b7c22c5e4a5eeee1d52b6a15c,0,5b839da1ebf8974ee3cf2251bbeb5960047d54feb94e3f73eb2e6a54db4d472d,,policy_controls
mois_x3,detail,2,Entreprise,,,,,,,,,0.093,,,1992-5,OK,8ace65b4ed92038b7c22c5e4a5eeee1d52b6a15c,0,5b839da1ebf8974ee3cf2251bbeb5960047d54feb94e3f73eb2e6a54db4d472d,,leader_choices
mois_x3,detail,2,Simulation,,,,,,,,,34.96,,,1992-5,OK,8ace65b4ed92038b7c22c5e4a5eeee1d52b6a15c,0,5b839da1ebf8974ee3cf2251bbeb5960047d54feb94e3f73eb2e6a54db4d472d,,economy_month_closed_callbacks
mois_x3,detail,2,Simulation,,,,,,,,,34.989,,,1992-5,OK,8ace65b4ed92038b7c22c5e4a5eeee1d52b6a15c,0,5b839da1ebf8974ee3cf2251bbeb5960047d54feb94e3f73eb2e6a54db4d472d,,economy_close_and_UI
mois_x3,detail,3,Simulation,,,,,,,,,0.742,,,1992-6,OK,8ace65b4ed92038b7c22c5e4a5eeee1d52b6a15c,0,5b839da1ebf8974ee3cf2251bbeb5960047d54feb94e3f73eb2e6a54db4d472d,,company
mois_x3,detail,3,Simulation,,,,,,,,,0.015,,,1992-6,OK,8ace65b4ed92038b7c22c5e4a5eeee1d52b6a15c,0,5b839da1ebf8974ee3cf2251bbeb5960047d54feb94e3f73eb2e6a54db4d472d,,divisions
mois_x3,detail,3,Simulation,,,,,,,,,0.234,,,1992-6,OK,8ace65b4ed92038b7c22c5e4a5eeee1d52b6a15c,0,5b839da1ebf8974ee3cf2251bbeb5960047d54feb94e3f73eb2e6a54db4d472d,,personnel
mois_x3,detail,3,Simulation,,,,,,,,,1.479,,,1992-6,OK,8ace65b4ed92038b7c22c5e4a5eeee1d52b6a15c,0,5b839da1ebf8974ee3cf2251bbeb5960047d54feb94e3f73eb2e6a54db4d472d,,executive
mois_x3,detail,3,Simulation,,,,,,,,,0.023,,,1992-6,OK,8ace65b4ed92038b7c22c5e4a5eeee1d52b6a15c,0,5b839da1ebf8974ee3cf2251bbeb5960047d54feb94e3f73eb2e6a54db4d472d,,personnel_begin
mois_x3,detail,3,Simulation,,,,,,,,,0.124,,,1992-6,OK,8ace65b4ed92038b7c22c5e4a5eeee1d52b6a15c,0,5b839da1ebf8974ee3cf2251bbeb5960047d54feb94e3f73eb2e6a54db4d472d,,research
mois_x3,detail,3,Simulation,,,,,,,,,0.965,,,1992-6,OK,8ace65b4ed92038b7c22c5e4a5eeee1d52b6a15c,0,5b839da1ebf8974ee3cf2251bbeb5960047d54feb94e3f73eb2e6a54db4d472d,,software
mois_x3,detail,3,Simulation,,,,,,,,,0.001,,,1992-6,OK,8ace65b4ed92038b7c22c5e4a5eeee1d52b6a15c,0,5b839da1ebf8974ee3cf2251bbeb5960047d54feb94e3f73eb2e6a54db4d472d,,personnel_end
mois_x3,detail,3,Simulation,,,,,,,,,0.208,,,1992-6,OK,8ace65b4ed92038b7c22c5e4a5eeee1d52b6a15c,0,5b839da1ebf8974ee3cf2251bbeb5960047d54feb94e3f73eb2e6a54db4d472d,,foundry
mois_x3,detail,3,Simulation,,,,,,,,,0.007,,,1992-6,OK,8ace65b4ed92038b7c22c5e4a5eeee1d52b6a15c,0,5b839da1ebf8974ee3cf2251bbeb5960047d54feb94e3f73eb2e6a54db4d472d,,production
mois_x3,detail,3,Simulation,,,,,,,,,7.895,,,1992-6,OK,8ace65b4ed92038b7c22c5e4a5eeee1d52b6a15c,0,5b839da1ebf8974ee3cf2251bbeb5960047d54feb94e3f73eb2e6a54db4d472d,,products
mois_x3,detail,3,Simulation,,,,,,,,,0.079,,,1992-6,OK,8ace65b4ed92038b7c22c5e4a5eeee1d52b6a15c,0,5b839da1ebf8974ee3cf2251bbeb5960047d54feb94e3f73eb2e6a54db4d472d,,architecture
mois_x3,detail,3,Simulation,,,,,,,,,0.087,,,1992-6,OK,8ace65b4ed92038b7c22c5e4a5eeee1d52b6a15c,0,5b839da1ebf8974ee3cf2251bbeb5960047d54feb94e3f73eb2e6a54db4d472d,,supplier
mois_x3,detail,3,Simulation,,,,,,,,,0.002,,,1992-6,OK,8ace65b4ed92038b7c22c5e4a5eeee1d52b6a15c,0,5b839da1ebf8974ee3cf2251bbeb5960047d54feb94e3f73eb2e6a54db4d472d,,after_sales
mois_x3,detail,3,Simulation,,,,,,,,,1.628,,,1992-6,OK,8ace65b4ed92038b7c22c5e4a5eeee1d52b6a15c,0,5b839da1ebf8974ee3cf2251bbeb5960047d54feb94e3f73eb2e6a54db4d472d,,market
mois_x3,detail,3,Simulation,,,,,,,,,0.814,,,1992-6,OK,8ace65b4ed92038b7c22c5e4a5eeee1d52b6a15c,0,5b839da1ebf8974ee3cf2251bbeb5960047d54feb94e3f73eb2e6a54db4d472d,,components
mois_x3,detail,3,Simulation,,,,,,,,,0.002,,,1992-6,OK,8ace65b4ed92038b7c22c5e4a5eeee1d52b6a15c,0,5b839da1ebf8974ee3cf2251bbeb5960047d54feb94e3f73eb2e6a54db4d472d,,patents
mois_x3,detail,3,Simulation,,,,,,,,,0.033,,,1992-6,OK,8ace65b4ed92038b7c22c5e4a5eeee1d52b6a15c,0,5b839da1ebf8974ee3cf2251bbeb5960047d54feb94e3f73eb2e6a54db4d472d,,garage_business
mois_x3,detail,3,Simulation,,,,,,,,,0.003,,,1992-6,OK,8ace65b4ed92038b7c22c5e4a5eeee1d52b6a15c,0,5b839da1ebf8974ee3cf2251bbeb5960047d54feb94e3f73eb2e6a54db4d472d,,seasonal
mois_x3,detail,3,Simulation,,,,,,,,,0.157,,,1992-6,OK,8ace65b4ed92038b7c22c5e4a5eeee1d52b6a15c,0,5b839da1ebf8974ee3cf2251bbeb5960047d54feb94e3f73eb2e6a54db4d472d,,subsidiaries
mois_x3,detail,3,Simulation,,,,,,,,,0.136,,,1992-6,OK,8ace65b4ed92038b7c22c5e4a5eeee1d52b6a15c,0,5b839da1ebf8974ee3cf2251bbeb5960047d54feb94e3f73eb2e6a54db4d472d,,objectives
mois_x3,detail,3,Simulation,,,,,,,,,0.025,,,1992-6,OK,8ace65b4ed92038b7c22c5e4a5eeee1d52b6a15c,0,5b839da1ebf8974ee3cf2251bbeb5960047d54feb94e3f73eb2e6a54db4d472d,,economy_bookkeeping
mois_x3,detail,3,Entreprise,,,,,,,,,30.973,,,1992-6,OK,8ace65b4ed92038b7c22c5e4a5eeee1d52b6a15c,0,5b839da1ebf8974ee3cf2251bbeb5960047d54feb94e3f73eb2e6a54db4d472d,,scene_hero
mois_x3,detail,3,Entreprise,,,,,,,,,17.087,,,1992-6,OK,8ace65b4ed92038b7c22c5e4a5eeee1d52b6a15c,0,5b839da1ebf8974ee3cf2251bbeb5960047d54feb94e3f73eb2e6a54db4d472d,,branch_map
mois_x3,detail,3,Entreprise,,,,,,,,,48.071,,,1992-6,OK,8ace65b4ed92038b7c22c5e4a5eeee1d52b6a15c,0,5b839da1ebf8974ee3cf2251bbeb5960047d54feb94e3f73eb2e6a54db4d472d,,scene
mois_x3,detail,3,Entreprise,,,,,,,,,0.043,,,1992-6,OK,8ace65b4ed92038b7c22c5e4a5eeee1d52b6a15c,0,5b839da1ebf8974ee3cf2251bbeb5960047d54feb94e3f73eb2e6a54db4d472d,,unlocks
mois_x3,detail,3,Entreprise,,,,,,,,,0.217,,,1992-6,OK,8ace65b4ed92038b7c22c5e4a5eeee1d52b6a15c,0,5b839da1ebf8974ee3cf2251bbeb5960047d54feb94e3f73eb2e6a54db4d472d,,reputation
mois_x3,detail,3,Entreprise,,,,,,,,,0.308,,,1992-6,OK,8ace65b4ed92038b7c22c5e4a5eeee1d52b6a15c,0,5b839da1ebf8974ee3cf2251bbeb5960047d54feb94e3f73eb2e6a54db4d472d,,empire_clear
mois_x3,detail,3,Entreprise,,,,,,,,,1.092,,,1992-6,OK,8ace65b4ed92038b7c22c5e4a5eeee1d52b6a15c,0,5b839da1ebf8974ee3cf2251bbeb5960047d54feb94e3f73eb2e6a54db4d472d,,empire_header
mois_x3,detail,3,Entreprise,,,,,,,,,1.893,,,1992-6,OK,8ace65b4ed92038b7c22c5e4a5eeee1d52b6a15c,0,5b839da1ebf8974ee3cf2251bbeb5960047d54feb94e3f73eb2e6a54db4d472d,,empire_lines
mois_x3,detail,3,Entreprise,,,,,,,,,2.33,,,1992-6,OK,8ace65b4ed92038b7c22c5e4a5eeee1d52b6a15c,0,5b839da1ebf8974ee3cf2251bbeb5960047d54feb94e3f73eb2e6a54db4d472d,,empire_ranking
mois_x3,detail,3,Entreprise,,,,,,,,,5.152,,,1992-6,OK,8ace65b4ed92038b7c22c5e4a5eeee1d52b6a15c,0,5b839da1ebf8974ee3cf2251bbeb5960047d54feb94e3f73eb2e6a54db4d472d,,empire_trophies
mois_x3,detail,3,Entreprise,,,,,,,,,10.803,,,1992-6,OK,8ace65b4ed92038b7c22c5e4a5eeee1d52b6a15c,0,5b839da1ebf8974ee3cf2251bbeb5960047d54feb94e3f73eb2e6a54db4d472d,,empire
mois_x3,detail,3,Entreprise,,,,,,,,,1.431,,,1992-6,OK,8ace65b4ed92038b7c22c5e4a5eeee1d52b6a15c,0,5b839da1ebf8974ee3cf2251bbeb5960047d54feb94e3f73eb2e6a54db4d472d,,subsidiaries
mois_x3,detail,3,Entreprise,,,,,,,,,0.052,,,1992-6,OK,8ace65b4ed92038b7c22c5e4a5eeee1d52b6a15c,0,5b839da1ebf8974ee3cf2251bbeb5960047d54feb94e3f73eb2e6a54db4d472d,,subsidiary_sectors
mois_x3,detail,3,Entreprise,,,,,,,,,0.296,,,1992-6,OK,8ace65b4ed92038b7c22c5e4a5eeee1d52b6a15c,0,5b839da1ebf8974ee3cf2251bbeb5960047d54feb94e3f73eb2e6a54db4d472d,,objectives
mois_x3,detail,3,Entreprise,,,,,,,,,0.004,,,1992-6,OK,8ace65b4ed92038b7c22c5e4a5eeee1d52b6a15c,0,5b839da1ebf8974ee3cf2251bbeb5960047d54feb94e3f73eb2e6a54db4d472d,,executive_brief
mois_x3,detail,3,Entreprise,,,,,,,,,0.002,,,1992-6,OK,8ace65b4ed92038b7c22c5e4a5eeee1d52b6a15c,0,5b839da1ebf8974ee3cf2251bbeb5960047d54feb94e3f73eb2e6a54db4d472d,,workplace_and_meters
mois_x3,detail,3,Entreprise,,,,,,,,,0.01,,,1992-6,OK,8ace65b4ed92038b7c22c5e4a5eeee1d52b6a15c,0,5b839da1ebf8974ee3cf2251bbeb5960047d54feb94e3f73eb2e6a54db4d472d,,benefit_controls
mois_x3,detail,3,Entreprise,,,,,,,,,0.007,,,1992-6,OK,8ace65b4ed92038b7c22c5e4a5eeee1d52b6a15c,0,5b839da1ebf8974ee3cf2251bbeb5960047d54feb94e3f73eb2e6a54db4d472d,,hr_cases
mois_x3,detail,3,Entreprise,,,,,,,,,0.439,,,1992-6,OK,8ace65b4ed92038b7c22c5e4a5eeee1d52b6a15c,0,5b839da1ebf8974ee3cf2251bbeb5960047d54feb94e3f73eb2e6a54db4d472d,,financial_advice
mois_x3,detail,3,Entreprise,,,,,,,,,0.004,,,1992-6,OK,8ace65b4ed92038b7c22c5e4a5eeee1d52b6a15c,0,5b839da1ebf8974ee3cf2251bbeb5960047d54feb94e3f73eb2e6a54db4d472d,,division_data
mois_x3,detail,3,Entreprise,,,,,,,,,0.448,,,1992-6,OK,8ace65b4ed92038b7c22c5e4a5eeee1d52b6a15c,0,5b839da1ebf8974ee3cf2251bbeb5960047d54feb94e3f73eb2e6a54db4d472d,,division_delegation
mois_x3,detail,3,Entreprise,,,,,,,,,0.044,,,1992-6,OK,8ace65b4ed92038b7c22c5e4a5eeee1d52b6a15c,0,5b839da1ebf8974ee3cf2251bbeb5960047d54feb94e3f73eb2e6a54db4d472d,,marketing_hint
mois_x3,detail,3,Entreprise,,,,,,,,,0.057,,,1992-6,OK,8ace65b4ed92038b7c22c5e4a5eeee1d52b6a15c,0,5b839da1ebf8974ee3cf2251bbeb5960047d54feb94e3f73eb2e6a54db4d472d,,policy_controls
mois_x3,detail,3,Entreprise,,,,,,,,,0.082,,,1992-6,OK,8ace65b4ed92038b7c22c5e4a5eeee1d52b6a15c,0,5b839da1ebf8974ee3cf2251bbeb5960047d54feb94e3f73eb2e6a54db4d472d,,leader_choices
mois_x3,detail,3,Simulation,,,,,,,,,65.992,,,1992-6,OK,8ace65b4ed92038b7c22c5e4a5eeee1d52b6a15c,0,5b839da1ebf8974ee3cf2251bbeb5960047d54feb94e3f73eb2e6a54db4d472d,,economy_month_closed_callbacks
mois_x3,detail,3,Simulation,,,,,,,,,66.02,,,1992-6,OK,8ace65b4ed92038b7c22c5e4a5eeee1d52b6a15c,0,5b839da1ebf8974ee3cf2251bbeb5960047d54feb94e3f73eb2e6a54db4d472d,,economy_close_and_UI
mois_x3,detail,4,Simulation,,,,,,,,,0.778,,,1992-7,OK,8ace65b4ed92038b7c22c5e4a5eeee1d52b6a15c,0,5b839da1ebf8974ee3cf2251bbeb5960047d54feb94e3f73eb2e6a54db4d472d,,company
mois_x3,detail,4,Simulation,,,,,,,,,0.017,,,1992-7,OK,8ace65b4ed92038b7c22c5e4a5eeee1d52b6a15c,0,5b839da1ebf8974ee3cf2251bbeb5960047d54feb94e3f73eb2e6a54db4d472d,,divisions
mois_x3,detail,4,Simulation,,,,,,,,,0.236,,,1992-7,OK,8ace65b4ed92038b7c22c5e4a5eeee1d52b6a15c,0,5b839da1ebf8974ee3cf2251bbeb5960047d54feb94e3f73eb2e6a54db4d472d,,personnel
mois_x3,detail,4,Simulation,,,,,,,,,1.499,,,1992-7,OK,8ace65b4ed92038b7c22c5e4a5eeee1d52b6a15c,0,5b839da1ebf8974ee3cf2251bbeb5960047d54feb94e3f73eb2e6a54db4d472d,,executive
mois_x3,detail,4,Simulation,,,,,,,,,0.032,,,1992-7,OK,8ace65b4ed92038b7c22c5e4a5eeee1d52b6a15c,0,5b839da1ebf8974ee3cf2251bbeb5960047d54feb94e3f73eb2e6a54db4d472d,,personnel_begin
mois_x3,detail,4,Simulation,,,,,,,,,0.164,,,1992-7,OK,8ace65b4ed92038b7c22c5e4a5eeee1d52b6a15c,0,5b839da1ebf8974ee3cf2251bbeb5960047d54feb94e3f73eb2e6a54db4d472d,,research
mois_x3,detail,4,Simulation,,,,,,,,,0.968,,,1992-7,OK,8ace65b4ed92038b7c22c5e4a5eeee1d52b6a15c,0,5b839da1ebf8974ee3cf2251bbeb5960047d54feb94e3f73eb2e6a54db4d472d,,software
mois_x3,detail,4,Simulation,,,,,,,,,0.001,,,1992-7,OK,8ace65b4ed92038b7c22c5e4a5eeee1d52b6a15c,0,5b839da1ebf8974ee3cf2251bbeb5960047d54feb94e3f73eb2e6a54db4d472d,,personnel_end
mois_x3,detail,4,Simulation,,,,,,,,,0.199,,,1992-7,OK,8ace65b4ed92038b7c22c5e4a5eeee1d52b6a15c,0,5b839da1ebf8974ee3cf2251bbeb5960047d54feb94e3f73eb2e6a54db4d472d,,foundry
mois_x3,detail,4,Simulation,,,,,,,,,0.005,,,1992-7,OK,8ace65b4ed92038b7c22c5e4a5eeee1d52b6a15c,0,5b839da1ebf8974ee3cf2251bbeb5960047d54feb94e3f73eb2e6a54db4d472d,,production
mois_x3,detail,4,Simulation,,,,,,,,,7.05,,,1992-7,OK,8ace65b4ed92038b7c22c5e4a5eeee1d52b6a15c,0,5b839da1ebf8974ee3cf2251bbeb5960047d54feb94e3f73eb2e6a54db4d472d,,products
mois_x3,detail,4,Simulation,,,,,,,,,0.07,,,1992-7,OK,8ace65b4ed92038b7c22c5e4a5eeee1d52b6a15c,0,5b839da1ebf8974ee3cf2251bbeb5960047d54feb94e3f73eb2e6a54db4d472d,,architecture
mois_x3,detail,4,Simulation,,,,,,,,,0.087,,,1992-7,OK,8ace65b4ed92038b7c22c5e4a5eeee1d52b6a15c,0,5b839da1ebf8974ee3cf2251bbeb5960047d54feb94e3f73eb2e6a54db4d472d,,supplier
mois_x3,detail,4,Simulation,,,,,,,,,0.002,,,1992-7,OK,8ace65b4ed92038b7c22c5e4a5eeee1d52b6a15c,0,5b839da1ebf8974ee3cf2251bbeb5960047d54feb94e3f73eb2e6a54db4d472d,,after_sales
mois_x3,detail,4,Simulation,,,,,,,,,1.512,,,1992-7,OK,8ace65b4ed92038b7c22c5e4a5eeee1d52b6a15c,0,5b839da1ebf8974ee3cf2251bbeb5960047d54feb94e3f73eb2e6a54db4d472d,,market
mois_x3,detail,4,Simulation,,,,,,,,,1.094,,,1992-7,OK,8ace65b4ed92038b7c22c5e4a5eeee1d52b6a15c,0,5b839da1ebf8974ee3cf2251bbeb5960047d54feb94e3f73eb2e6a54db4d472d,,components
mois_x3,detail,4,Simulation,,,,,,,,,0.003,,,1992-7,OK,8ace65b4ed92038b7c22c5e4a5eeee1d52b6a15c,0,5b839da1ebf8974ee3cf2251bbeb5960047d54feb94e3f73eb2e6a54db4d472d,,patents
mois_x3,detail,4,Simulation,,,,,,,,,0.029,,,1992-7,OK,8ace65b4ed92038b7c22c5e4a5eeee1d52b6a15c,0,5b839da1ebf8974ee3cf2251bbeb5960047d54feb94e3f73eb2e6a54db4d472d,,garage_business
mois_x3,detail,4,Simulation,,,,,,,,,0.011,,,1992-7,OK,8ace65b4ed92038b7c22c5e4a5eeee1d52b6a15c,0,5b839da1ebf8974ee3cf2251bbeb5960047d54feb94e3f73eb2e6a54db4d472d,,seasonal
mois_x3,detail,4,Simulation,,,,,,,,,0.179,,,1992-7,OK,8ace65b4ed92038b7c22c5e4a5eeee1d52b6a15c,0,5b839da1ebf8974ee3cf2251bbeb5960047d54feb94e3f73eb2e6a54db4d472d,,subsidiaries
mois_x3,detail,4,Simulation,,,,,,,,,0.135,,,1992-7,OK,8ace65b4ed92038b7c22c5e4a5eeee1d52b6a15c,0,5b839da1ebf8974ee3cf2251bbeb5960047d54feb94e3f73eb2e6a54db4d472d,,objectives
mois_x3,detail,4,Simulation,,,,,,,,,0.025,,,1992-7,OK,8ace65b4ed92038b7c22c5e4a5eeee1d52b6a15c,0,5b839da1ebf8974ee3cf2251bbeb5960047d54feb94e3f73eb2e6a54db4d472d,,economy_bookkeeping
mois_x3,detail,4,Entreprise,,,,,,,,,0.909,,,1992-7,OK,8ace65b4ed92038b7c22c5e4a5eeee1d52b6a15c,0,5b839da1ebf8974ee3cf2251bbeb5960047d54feb94e3f73eb2e6a54db4d472d,,scene_hero
mois_x3,detail,4,Entreprise,,,,,,,,,14.953,,,1992-7,OK,8ace65b4ed92038b7c22c5e4a5eeee1d52b6a15c,0,5b839da1ebf8974ee3cf2251bbeb5960047d54feb94e3f73eb2e6a54db4d472d,,branch_map
mois_x3,detail,4,Entreprise,,,,,,,,,15.871,,,1992-7,OK,8ace65b4ed92038b7c22c5e4a5eeee1d52b6a15c,0,5b839da1ebf8974ee3cf2251bbeb5960047d54feb94e3f73eb2e6a54db4d472d,,scene
mois_x3,detail,4,Entreprise,,,,,,,,,0.03,,,1992-7,OK,8ace65b4ed92038b7c22c5e4a5eeee1d52b6a15c,0,5b839da1ebf8974ee3cf2251bbeb5960047d54feb94e3f73eb2e6a54db4d472d,,unlocks
mois_x3,detail,4,Entreprise,,,,,,,,,0.176,,,1992-7,OK,8ace65b4ed92038b7c22c5e4a5eeee1d52b6a15c,0,5b839da1ebf8974ee3cf2251bbeb5960047d54feb94e3f73eb2e6a54db4d472d,,reputation
mois_x3,detail,4,Entreprise,,,,,,,,,0.206,,,1992-7,OK,8ace65b4ed92038b7c22c5e4a5eeee1d52b6a15c,0,5b839da1ebf8974ee3cf2251bbeb5960047d54feb94e3f73eb2e6a54db4d472d,,empire_clear
mois_x3,detail,4,Entreprise,,,,,,,,,0.749,,,1992-7,OK,8ace65b4ed92038b7c22c5e4a5eeee1d52b6a15c,0,5b839da1ebf8974ee3cf2251bbeb5960047d54feb94e3f73eb2e6a54db4d472d,,empire_header
mois_x3,detail,4,Entreprise,,,,,,,,,1.418,,,1992-7,OK,8ace65b4ed92038b7c22c5e4a5eeee1d52b6a15c,0,5b839da1ebf8974ee3cf2251bbeb5960047d54feb94e3f73eb2e6a54db4d472d,,empire_lines
mois_x3,detail,4,Entreprise,,,,,,,,,2.262,,,1992-7,OK,8ace65b4ed92038b7c22c5e4a5eeee1d52b6a15c,0,5b839da1ebf8974ee3cf2251bbeb5960047d54feb94e3f73eb2e6a54db4d472d,,empire_ranking
mois_x3,detail,4,Entreprise,,,,,,,,,5.004,,,1992-7,OK,8ace65b4ed92038b7c22c5e4a5eeee1d52b6a15c,0,5b839da1ebf8974ee3cf2251bbeb5960047d54feb94e3f73eb2e6a54db4d472d,,empire_trophies
mois_x3,detail,4,Entreprise,,,,,,,,,9.662,,,1992-7,OK,8ace65b4ed92038b7c22c5e4a5eeee1d52b6a15c,0,5b839da1ebf8974ee3cf2251bbeb5960047d54feb94e3f73eb2e6a54db4d472d,,empire
mois_x3,detail,4,Entreprise,,,,,,,,,1.373,,,1992-7,OK,8ace65b4ed92038b7c22c5e4a5eeee1d52b6a15c,0,5b839da1ebf8974ee3cf2251bbeb5960047d54feb94e3f73eb2e6a54db4d472d,,subsidiaries
mois_x3,detail,4,Entreprise,,,,,,,,,0.056,,,1992-7,OK,8ace65b4ed92038b7c22c5e4a5eeee1d52b6a15c,0,5b839da1ebf8974ee3cf2251bbeb5960047d54feb94e3f73eb2e6a54db4d472d,,subsidiary_sectors
mois_x3,detail,4,Entreprise,,,,,,,,,0.291,,,1992-7,OK,8ace65b4ed92038b7c22c5e4a5eeee1d52b6a15c,0,5b839da1ebf8974ee3cf2251bbeb5960047d54feb94e3f73eb2e6a54db4d472d,,objectives
mois_x3,detail,4,Entreprise,,,,,,,,,0.005,,,1992-7,OK,8ace65b4ed92038b7c22c5e4a5eeee1d52b6a15c,0,5b839da1ebf8974ee3cf2251bbeb5960047d54feb94e3f73eb2e6a54db4d472d,,executive_brief
mois_x3,detail,4,Entreprise,,,,,,,,,0.002,,,1992-7,OK,8ace65b4ed92038b7c22c5e4a5eeee1d52b6a15c,0,5b839da1ebf8974ee3cf2251bbeb5960047d54feb94e3f73eb2e6a54db4d472d,,workplace_and_meters
mois_x3,detail,4,Entreprise,,,,,,,,,0.009,,,1992-7,OK,8ace65b4ed92038b7c22c5e4a5eeee1d52b6a15c,0,5b839da1ebf8974ee3cf2251bbeb5960047d54feb94e3f73eb2e6a54db4d472d,,benefit_controls
mois_x3,detail,4,Entreprise,,,,,,,,,0.012,,,1992-7,OK,8ace65b4ed92038b7c22c5e4a5eeee1d52b6a15c,0,5b839da1ebf8974ee3cf2251bbeb5960047d54feb94e3f73eb2e6a54db4d472d,,hr_cases
mois_x3,detail,4,Entreprise,,,,,,,,,0.377,,,1992-7,OK,8ace65b4ed92038b7c22c5e4a5eeee1d52b6a15c,0,5b839da1ebf8974ee3cf2251bbeb5960047d54feb94e3f73eb2e6a54db4d472d,,financial_advice
mois_x3,detail,4,Entreprise,,,,,,,,,0.003,,,1992-7,OK,8ace65b4ed92038b7c22c5e4a5eeee1d52b6a15c,0,5b839da1ebf8974ee3cf2251bbeb5960047d54feb94e3f73eb2e6a54db4d472d,,division_data
mois_x3,detail,4,Entreprise,,,,,,,,,0.416,,,1992-7,OK,8ace65b4ed92038b7c22c5e4a5eeee1d52b6a15c,0,5b839da1ebf8974ee3cf2251bbeb5960047d54feb94e3f73eb2e6a54db4d472d,,division_delegation
mois_x3,detail,4,Entreprise,,,,,,,,,0.037,,,1992-7,OK,8ace65b4ed92038b7c22c5e4a5eeee1d52b6a15c,0,5b839da1ebf8974ee3cf2251bbeb5960047d54feb94e3f73eb2e6a54db4d472d,,marketing_hint
mois_x3,detail,4,Entreprise,,,,,,,,,0.048,,,1992-7,OK,8ace65b4ed92038b7c22c5e4a5eeee1d52b6a15c,0,5b839da1ebf8974ee3cf2251bbeb5960047d54feb94e3f73eb2e6a54db4d472d,,policy_controls
mois_x3,detail,4,Entreprise,,,,,,,,,0.078,,,1992-7,OK,8ace65b4ed92038b7c22c5e4a5eeee1d52b6a15c,0,5b839da1ebf8974ee3cf2251bbeb5960047d54feb94e3f73eb2e6a54db4d472d,,leader_choices
mois_x3,detail,4,Simulation,,,,,,,,,32.65,,,1992-7,OK,8ace65b4ed92038b7c22c5e4a5eeee1d52b6a15c,0,5b839da1ebf8974ee3cf2251bbeb5960047d54feb94e3f73eb2e6a54db4d472d,,economy_month_closed_callbacks
mois_x3,detail,4,Simulation,,,,,,,,,32.679,,,1992-7,OK,8ace65b4ed92038b7c22c5e4a5eeee1d52b6a15c,0,5b839da1ebf8974ee3cf2251bbeb5960047d54feb94e3f73eb2e6a54db4d472d,,economy_close_and_UI
mois_x3,detail,5,Simulation,,,,,,,,,0.869,,,1992-8,OK,8ace65b4ed92038b7c22c5e4a5eeee1d52b6a15c,0,5b839da1ebf8974ee3cf2251bbeb5960047d54feb94e3f73eb2e6a54db4d472d,,company
mois_x3,detail,5,Simulation,,,,,,,,,0.023,,,1992-8,OK,8ace65b4ed92038b7c22c5e4a5eeee1d52b6a15c,0,5b839da1ebf8974ee3cf2251bbeb5960047d54feb94e3f73eb2e6a54db4d472d,,divisions
mois_x3,detail,5,Simulation,,,,,,,,,0.233,,,1992-8,OK,8ace65b4ed92038b7c22c5e4a5eeee1d52b6a15c,0,5b839da1ebf8974ee3cf2251bbeb5960047d54feb94e3f73eb2e6a54db4d472d,,personnel
mois_x3,detail,5,Simulation,,,,,,,,,1.55,,,1992-8,OK,8ace65b4ed92038b7c22c5e4a5eeee1d52b6a15c,0,5b839da1ebf8974ee3cf2251bbeb5960047d54feb94e3f73eb2e6a54db4d472d,,executive
mois_x3,detail,5,Simulation,,,,,,,,,0.023,,,1992-8,OK,8ace65b4ed92038b7c22c5e4a5eeee1d52b6a15c,0,5b839da1ebf8974ee3cf2251bbeb5960047d54feb94e3f73eb2e6a54db4d472d,,personnel_begin
mois_x3,detail,5,Simulation,,,,,,,,,0.12,,,1992-8,OK,8ace65b4ed92038b7c22c5e4a5eeee1d52b6a15c,0,5b839da1ebf8974ee3cf2251bbeb5960047d54feb94e3f73eb2e6a54db4d472d,,research
mois_x3,detail,5,Simulation,,,,,,,,,0.981,,,1992-8,OK,8ace65b4ed92038b7c22c5e4a5eeee1d52b6a15c,0,5b839da1ebf8974ee3cf2251bbeb5960047d54feb94e3f73eb2e6a54db4d472d,,software
mois_x3,detail,5,Simulation,,,,,,,,,0.002,,,1992-8,OK,8ace65b4ed92038b7c22c5e4a5eeee1d52b6a15c,0,5b839da1ebf8974ee3cf2251bbeb5960047d54feb94e3f73eb2e6a54db4d472d,,personnel_end
mois_x3,detail,5,Simulation,,,,,,,,,0.198,,,1992-8,OK,8ace65b4ed92038b7c22c5e4a5eeee1d52b6a15c,0,5b839da1ebf8974ee3cf2251bbeb5960047d54feb94e3f73eb2e6a54db4d472d,,foundry
mois_x3,detail,5,Simulation,,,,,,,,,0.007,,,1992-8,OK,8ace65b4ed92038b7c22c5e4a5eeee1d52b6a15c,0,5b839da1ebf8974ee3cf2251bbeb5960047d54feb94e3f73eb2e6a54db4d472d,,production
mois_x3,detail,5,Simulation,,,,,,,,,7.0,,,1992-8,OK,8ace65b4ed92038b7c22c5e4a5eeee1d52b6a15c,0,5b839da1ebf8974ee3cf2251bbeb5960047d54feb94e3f73eb2e6a54db4d472d,,products
mois_x3,detail,5,Simulation,,,,,,,,,0.076,,,1992-8,OK,8ace65b4ed92038b7c22c5e4a5eeee1d52b6a15c,0,5b839da1ebf8974ee3cf2251bbeb5960047d54feb94e3f73eb2e6a54db4d472d,,architecture
mois_x3,detail,5,Simulation,,,,,,,,,0.1,,,1992-8,OK,8ace65b4ed92038b7c22c5e4a5eeee1d52b6a15c,0,5b839da1ebf8974ee3cf2251bbeb5960047d54feb94e3f73eb2e6a54db4d472d,,supplier
mois_x3,detail,5,Simulation,,,,,,,,,0.002,,,1992-8,OK,8ace65b4ed92038b7c22c5e4a5eeee1d52b6a15c,0,5b839da1ebf8974ee3cf2251bbeb5960047d54feb94e3f73eb2e6a54db4d472d,,after_sales
mois_x3,detail,5,Simulation,,,,,,,,,1.121,,,1992-8,OK,8ace65b4ed92038b7c22c5e4a5eeee1d52b6a15c,0,5b839da1ebf8974ee3cf2251bbeb5960047d54feb94e3f73eb2e6a54db4d472d,,market
mois_x3,detail,5,Simulation,,,,,,,,,0.889,,,1992-8,OK,8ace65b4ed92038b7c22c5e4a5eeee1d52b6a15c,0,5b839da1ebf8974ee3cf2251bbeb5960047d54feb94e3f73eb2e6a54db4d472d,,components
mois_x3,detail,5,Simulation,,,,,,,,,0.002,,,1992-8,OK,8ace65b4ed92038b7c22c5e4a5eeee1d52b6a15c,0,5b839da1ebf8974ee3cf2251bbeb5960047d54feb94e3f73eb2e6a54db4d472d,,patents
mois_x3,detail,5,Simulation,,,,,,,,,0.027,,,1992-8,OK,8ace65b4ed92038b7c22c5e4a5eeee1d52b6a15c,0,5b839da1ebf8974ee3cf2251bbeb5960047d54feb94e3f73eb2e6a54db4d472d,,garage_business
mois_x3,detail,5,Simulation,,,,,,,,,0.009,,,1992-8,OK,8ace65b4ed92038b7c22c5e4a5eeee1d52b6a15c,0,5b839da1ebf8974ee3cf2251bbeb5960047d54feb94e3f73eb2e6a54db4d472d,,seasonal
mois_x3,detail,5,Simulation,,,,,,,,,0.183,,,1992-8,OK,8ace65b4ed92038b7c22c5e4a5eeee1d52b6a15c,0,5b839da1ebf8974ee3cf2251bbeb5960047d54feb94e3f73eb2e6a54db4d472d,,subsidiaries
mois_x3,detail,5,Simulation,,,,,,,,,0.338,,,1992-8,OK,8ace65b4ed92038b7c22c5e4a5eeee1d52b6a15c,0,5b839da1ebf8974ee3cf2251bbeb5960047d54feb94e3f73eb2e6a54db4d472d,,objectives
mois_x3,detail,5,Simulation,,,,,,,,,0.063,,,1992-8,OK,8ace65b4ed92038b7c22c5e4a5eeee1d52b6a15c,0,5b839da1ebf8974ee3cf2251bbeb5960047d54feb94e3f73eb2e6a54db4d472d,,economy_bookkeeping
mois_x3,detail,5,Entreprise,,,,,,,,,0.716,,,1992-8,OK,8ace65b4ed92038b7c22c5e4a5eeee1d52b6a15c,0,5b839da1ebf8974ee3cf2251bbeb5960047d54feb94e3f73eb2e6a54db4d472d,,scene_hero
mois_x3,detail,5,Entreprise,,,,,,,,,17.17,,,1992-8,OK,8ace65b4ed92038b7c22c5e4a5eeee1d52b6a15c,0,5b839da1ebf8974ee3cf2251bbeb5960047d54feb94e3f73eb2e6a54db4d472d,,branch_map
mois_x3,detail,5,Entreprise,,,,,,,,,17.895,,,1992-8,OK,8ace65b4ed92038b7c22c5e4a5eeee1d52b6a15c,0,5b839da1ebf8974ee3cf2251bbeb5960047d54feb94e3f73eb2e6a54db4d472d,,scene
mois_x3,detail,5,Entreprise,,,,,,,,,0.03,,,1992-8,OK,8ace65b4ed92038b7c22c5e4a5eeee1d52b6a15c,0,5b839da1ebf8974ee3cf2251bbeb5960047d54feb94e3f73eb2e6a54db4d472d,,unlocks
mois_x3,detail,5,Entreprise,,,,,,,,,0.197,,,1992-8,OK,8ace65b4ed92038b7c22c5e4a5eeee1d52b6a15c,0,5b839da1ebf8974ee3cf2251bbeb5960047d54feb94e3f73eb2e6a54db4d472d,,reputation
mois_x3,detail,5,Entreprise,,,,,,,,,0.197,,,1992-8,OK,8ace65b4ed92038b7c22c5e4a5eeee1d52b6a15c,0,5b839da1ebf8974ee3cf2251bbeb5960047d54feb94e3f73eb2e6a54db4d472d,,empire_clear
mois_x3,detail,5,Entreprise,,,,,,,,,0.768,,,1992-8,OK,8ace65b4ed92038b7c22c5e4a5eeee1d52b6a15c,0,5b839da1ebf8974ee3cf2251bbeb5960047d54feb94e3f73eb2e6a54db4d472d,,empire_header
mois_x3,detail,5,Entreprise,,,,,,,,,2.287,,,1992-8,OK,8ace65b4ed92038b7c22c5e4a5eeee1d52b6a15c,0,5b839da1ebf8974ee3cf2251bbeb5960047d54feb94e3f73eb2e6a54db4d472d,,empire_lines
mois_x3,detail,5,Entreprise,,,,,,,,,2.767,,,1992-8,OK,8ace65b4ed92038b7c22c5e4a5eeee1d52b6a15c,0,5b839da1ebf8974ee3cf2251bbeb5960047d54feb94e3f73eb2e6a54db4d472d,,empire_ranking
mois_x3,detail,5,Entreprise,,,,,,,,,5.535,,,1992-8,OK,8ace65b4ed92038b7c22c5e4a5eeee1d52b6a15c,0,5b839da1ebf8974ee3cf2251bbeb5960047d54feb94e3f73eb2e6a54db4d472d,,empire_trophies
mois_x3,detail,5,Entreprise,,,,,,,,,11.588,,,1992-8,OK,8ace65b4ed92038b7c22c5e4a5eeee1d52b6a15c,0,5b839da1ebf8974ee3cf2251bbeb5960047d54feb94e3f73eb2e6a54db4d472d,,empire
mois_x3,detail,5,Entreprise,,,,,,,,,2.036,,,1992-8,OK,8ace65b4ed92038b7c22c5e4a5eeee1d52b6a15c,0,5b839da1ebf8974ee3cf2251bbeb5960047d54feb94e3f73eb2e6a54db4d472d,,subsidiaries
mois_x3,detail,5,Entreprise,,,,,,,,,0.075,,,1992-8,OK,8ace65b4ed92038b7c22c5e4a5eeee1d52b6a15c,0,5b839da1ebf8974ee3cf2251bbeb5960047d54feb94e3f73eb2e6a54db4d472d,,subsidiary_sectors
mois_x3,detail,5,Entreprise,,,,,,,,,0.426,,,1992-8,OK,8ace65b4ed92038b7c22c5e4a5eeee1d52b6a15c,0,5b839da1ebf8974ee3cf2251bbeb5960047d54feb94e3f73eb2e6a54db4d472d,,objectives
mois_x3,detail,5,Entreprise,,,,,,,,,0.009,,,1992-8,OK,8ace65b4ed92038b7c22c5e4a5eeee1d52b6a15c,0,5b839da1ebf8974ee3cf2251bbeb5960047d54feb94e3f73eb2e6a54db4d472d,,executive_brief
mois_x3,detail,5,Entreprise,,,,,,,,,0.002,,,1992-8,OK,8ace65b4ed92038b7c22c5e4a5eeee1d52b6a15c,0,5b839da1ebf8974ee3cf2251bbeb5960047d54feb94e3f73eb2e6a54db4d472d,,workplace_and_meters
mois_x3,detail,5,Entreprise,,,,,,,,,0.011,,,1992-8,OK,8ace65b4ed92038b7c22c5e4a5eeee1d52b6a15c,0,5b839da1ebf8974ee3cf2251bbeb5960047d54feb94e3f73eb2e6a54db4d472d,,benefit_controls
mois_x3,detail,5,Entreprise,,,,,,,,,0.009,,,1992-8,OK,8ace65b4ed92038b7c22c5e4a5eeee1d52b6a15c,0,5b839da1ebf8974ee3cf2251bbeb5960047d54feb94e3f73eb2e6a54db4d472d,,hr_cases
mois_x3,detail,5,Entreprise,,,,,,,,,0.425,,,1992-8,OK,8ace65b4ed92038b7c22c5e4a5eeee1d52b6a15c,0,5b839da1ebf8974ee3cf2251bbeb5960047d54feb94e3f73eb2e6a54db4d472d,,financial_advice
mois_x3,detail,5,Entreprise,,,,,,,,,0.004,,,1992-8,OK,8ace65b4ed92038b7c22c5e4a5eeee1d52b6a15c,0,5b839da1ebf8974ee3cf2251bbeb5960047d54feb94e3f73eb2e6a54db4d472d,,division_data
mois_x3,detail,5,Entreprise,,,,,,,,,0.449,,,1992-8,OK,8ace65b4ed92038b7c22c5e4a5eeee1d52b6a15c,0,5b839da1ebf8974ee3cf2251bbeb5960047d54feb94e3f73eb2e6a54db4d472d,,division_delegation
mois_x3,detail,5,Entreprise,,,,,,,,,0.041,,,1992-8,OK,8ace65b4ed92038b7c22c5e4a5eeee1d52b6a15c,0,5b839da1ebf8974ee3cf2251bbeb5960047d54feb94e3f73eb2e6a54db4d472d,,marketing_hint
mois_x3,detail,5,Entreprise,,,,,,,,,0.054,,,1992-8,OK,8ace65b4ed92038b7c22c5e4a5eeee1d52b6a15c,0,5b839da1ebf8974ee3cf2251bbeb5960047d54feb94e3f73eb2e6a54db4d472d,,policy_controls
mois_x3,detail,5,Entreprise,,,,,,,,,0.081,,,1992-8,OK,8ace65b4ed92038b7c22c5e4a5eeee1d52b6a15c,0,5b839da1ebf8974ee3cf2251bbeb5960047d54feb94e3f73eb2e6a54db4d472d,,leader_choices
mois_x3,detail,5,Simulation,,,,,,,,,38.961,,,1992-8,OK,8ace65b4ed92038b7c22c5e4a5eeee1d52b6a15c,0,5b839da1ebf8974ee3cf2251bbeb5960047d54feb94e3f73eb2e6a54db4d472d,,economy_month_closed_callbacks
mois_x3,detail,5,Simulation,,,,,,,,,39.03,,,1992-8,OK,8ace65b4ed92038b7c22c5e4a5eeee1d52b6a15c,0,5b839da1ebf8974ee3cf2251bbeb5960047d54feb94e3f73eb2e6a54db4d472d,,economy_close_and_UI
mois_x3,detail,6,Simulation,,,,,,,,,0.942,,,1992-9,OK,8ace65b4ed92038b7c22c5e4a5eeee1d52b6a15c,0,5b839da1ebf8974ee3cf2251bbeb5960047d54feb94e3f73eb2e6a54db4d472d,,company
mois_x3,detail,6,Simulation,,,,,,,,,0.02,,,1992-9,OK,8ace65b4ed92038b7c22c5e4a5eeee1d52b6a15c,0,5b839da1ebf8974ee3cf2251bbeb5960047d54feb94e3f73eb2e6a54db4d472d,,divisions
mois_x3,detail,6,Simulation,,,,,,,,,0.277,,,1992-9,OK,8ace65b4ed92038b7c22c5e4a5eeee1d52b6a15c,0,5b839da1ebf8974ee3cf2251bbeb5960047d54feb94e3f73eb2e6a54db4d472d,,personnel
mois_x3,detail,6,Simulation,,,,,,,,,1.741,,,1992-9,OK,8ace65b4ed92038b7c22c5e4a5eeee1d52b6a15c,0,5b839da1ebf8974ee3cf2251bbeb5960047d54feb94e3f73eb2e6a54db4d472d,,executive
mois_x3,detail,6,Simulation,,,,,,,,,0.024,,,1992-9,OK,8ace65b4ed92038b7c22c5e4a5eeee1d52b6a15c,0,5b839da1ebf8974ee3cf2251bbeb5960047d54feb94e3f73eb2e6a54db4d472d,,personnel_begin
mois_x3,detail,6,Simulation,,,,,,,,,0.138,,,1992-9,OK,8ace65b4ed92038b7c22c5e4a5eeee1d52b6a15c,0,5b839da1ebf8974ee3cf2251bbeb5960047d54feb94e3f73eb2e6a54db4d472d,,research
mois_x3,detail,6,Simulation,,,,,,,,,1.068,,,1992-9,OK,8ace65b4ed92038b7c22c5e4a5eeee1d52b6a15c,0,5b839da1ebf8974ee3cf2251bbeb5960047d54feb94e3f73eb2e6a54db4d472d,,software
mois_x3,detail,6,Simulation,,,,,,,,,0.002,,,1992-9,OK,8ace65b4ed92038b7c22c5e4a5eeee1d52b6a15c,0,5b839da1ebf8974ee3cf2251bbeb5960047d54feb94e3f73eb2e6a54db4d472d,,personnel_end
mois_x3,detail,6,Simulation,,,,,,,,,0.205,,,1992-9,OK,8ace65b4ed92038b7c22c5e4a5eeee1d52b6a15c,0,5b839da1ebf8974ee3cf2251bbeb5960047d54feb94e3f73eb2e6a54db4d472d,,foundry
mois_x3,detail,6,Simulation,,,,,,,,,0.007,,,1992-9,OK,8ace65b4ed92038b7c22c5e4a5eeee1d52b6a15c,0,5b839da1ebf8974ee3cf2251bbeb5960047d54feb94e3f73eb2e6a54db4d472d,,production
mois_x3,detail,6,Simulation,,,,,,,,,6.965,,,1992-9,OK,8ace65b4ed92038b7c22c5e4a5eeee1d52b6a15c,0,5b839da1ebf8974ee3cf2251bbeb5960047d54feb94e3f73eb2e6a54db4d472d,,products
mois_x3,detail,6,Simulation,,,,,,,,,0.073,,,1992-9,OK,8ace65b4ed92038b7c22c5e4a5eeee1d52b6a15c,0,5b839da1ebf8974ee3cf2251bbeb5960047d54feb94e3f73eb2e6a54db4d472d,,architecture
mois_x3,detail,6,Simulation,,,,,,,,,0.08,,,1992-9,OK,8ace65b4ed92038b7c22c5e4a5eeee1d52b6a15c,0,5b839da1ebf8974ee3cf2251bbeb5960047d54feb94e3f73eb2e6a54db4d472d,,supplier
mois_x3,detail,6,Simulation,,,,,,,,,0.002,,,1992-9,OK,8ace65b4ed92038b7c22c5e4a5eeee1d52b6a15c,0,5b839da1ebf8974ee3cf2251bbeb5960047d54feb94e3f73eb2e6a54db4d472d,,after_sales
mois_x3,detail,6,Simulation,,,,,,,,,1.326,,,1992-9,OK,8ace65b4ed92038b7c22c5e4a5eeee1d52b6a15c,0,5b839da1ebf8974ee3cf2251bbeb5960047d54feb94e3f73eb2e6a54db4d472d,,market
mois_x3,detail,6,Simulation,,,,,,,,,1.117,,,1992-9,OK,8ace65b4ed92038b7c22c5e4a5eeee1d52b6a15c,0,5b839da1ebf8974ee3cf2251bbeb5960047d54feb94e3f73eb2e6a54db4d472d,,components
mois_x3,detail,6,Simulation,,,,,,,,,0.004,,,1992-9,OK,8ace65b4ed92038b7c22c5e4a5eeee1d52b6a15c,0,5b839da1ebf8974ee3cf2251bbeb5960047d54feb94e3f73eb2e6a54db4d472d,,patents
mois_x3,detail,6,Simulation,,,,,,,,,0.037,,,1992-9,OK,8ace65b4ed92038b7c22c5e4a5eeee1d52b6a15c,0,5b839da1ebf8974ee3cf2251bbeb5960047d54feb94e3f73eb2e6a54db4d472d,,garage_business
mois_x3,detail,6,Simulation,,,,,,,,,0.003,,,1992-9,OK,8ace65b4ed92038b7c22c5e4a5eeee1d52b6a15c,0,5b839da1ebf8974ee3cf2251bbeb5960047d54feb94e3f73eb2e6a54db4d472d,,seasonal
mois_x3,detail,6,Simulation,,,,,,,,,0.183,,,1992-9,OK,8ace65b4ed92038b7c22c5e4a5eeee1d52b6a15c,0,5b839da1ebf8974ee3cf2251bbeb5960047d54feb94e3f73eb2e6a54db4d472d,,subsidiaries
mois_x3,detail,6,Simulation,,,,,,,,,0.134,,,1992-9,OK,8ace65b4ed92038b7c22c5e4a5eeee1d52b6a15c,0,5b839da1ebf8974ee3cf2251bbeb5960047d54feb94e3f73eb2e6a54db4d472d,,objectives
mois_x3,detail,6,Simulation,,,,,,,,,0.025,,,1992-9,OK,8ace65b4ed92038b7c22c5e4a5eeee1d52b6a15c,0,5b839da1ebf8974ee3cf2251bbeb5960047d54feb94e3f73eb2e6a54db4d472d,,economy_bookkeeping
mois_x3,detail,6,Entreprise,,,,,,,,,25.948,,,1992-9,OK,8ace65b4ed92038b7c22c5e4a5eeee1d52b6a15c,0,5b839da1ebf8974ee3cf2251bbeb5960047d54feb94e3f73eb2e6a54db4d472d,,scene_hero
mois_x3,detail,6,Entreprise,,,,,,,,,18.631,,,1992-9,OK,8ace65b4ed92038b7c22c5e4a5eeee1d52b6a15c,0,5b839da1ebf8974ee3cf2251bbeb5960047d54feb94e3f73eb2e6a54db4d472d,,branch_map
mois_x3,detail,6,Entreprise,,,,,,,,,44.592,,,1992-9,OK,8ace65b4ed92038b7c22c5e4a5eeee1d52b6a15c,0,5b839da1ebf8974ee3cf2251bbeb5960047d54feb94e3f73eb2e6a54db4d472d,,scene
mois_x3,detail,6,Entreprise,,,,,,,,,0.047,,,1992-9,OK,8ace65b4ed92038b7c22c5e4a5eeee1d52b6a15c,0,5b839da1ebf8974ee3cf2251bbeb5960047d54feb94e3f73eb2e6a54db4d472d,,unlocks
mois_x3,detail,6,Entreprise,,,,,,,,,0.315,,,1992-9,OK,8ace65b4ed92038b7c22c5e4a5eeee1d52b6a15c,0,5b839da1ebf8974ee3cf2251bbeb5960047d54feb94e3f73eb2e6a54db4d472d,,reputation
mois_x3,detail,6,Entreprise,,,,,,,,,0.558,,,1992-9,OK,8ace65b4ed92038b7c22c5e4a5eeee1d52b6a15c,0,5b839da1ebf8974ee3cf2251bbeb5960047d54feb94e3f73eb2e6a54db4d472d,,empire_clear
mois_x3,detail,6,Entreprise,,,,,,,,,0.975,,,1992-9,OK,8ace65b4ed92038b7c22c5e4a5eeee1d52b6a15c,0,5b839da1ebf8974ee3cf2251bbeb5960047d54feb94e3f73eb2e6a54db4d472d,,empire_header
mois_x3,detail,6,Entreprise,,,,,,,,,1.62,,,1992-9,OK,8ace65b4ed92038b7c22c5e4a5eeee1d52b6a15c,0,5b839da1ebf8974ee3cf2251bbeb5960047d54feb94e3f73eb2e6a54db4d472d,,empire_lines
mois_x3,detail,6,Entreprise,,,,,,,,,2.532,,,1992-9,OK,8ace65b4ed92038b7c22c5e4a5eeee1d52b6a15c,0,5b839da1ebf8974ee3cf2251bbeb5960047d54feb94e3f73eb2e6a54db4d472d,,empire_ranking
mois_x3,detail,6,Entreprise,,,,,,,,,6.913,,,1992-9,OK,8ace65b4ed92038b7c22c5e4a5eeee1d52b6a15c,0,5b839da1ebf8974ee3cf2251bbeb5960047d54feb94e3f73eb2e6a54db4d472d,,empire_trophies
mois_x3,detail,6,Entreprise,,,,,,,,,12.638,,,1992-9,OK,8ace65b4ed92038b7c22c5e4a5eeee1d52b6a15c,0,5b839da1ebf8974ee3cf2251bbeb5960047d54feb94e3f73eb2e6a54db4d472d,,empire
mois_x3,detail,6,Entreprise,,,,,,,,,1.992,,,1992-9,OK,8ace65b4ed92038b7c22c5e4a5eeee1d52b6a15c,0,5b839da1ebf8974ee3cf2251bbeb5960047d54feb94e3f73eb2e6a54db4d472d,,subsidiaries
mois_x3,detail,6,Entreprise,,,,,,,,,0.054,,,1992-9,OK,8ace65b4ed92038b7c22c5e4a5eeee1d52b6a15c,0,5b839da1ebf8974ee3cf2251bbeb5960047d54feb94e3f73eb2e6a54db4d472d,,subsidiary_sectors
mois_x3,detail,6,Entreprise,,,,,,,,,0.304,,,1992-9,OK,8ace65b4ed92038b7c22c5e4a5eeee1d52b6a15c,0,5b839da1ebf8974ee3cf2251bbeb5960047d54feb94e3f73eb2e6a54db4d472d,,objectives
mois_x3,detail,6,Entreprise,,,,,,,,,0.005,,,1992-9,OK,8ace65b4ed92038b7c22c5e4a5eeee1d52b6a15c,0,5b839da1ebf8974ee3cf2251bbeb5960047d54feb94e3f73eb2e6a54db4d472d,,executive_brief
mois_x3,detail,6,Entreprise,,,,,,,,,0.002,,,1992-9,OK,8ace65b4ed92038b7c22c5e4a5eeee1d52b6a15c,0,5b839da1ebf8974ee3cf2251bbeb5960047d54feb94e3f73eb2e6a54db4d472d,,workplace_and_meters
mois_x3,detail,6,Entreprise,,,,,,,,,0.01,,,1992-9,OK,8ace65b4ed92038b7c22c5e4a5eeee1d52b6a15c,0,5b839da1ebf8974ee3cf2251bbeb5960047d54feb94e3f73eb2e6a54db4d472d,,benefit_controls
mois_x3,detail,6,Entreprise,,,,,,,,,0.008,,,1992-9,OK,8ace65b4ed92038b7c22c5e4a5eeee1d52b6a15c,0,5b839da1ebf8974ee3cf2251bbeb5960047d54feb94e3f73eb2e6a54db4d472d,,hr_cases
mois_x3,detail,6,Entreprise,,,,,,,,,0.43,,,1992-9,OK,8ace65b4ed92038b7c22c5e4a5eeee1d52b6a15c,0,5b839da1ebf8974ee3cf2251bbeb5960047d54feb94e3f73eb2e6a54db4d472d,,financial_advice
mois_x3,detail,6,Entreprise,,,,,,,,,0.003,,,1992-9,OK,8ace65b4ed92038b7c22c5e4a5eeee1d52b6a15c,0,5b839da1ebf8974ee3cf2251bbeb5960047d54feb94e3f73eb2e6a54db4d472d,,division_data
mois_x3,detail,6,Entreprise,,,,,,,,,0.433,,,1992-9,OK,8ace65b4ed92038b7c22c5e4a5eeee1d52b6a15c,0,5b839da1ebf8974ee3cf2251bbeb5960047d54feb94e3f73eb2e6a54db4d472d,,division_delegation
mois_x3,detail,6,Entreprise,,,,,,,,,0.04,,,1992-9,OK,8ace65b4ed92038b7c22c5e4a5eeee1d52b6a15c,0,5b839da1ebf8974ee3cf2251bbeb5960047d54feb94e3f73eb2e6a54db4d472d,,marketing_hint
mois_x3,detail,6,Entreprise,,,,,,,,,0.053,,,1992-9,OK,8ace65b4ed92038b7c22c5e4a5eeee1d52b6a15c,0,5b839da1ebf8974ee3cf2251bbeb5960047d54feb94e3f73eb2e6a54db4d472d,,policy_controls
mois_x3,detail,6,Entreprise,,,,,,,,,0.08,,,1992-9,OK,8ace65b4ed92038b7c22c5e4a5eeee1d52b6a15c,0,5b839da1ebf8974ee3cf2251bbeb5960047d54feb94e3f73eb2e6a54db4d472d,,leader_choices
mois_x3,detail,6,Simulation,,,,,,,,,65.328,,,1992-9,OK,8ace65b4ed92038b7c22c5e4a5eeee1d52b6a15c,0,5b839da1ebf8974ee3cf2251bbeb5960047d54feb94e3f73eb2e6a54db4d472d,,economy_month_closed_callbacks
mois_x3,detail,6,Simulation,,,,,,,,,65.357,,,1992-9,OK,8ace65b4ed92038b7c22c5e4a5eeee1d52b6a15c,0,5b839da1ebf8974ee3cf2251bbeb5960047d54feb94e3f73eb2e6a54db4d472d,,economy_close_and_UI
mois_x3,detail,7,Simulation,,,,,,,,,0.724,,,1992-10,OK,8ace65b4ed92038b7c22c5e4a5eeee1d52b6a15c,0,5b839da1ebf8974ee3cf2251bbeb5960047d54feb94e3f73eb2e6a54db4d472d,,company
mois_x3,detail,7,Simulation,,,,,,,,,0.016,,,1992-10,OK,8ace65b4ed92038b7c22c5e4a5eeee1d52b6a15c,0,5b839da1ebf8974ee3cf2251bbeb5960047d54feb94e3f73eb2e6a54db4d472d,,divisions
mois_x3,detail,7,Simulation,,,,,,,,,0.21,,,1992-10,OK,8ace65b4ed92038b7c22c5e4a5eeee1d52b6a15c,0,5b839da1ebf8974ee3cf2251bbeb5960047d54feb94e3f73eb2e6a54db4d472d,,personnel
mois_x3,detail,7,Simulation,,,,,,,,,1.572,,,1992-10,OK,8ace65b4ed92038b7c22c5e4a5eeee1d52b6a15c,0,5b839da1ebf8974ee3cf2251bbeb5960047d54feb94e3f73eb2e6a54db4d472d,,executive
mois_x3,detail,7,Simulation,,,,,,,,,0.023,,,1992-10,OK,8ace65b4ed92038b7c22c5e4a5eeee1d52b6a15c,0,5b839da1ebf8974ee3cf2251bbeb5960047d54feb94e3f73eb2e6a54db4d472d,,personnel_begin
mois_x3,detail,7,Simulation,,,,,,,,,0.116,,,1992-10,OK,8ace65b4ed92038b7c22c5e4a5eeee1d52b6a15c,0,5b839da1ebf8974ee3cf2251bbeb5960047d54feb94e3f73eb2e6a54db4d472d,,research
mois_x3,detail,7,Simulation,,,,,,,,,0.988,,,1992-10,OK,8ace65b4ed92038b7c22c5e4a5eeee1d52b6a15c,0,5b839da1ebf8974ee3cf2251bbeb5960047d54feb94e3f73eb2e6a54db4d472d,,software
mois_x3,detail,7,Simulation,,,,,,,,,0.001,,,1992-10,OK,8ace65b4ed92038b7c22c5e4a5eeee1d52b6a15c,0,5b839da1ebf8974ee3cf2251bbeb5960047d54feb94e3f73eb2e6a54db4d472d,,personnel_end
mois_x3,detail,7,Simulation,,,,,,,,,0.221,,,1992-10,OK,8ace65b4ed92038b7c22c5e4a5eeee1d52b6a15c,0,5b839da1ebf8974ee3cf2251bbeb5960047d54feb94e3f73eb2e6a54db4d472d,,foundry
mois_x3,detail,7,Simulation,,,,,,,,,0.006,,,1992-10,OK,8ace65b4ed92038b7c22c5e4a5eeee1d52b6a15c,0,5b839da1ebf8974ee3cf2251bbeb5960047d54feb94e3f73eb2e6a54db4d472d,,production
mois_x3,detail,7,Simulation,,,,,,,,,7.273,,,1992-10,OK,8ace65b4ed92038b7c22c5e4a5eeee1d52b6a15c,0,5b839da1ebf8974ee3cf2251bbeb5960047d54feb94e3f73eb2e6a54db4d472d,,products
mois_x3,detail,7,Simulation,,,,,,,,,0.07,,,1992-10,OK,8ace65b4ed92038b7c22c5e4a5eeee1d52b6a15c,0,5b839da1ebf8974ee3cf2251bbeb5960047d54feb94e3f73eb2e6a54db4d472d,,architecture
mois_x3,detail,7,Simulation,,,,,,,,,0.105,,,1992-10,OK,8ace65b4ed92038b7c22c5e4a5eeee1d52b6a15c,0,5b839da1ebf8974ee3cf2251bbeb5960047d54feb94e3f73eb2e6a54db4d472d,,supplier
mois_x3,detail,7,Simulation,,,,,,,,,0.002,,,1992-10,OK,8ace65b4ed92038b7c22c5e4a5eeee1d52b6a15c,0,5b839da1ebf8974ee3cf2251bbeb5960047d54feb94e3f73eb2e6a54db4d472d,,after_sales
mois_x3,detail,7,Simulation,,,,,,,,,1.334,,,1992-10,OK,8ace65b4ed92038b7c22c5e4a5eeee1d52b6a15c,0,5b839da1ebf8974ee3cf2251bbeb5960047d54feb94e3f73eb2e6a54db4d472d,,market
mois_x3,detail,7,Simulation,,,,,,,,,0.879,,,1992-10,OK,8ace65b4ed92038b7c22c5e4a5eeee1d52b6a15c,0,5b839da1ebf8974ee3cf2251bbeb5960047d54feb94e3f73eb2e6a54db4d472d,,components
mois_x3,detail,7,Simulation,,,,,,,,,0.002,,,1992-10,OK,8ace65b4ed92038b7c22c5e4a5eeee1d52b6a15c,0,5b839da1ebf8974ee3cf2251bbeb5960047d54feb94e3f73eb2e6a54db4d472d,,patents
mois_x3,detail,7,Simulation,,,,,,,,,0.03,,,1992-10,OK,8ace65b4ed92038b7c22c5e4a5eeee1d52b6a15c,0,5b839da1ebf8974ee3cf2251bbeb5960047d54feb94e3f73eb2e6a54db4d472d,,garage_business
mois_x3,detail,7,Simulation,,,,,,,,,0.008,,,1992-10,OK,8ace65b4ed92038b7c22c5e4a5eeee1d52b6a15c,0,5b839da1ebf8974ee3cf2251bbeb5960047d54feb94e3f73eb2e6a54db4d472d,,seasonal
mois_x3,detail,7,Simulation,,,,,,,,,0.158,,,1992-10,OK,8ace65b4ed92038b7c22c5e4a5eeee1d52b6a15c,0,5b839da1ebf8974ee3cf2251bbeb5960047d54feb94e3f73eb2e6a54db4d472d,,subsidiaries
mois_x3,detail,7,Simulation,,,,,,,,,0.171,,,1992-10,OK,8ace65b4ed92038b7c22c5e4a5eeee1d52b6a15c,0,5b839da1ebf8974ee3cf2251bbeb5960047d54feb94e3f73eb2e6a54db4d472d,,objectives
mois_x3,detail,7,Simulation,,,,,,,,,0.027,,,1992-10,OK,8ace65b4ed92038b7c22c5e4a5eeee1d52b6a15c,0,5b839da1ebf8974ee3cf2251bbeb5960047d54feb94e3f73eb2e6a54db4d472d,,economy_bookkeeping
mois_x3,detail,7,Entreprise,,,,,,,,,0.767,,,1992-10,OK,8ace65b4ed92038b7c22c5e4a5eeee1d52b6a15c,0,5b839da1ebf8974ee3cf2251bbeb5960047d54feb94e3f73eb2e6a54db4d472d,,scene_hero
mois_x3,detail,7,Entreprise,,,,,,,,,15.581,,,1992-10,OK,8ace65b4ed92038b7c22c5e4a5eeee1d52b6a15c,0,5b839da1ebf8974ee3cf2251bbeb5960047d54feb94e3f73eb2e6a54db4d472d,,branch_map
mois_x3,detail,7,Entreprise,,,,,,,,,16.356,,,1992-10,OK,8ace65b4ed92038b7c22c5e4a5eeee1d52b6a15c,0,5b839da1ebf8974ee3cf2251bbeb5960047d54feb94e3f73eb2e6a54db4d472d,,scene
mois_x3,detail,7,Entreprise,,,,,,,,,0.031,,,1992-10,OK,8ace65b4ed92038b7c22c5e4a5eeee1d52b6a15c,0,5b839da1ebf8974ee3cf2251bbeb5960047d54feb94e3f73eb2e6a54db4d472d,,unlocks
mois_x3,detail,7,Entreprise,,,,,,,,,0.177,,,1992-10,OK,8ace65b4ed92038b7c22c5e4a5eeee1d52b6a15c,0,5b839da1ebf8974ee3cf2251bbeb5960047d54feb94e3f73eb2e6a54db4d472d,,reputation
mois_x3,detail,7,Entreprise,,,,,,,,,0.21,,,1992-10,OK,8ace65b4ed92038b7c22c5e4a5eeee1d52b6a15c,0,5b839da1ebf8974ee3cf2251bbeb5960047d54feb94e3f73eb2e6a54db4d472d,,empire_clear
mois_x3,detail,7,Entreprise,,,,,,,,,0.806,,,1992-10,OK,8ace65b4ed92038b7c22c5e4a5eeee1d52b6a15c,0,5b839da1ebf8974ee3cf2251bbeb5960047d54feb94e3f73eb2e6a54db4d472d,,empire_header
mois_x3,detail,7,Entreprise,,,,,,,,,1.69,,,1992-10,OK,8ace65b4ed92038b7c22c5e4a5eeee1d52b6a15c,0,5b839da1ebf8974ee3cf2251bbeb5960047d54feb94e3f73eb2e6a54db4d472d,,empire_lines
mois_x3,detail,7,Entreprise,,,,,,,,,2.138,,,1992-10,OK,8ace65b4ed92038b7c22c5e4a5eeee1d52b6a15c,0,5b839da1ebf8974ee3cf2251bbeb5960047d54feb94e3f73eb2e6a54db4d472d,,empire_ranking
mois_x3,detail,7,Entreprise,,,,,,,,,4.894,,,1992-10,OK,8ace65b4ed92038b7c22c5e4a5eeee1d52b6a15c,0,5b839da1ebf8974ee3cf2251bbeb5960047d54feb94e3f73eb2e6a54db4d472d,,empire_trophies
mois_x3,detail,7,Entreprise,,,,,,,,,9.765,,,1992-10,OK,8ace65b4ed92038b7c22c5e4a5eeee1d52b6a15c,0,5b839da1ebf8974ee3cf2251bbeb5960047d54feb94e3f73eb2e6a54db4d472d,,empire
mois_x3,detail,7,Entreprise,,,,,,,,,1.468,,,1992-10,OK,8ace65b4ed92038b7c22c5e4a5eeee1d52b6a15c,0,5b839da1ebf8974ee3cf2251bbeb5960047d54feb94e3f73eb2e6a54db4d472d,,subsidiaries
mois_x3,detail,7,Entreprise,,,,,,,,,0.053,,,1992-10,OK,8ace65b4ed92038b7c22c5e4a5eeee1d52b6a15c,0,5b839da1ebf8974ee3cf2251bbeb5960047d54feb94e3f73eb2e6a54db4d472d,,subsidiary_sectors
mois_x3,detail,7,Entreprise,,,,,,,,,0.3,,,1992-10,OK,8ace65b4ed92038b7c22c5e4a5eeee1d52b6a15c,0,5b839da1ebf8974ee3cf2251bbeb5960047d54feb94e3f73eb2e6a54db4d472d,,objectives
mois_x3,detail,7,Entreprise,,,,,,,,,0.006,,,1992-10,OK,8ace65b4ed92038b7c22c5e4a5eeee1d52b6a15c,0,5b839da1ebf8974ee3cf2251bbeb5960047d54feb94e3f73eb2e6a54db4d472d,,executive_brief
mois_x3,detail,7,Entreprise,,,,,,,,,0.002,,,1992-10,OK,8ace65b4ed92038b7c22c5e4a5eeee1d52b6a15c,0,5b839da1ebf8974ee3cf2251bbeb5960047d54feb94e3f73eb2e6a54db4d472d,,workplace_and_meters
mois_x3,detail,7,Entreprise,,,,,,,,,0.01,,,1992-10,OK,8ace65b4ed92038b7c22c5e4a5eeee1d52b6a15c,0,5b839da1ebf8974ee3cf2251bbeb5960047d54feb94e3f73eb2e6a54db4d472d,,benefit_controls
mois_x3,detail,7,Entreprise,,,,,,,,,0.007,,,1992-10,OK,8ace65b4ed92038b7c22c5e4a5eeee1d52b6a15c,0,5b839da1ebf8974ee3cf2251bbeb5960047d54feb94e3f73eb2e6a54db4d472d,,hr_cases
mois_x3,detail,7,Entreprise,,,,,,,,,0.412,,,1992-10,OK,8ace65b4ed92038b7c22c5e4a5eeee1d52b6a15c,0,5b839da1ebf8974ee3cf2251bbeb5960047d54feb94e3f73eb2e6a54db4d472d,,financial_advice
mois_x3,detail,7,Entreprise,,,,,,,,,0.004,,,1992-10,OK,8ace65b4ed92038b7c22c5e4a5eeee1d52b6a15c,0,5b839da1ebf8974ee3cf2251bbeb5960047d54feb94e3f73eb2e6a54db4d472d,,division_data
mois_x3,detail,7,Entreprise,,,,,,,,,0.466,,,1992-10,OK,8ace65b4ed92038b7c22c5e4a5eeee1d52b6a15c,0,5b839da1ebf8974ee3cf2251bbeb5960047d54feb94e3f73eb2e6a54db4d472d,,division_delegation
mois_x3,detail,7,Entreprise,,,,,,,,,0.044,,,1992-10,OK,8ace65b4ed92038b7c22c5e4a5eeee1d52b6a15c,0,5b839da1ebf8974ee3cf2251bbeb5960047d54feb94e3f73eb2e6a54db4d472d,,marketing_hint
mois_x3,detail,7,Entreprise,,,,,,,,,0.057,,,1992-10,OK,8ace65b4ed92038b7c22c5e4a5eeee1d52b6a15c,0,5b839da1ebf8974ee3cf2251bbeb5960047d54feb94e3f73eb2e6a54db4d472d,,policy_controls
mois_x3,detail,7,Entreprise,,,,,,,,,0.081,,,1992-10,OK,8ace65b4ed92038b7c22c5e4a5eeee1d52b6a15c,0,5b839da1ebf8974ee3cf2251bbeb5960047d54feb94e3f73eb2e6a54db4d472d,,leader_choices
mois_x3,detail,7,Simulation,,,,,,,,,32.814,,,1992-10,OK,8ace65b4ed92038b7c22c5e4a5eeee1d52b6a15c,0,5b839da1ebf8974ee3cf2251bbeb5960047d54feb94e3f73eb2e6a54db4d472d,,economy_month_closed_callbacks
mois_x3,detail,7,Simulation,,,,,,,,,32.844,,,1992-10,OK,8ace65b4ed92038b7c22c5e4a5eeee1d52b6a15c,0,5b839da1ebf8974ee3cf2251bbeb5960047d54feb94e3f73eb2e6a54db4d472d,,economy_close_and_UI
mois_x3,detail,8,Simulation,,,,,,,,,0.698,,,1992-11,OK,8ace65b4ed92038b7c22c5e4a5eeee1d52b6a15c,0,5b839da1ebf8974ee3cf2251bbeb5960047d54feb94e3f73eb2e6a54db4d472d,,company
mois_x3,detail,8,Simulation,,,,,,,,,0.015,,,1992-11,OK,8ace65b4ed92038b7c22c5e4a5eeee1d52b6a15c,0,5b839da1ebf8974ee3cf2251bbeb5960047d54feb94e3f73eb2e6a54db4d472d,,divisions
mois_x3,detail,8,Simulation,,,,,,,,,0.194,,,1992-11,OK,8ace65b4ed92038b7c22c5e4a5eeee1d52b6a15c,0,5b839da1ebf8974ee3cf2251bbeb5960047d54feb94e3f73eb2e6a54db4d472d,,personnel
mois_x3,detail,8,Simulation,,,,,,,,,0.81,,,1992-11,OK,8ace65b4ed92038b7c22c5e4a5eeee1d52b6a15c,0,5b839da1ebf8974ee3cf2251bbeb5960047d54feb94e3f73eb2e6a54db4d472d,,executive
mois_x3,detail,8,Simulation,,,,,,,,,0.022,,,1992-11,OK,8ace65b4ed92038b7c22c5e4a5eeee1d52b6a15c,0,5b839da1ebf8974ee3cf2251bbeb5960047d54feb94e3f73eb2e6a54db4d472d,,personnel_begin
mois_x3,detail,8,Simulation,,,,,,,,,0.119,,,1992-11,OK,8ace65b4ed92038b7c22c5e4a5eeee1d52b6a15c,0,5b839da1ebf8974ee3cf2251bbeb5960047d54feb94e3f73eb2e6a54db4d472d,,research
mois_x3,detail,8,Simulation,,,,,,,,,1.206,,,1992-11,OK,8ace65b4ed92038b7c22c5e4a5eeee1d52b6a15c,0,5b839da1ebf8974ee3cf2251bbeb5960047d54feb94e3f73eb2e6a54db4d472d,,software
mois_x3,detail,8,Simulation,,,,,,,,,0.001,,,1992-11,OK,8ace65b4ed92038b7c22c5e4a5eeee1d52b6a15c,0,5b839da1ebf8974ee3cf2251bbeb5960047d54feb94e3f73eb2e6a54db4d472d,,personnel_end
mois_x3,detail,8,Simulation,,,,,,,,,0.274,,,1992-11,OK,8ace65b4ed92038b7c22c5e4a5eeee1d52b6a15c,0,5b839da1ebf8974ee3cf2251bbeb5960047d54feb94e3f73eb2e6a54db4d472d,,foundry
mois_x3,detail,8,Simulation,,,,,,,,,0.009,,,1992-11,OK,8ace65b4ed92038b7c22c5e4a5eeee1d52b6a15c,0,5b839da1ebf8974ee3cf2251bbeb5960047d54feb94e3f73eb2e6a54db4d472d,,production
mois_x3,detail,8,Simulation,,,,,,,,,7.122,,,1992-11,OK,8ace65b4ed92038b7c22c5e4a5eeee1d52b6a15c,0,5b839da1ebf8974ee3cf2251bbeb5960047d54feb94e3f73eb2e6a54db4d472d,,products
mois_x3,detail,8,Simulation,,,,,,,,,0.07,,,1992-11,OK,8ace65b4ed92038b7c22c5e4a5eeee1d52b6a15c,0,5b839da1ebf8974ee3cf2251bbeb5960047d54feb94e3f73eb2e6a54db4d472d,,architecture
mois_x3,detail,8,Simulation,,,,,,,,,0.087,,,1992-11,OK,8ace65b4ed92038b7c22c5e4a5eeee1d52b6a15c,0,5b839da1ebf8974ee3cf2251bbeb5960047d54feb94e3f73eb2e6a54db4d472d,,supplier
mois_x3,detail,8,Simulation,,,,,,,,,0.002,,,1992-11,OK,8ace65b4ed92038b7c22c5e4a5eeee1d52b6a15c,0,5b839da1ebf8974ee3cf2251bbeb5960047d54feb94e3f73eb2e6a54db4d472d,,after_sales
mois_x3,detail,8,Simulation,,,,,,,,,1.442,,,1992-11,OK,8ace65b4ed92038b7c22c5e4a5eeee1d52b6a15c,0,5b839da1ebf8974ee3cf2251bbeb5960047d54feb94e3f73eb2e6a54db4d472d,,market
mois_x3,detail,8,Simulation,,,,,,,,,0.897,,,1992-11,OK,8ace65b4ed92038b7c22c5e4a5eeee1d52b6a15c,0,5b839da1ebf8974ee3cf2251bbeb5960047d54feb94e3f73eb2e6a54db4d472d,,components
mois_x3,detail,8,Simulation,,,,,,,,,0.003,,,1992-11,OK,8ace65b4ed92038b7c22c5e4a5eeee1d52b6a15c,0,5b839da1ebf8974ee3cf2251bbeb5960047d54feb94e3f73eb2e6a54db4d472d,,patents
mois_x3,detail,8,Simulation,,,,,,,,,0.029,,,1992-11,OK,8ace65b4ed92038b7c22c5e4a5eeee1d52b6a15c,0,5b839da1ebf8974ee3cf2251bbeb5960047d54feb94e3f73eb2e6a54db4d472d,,garage_business
mois_x3,detail,8,Simulation,,,,,,,,,0.008,,,1992-11,OK,8ace65b4ed92038b7c22c5e4a5eeee1d52b6a15c,0,5b839da1ebf8974ee3cf2251bbeb5960047d54feb94e3f73eb2e6a54db4d472d,,seasonal
mois_x3,detail,8,Simulation,,,,,,,,,0.188,,,1992-11,OK,8ace65b4ed92038b7c22c5e4a5eeee1d52b6a15c,0,5b839da1ebf8974ee3cf2251bbeb5960047d54feb94e3f73eb2e6a54db4d472d,,subsidiaries
mois_x3,detail,8,Simulation,,,,,,,,,0.133,,,1992-11,OK,8ace65b4ed92038b7c22c5e4a5eeee1d52b6a15c,0,5b839da1ebf8974ee3cf2251bbeb5960047d54feb94e3f73eb2e6a54db4d472d,,objectives
mois_x3,detail,8,Simulation,,,,,,,,,0.025,,,1992-11,OK,8ace65b4ed92038b7c22c5e4a5eeee1d52b6a15c,0,5b839da1ebf8974ee3cf2251bbeb5960047d54feb94e3f73eb2e6a54db4d472d,,economy_bookkeeping
mois_x3,detail,8,Entreprise,,,,,,,,,0.727,,,1992-11,OK,8ace65b4ed92038b7c22c5e4a5eeee1d52b6a15c,0,5b839da1ebf8974ee3cf2251bbeb5960047d54feb94e3f73eb2e6a54db4d472d,,scene_hero
mois_x3,detail,8,Entreprise,,,,,,,,,17.056,,,1992-11,OK,8ace65b4ed92038b7c22c5e4a5eeee1d52b6a15c,0,5b839da1ebf8974ee3cf2251bbeb5960047d54feb94e3f73eb2e6a54db4d472d,,branch_map
mois_x3,detail,8,Entreprise,,,,,,,,,17.793,,,1992-11,OK,8ace65b4ed92038b7c22c5e4a5eeee1d52b6a15c,0,5b839da1ebf8974ee3cf2251bbeb5960047d54feb94e3f73eb2e6a54db4d472d,,scene
mois_x3,detail,8,Entreprise,,,,,,,,,0.038,,,1992-11,OK,8ace65b4ed92038b7c22c5e4a5eeee1d52b6a15c,0,5b839da1ebf8974ee3cf2251bbeb5960047d54feb94e3f73eb2e6a54db4d472d,,unlocks
mois_x3,detail,8,Entreprise,,,,,,,,,0.244,,,1992-11,OK,8ace65b4ed92038b7c22c5e4a5eeee1d52b6a15c,0,5b839da1ebf8974ee3cf2251bbeb5960047d54feb94e3f73eb2e6a54db4d472d,,reputation
mois_x3,detail,8,Entreprise,,,,,,,,,0.31,,,1992-11,OK,8ace65b4ed92038b7c22c5e4a5eeee1d52b6a15c,0,5b839da1ebf8974ee3cf2251bbeb5960047d54feb94e3f73eb2e6a54db4d472d,,empire_clear
mois_x3,detail,8,Entreprise,,,,,,,,,1.087,,,1992-11,OK,8ace65b4ed92038b7c22c5e4a5eeee1d52b6a15c,0,5b839da1ebf8974ee3cf2251bbeb5960047d54feb94e3f73eb2e6a54db4d472d,,empire_header
mois_x3,detail,8,Entreprise,,,,,,,,,1.745,,,1992-11,OK,8ace65b4ed92038b7c22c5e4a5eeee1d52b6a15c,0,5b839da1ebf8974ee3cf2251bbeb5960047d54feb94e3f73eb2e6a54db4d472d,,empire_lines
mois_x3,detail,8,Entreprise,,,,,,,,,2.063,,,1992-11,OK,8ace65b4ed92038b7c22c5e4a5eeee1d52b6a15c,0,5b839da1ebf8974ee3cf2251bbeb5960047d54feb94e3f73eb2e6a54db4d472d,,empire_ranking
mois_x3,detail,8,Entreprise,,,,,,,,,5.77,,,1992-11,OK,8ace65b4ed92038b7c22c5e4a5eeee1d52b6a15c,0,5b839da1ebf8974ee3cf2251bbeb5960047d54feb94e3f73eb2e6a54db4d472d,,empire_trophies
mois_x3,detail,8,Entreprise,,,,,,,,,11.002,,,1992-11,OK,8ace65b4ed92038b7c22c5e4a5eeee1d52b6a15c,0,5b839da1ebf8974ee3cf2251bbeb5960047d54feb94e3f73eb2e6a54db4d472d,,empire
mois_x3,detail,8,Entreprise,,,,,,,,,1.873,,,1992-11,OK,8ace65b4ed92038b7c22c5e4a5eeee1d52b6a15c,0,5b839da1ebf8974ee3cf2251bbeb5960047d54feb94e3f73eb2e6a54db4d472d,,subsidiaries
mois_x3,detail,8,Entreprise,,,,,,,,,0.052,,,1992-11,OK,8ace65b4ed92038b7c22c5e4a5eeee1d52b6a15c,0,5b839da1ebf8974ee3cf2251bbeb5960047d54feb94e3f73eb2e6a54db4d472d,,subsidiary_sectors
mois_x3,detail,8,Entreprise,,,,,,,,,0.318,,,1992-11,OK,8ace65b4ed92038b7c22c5e4a5eeee1d52b6a15c,0,5b839da1ebf8974ee3cf2251bbeb5960047d54feb94e3f73eb2e6a54db4d472d,,objectives
mois_x3,detail,8,Entreprise,,,,,,,,,0.005,,,1992-11,OK,8ace65b4ed92038b7c22c5e4a5eeee1d52b6a15c,0,5b839da1ebf8974ee3cf2251bbeb5960047d54feb94e3f73eb2e6a54db4d472d,,executive_brief
mois_x3,detail,8,Entreprise,,,,,,,,,0.002,,,1992-11,OK,8ace65b4ed92038b7c22c5e4a5eeee1d52b6a15c,0,5b839da1ebf8974ee3cf2251bbeb5960047d54feb94e3f73eb2e6a54db4d472d,,workplace_and_meters
mois_x3,detail,8,Entreprise,,,,,,,,,0.01,,,1992-11,OK,8ace65b4ed92038b7c22c5e4a5eeee1d52b6a15c,0,5b839da1ebf8974ee3cf2251bbeb5960047d54feb94e3f73eb2e6a54db4d472d,,benefit_controls
mois_x3,detail,8,Entreprise,,,,,,,,,0.008,,,1992-11,OK,8ace65b4ed92038b7c22c5e4a5eeee1d52b6a15c,0,5b839da1ebf8974ee3cf2251bbeb5960047d54feb94e3f73eb2e6a54db4d472d,,hr_cases
mois_x3,detail,8,Entreprise,,,,,,,,,0.399,,,1992-11,OK,8ace65b4ed92038b7c22c5e4a5eeee1d52b6a15c,0,5b839da1ebf8974ee3cf2251bbeb5960047d54feb94e3f73eb2e6a54db4d472d,,financial_advice
mois_x3,detail,8,Entreprise,,,,,,,,,0.004,,,1992-11,OK,8ace65b4ed92038b7c22c5e4a5eeee1d52b6a15c,0,5b839da1ebf8974ee3cf2251bbeb5960047d54feb94e3f73eb2e6a54db4d472d,,division_data
mois_x3,detail,8,Entreprise,,,,,,,,,0.417,,,1992-11,OK,8ace65b4ed92038b7c22c5e4a5eeee1d52b6a15c,0,5b839da1ebf8974ee3cf2251bbeb5960047d54feb94e3f73eb2e6a54db4d472d,,division_delegation
mois_x3,detail,8,Entreprise,,,,,,,,,0.038,,,1992-11,OK,8ace65b4ed92038b7c22c5e4a5eeee1d52b6a15c,0,5b839da1ebf8974ee3cf2251bbeb5960047d54feb94e3f73eb2e6a54db4d472d,,marketing_hint
mois_x3,detail,8,Entreprise,,,,,,,,,0.051,,,1992-11,OK,8ace65b4ed92038b7c22c5e4a5eeee1d52b6a15c,0,5b839da1ebf8974ee3cf2251bbeb5960047d54feb94e3f73eb2e6a54db4d472d,,policy_controls
mois_x3,detail,8,Entreprise,,,,,,,,,0.324,,,1992-11,OK,8ace65b4ed92038b7c22c5e4a5eeee1d52b6a15c,0,5b839da1ebf8974ee3cf2251bbeb5960047d54feb94e3f73eb2e6a54db4d472d,,leader_choices
mois_x3,detail,8,Simulation,,,,,,,,,36.15,,,1992-11,OK,8ace65b4ed92038b7c22c5e4a5eeee1d52b6a15c,0,5b839da1ebf8974ee3cf2251bbeb5960047d54feb94e3f73eb2e6a54db4d472d,,economy_month_closed_callbacks
mois_x3,detail,8,Simulation,,,,,,,,,36.18,,,1992-11,OK,8ace65b4ed92038b7c22c5e4a5eeee1d52b6a15c,0,5b839da1ebf8974ee3cf2251bbeb5960047d54feb94e3f73eb2e6a54db4d472d,,economy_close_and_UI
mois_x3,detail,9,Simulation,,,,,,,,,0.909,,,1992-12,OK,8ace65b4ed92038b7c22c5e4a5eeee1d52b6a15c,0,5b839da1ebf8974ee3cf2251bbeb5960047d54feb94e3f73eb2e6a54db4d472d,,company
mois_x3,detail,9,Simulation,,,,,,,,,0.017,,,1992-12,OK,8ace65b4ed92038b7c22c5e4a5eeee1d52b6a15c,0,5b839da1ebf8974ee3cf2251bbeb5960047d54feb94e3f73eb2e6a54db4d472d,,divisions
mois_x3,detail,9,Simulation,,,,,,,,,0.214,,,1992-12,OK,8ace65b4ed92038b7c22c5e4a5eeee1d52b6a15c,0,5b839da1ebf8974ee3cf2251bbeb5960047d54feb94e3f73eb2e6a54db4d472d,,personnel
mois_x3,detail,9,Simulation,,,,,,,,,0.917,,,1992-12,OK,8ace65b4ed92038b7c22c5e4a5eeee1d52b6a15c,0,5b839da1ebf8974ee3cf2251bbeb5960047d54feb94e3f73eb2e6a54db4d472d,,executive
mois_x3,detail,9,Simulation,,,,,,,,,0.023,,,1992-12,OK,8ace65b4ed92038b7c22c5e4a5eeee1d52b6a15c,0,5b839da1ebf8974ee3cf2251bbeb5960047d54feb94e3f73eb2e6a54db4d472d,,personnel_begin
mois_x3,detail,9,Simulation,,,,,,,,,0.132,,,1992-12,OK,8ace65b4ed92038b7c22c5e4a5eeee1d52b6a15c,0,5b839da1ebf8974ee3cf2251bbeb5960047d54feb94e3f73eb2e6a54db4d472d,,research
mois_x3,detail,9,Simulation,,,,,,,,,1.177,,,1992-12,OK,8ace65b4ed92038b7c22c5e4a5eeee1d52b6a15c,0,5b839da1ebf8974ee3cf2251bbeb5960047d54feb94e3f73eb2e6a54db4d472d,,software
mois_x3,detail,9,Simulation,,,,,,,,,0.002,,,1992-12,OK,8ace65b4ed92038b7c22c5e4a5eeee1d52b6a15c,0,5b839da1ebf8974ee3cf2251bbeb5960047d54feb94e3f73eb2e6a54db4d472d,,personnel_end
mois_x3,detail,9,Simulation,,,,,,,,,0.209,,,1992-12,OK,8ace65b4ed92038b7c22c5e4a5eeee1d52b6a15c,0,5b839da1ebf8974ee3cf2251bbeb5960047d54feb94e3f73eb2e6a54db4d472d,,foundry
mois_x3,detail,9,Simulation,,,,,,,,,0.007,,,1992-12,OK,8ace65b4ed92038b7c22c5e4a5eeee1d52b6a15c,0,5b839da1ebf8974ee3cf2251bbeb5960047d54feb94e3f73eb2e6a54db4d472d,,production
mois_x3,detail,9,Simulation,,,,,,,,,7.547,,,1992-12,OK,8ace65b4ed92038b7c22c5e4a5eeee1d52b6a15c,0,5b839da1ebf8974ee3cf2251bbeb5960047d54feb94e3f73eb2e6a54db4d472d,,products
mois_x3,detail,9,Simulation,,,,,,,,,0.105,,,1992-12,OK,8ace65b4ed92038b7c22c5e4a5eeee1d52b6a15c,0,5b839da1ebf8974ee3cf2251bbeb5960047d54feb94e3f73eb2e6a54db4d472d,,architecture
mois_x3,detail,9,Simulation,,,,,,,,,0.088,,,1992-12,OK,8ace65b4ed92038b7c22c5e4a5eeee1d52b6a15c,0,5b839da1ebf8974ee3cf2251bbeb5960047d54feb94e3f73eb2e6a54db4d472d,,supplier
mois_x3,detail,9,Simulation,,,,,,,,,0.002,,,1992-12,OK,8ace65b4ed92038b7c22c5e4a5eeee1d52b6a15c,0,5b839da1ebf8974ee3cf2251bbeb5960047d54feb94e3f73eb2e6a54db4d472d,,after_sales
mois_x3,detail,9,Simulation,,,,,,,,,1.252,,,1992-12,OK,8ace65b4ed92038b7c22c5e4a5eeee1d52b6a15c,0,5b839da1ebf8974ee3cf2251bbeb5960047d54feb94e3f73eb2e6a54db4d472d,,market
mois_x3,detail,9,Simulation,,,,,,,,,0.932,,,1992-12,OK,8ace65b4ed92038b7c22c5e4a5eeee1d52b6a15c,0,5b839da1ebf8974ee3cf2251bbeb5960047d54feb94e3f73eb2e6a54db4d472d,,components
mois_x3,detail,9,Simulation,,,,,,,,,0.002,,,1992-12,OK,8ace65b4ed92038b7c22c5e4a5eeee1d52b6a15c,0,5b839da1ebf8974ee3cf2251bbeb5960047d54feb94e3f73eb2e6a54db4d472d,,patents
mois_x3,detail,9,Simulation,,,,,,,,,0.029,,,1992-12,OK,8ace65b4ed92038b7c22c5e4a5eeee1d52b6a15c,0,5b839da1ebf8974ee3cf2251bbeb5960047d54feb94e3f73eb2e6a54db4d472d,,garage_business
mois_x3,detail,9,Simulation,,,,,,,,,0.009,,,1992-12,OK,8ace65b4ed92038b7c22c5e4a5eeee1d52b6a15c,0,5b839da1ebf8974ee3cf2251bbeb5960047d54feb94e3f73eb2e6a54db4d472d,,seasonal
mois_x3,detail,9,Simulation,,,,,,,,,0.205,,,1992-12,OK,8ace65b4ed92038b7c22c5e4a5eeee1d52b6a15c,0,5b839da1ebf8974ee3cf2251bbeb5960047d54feb94e3f73eb2e6a54db4d472d,,subsidiaries
mois_x3,detail,9,Simulation,,,,,,,,,0.138,,,1992-12,OK,8ace65b4ed92038b7c22c5e4a5eeee1d52b6a15c,0,5b839da1ebf8974ee3cf2251bbeb5960047d54feb94e3f73eb2e6a54db4d472d,,objectives
mois_x3,detail,9,Simulation,,,,,,,,,0.026,,,1992-12,OK,8ace65b4ed92038b7c22c5e4a5eeee1d52b6a15c,0,5b839da1ebf8974ee3cf2251bbeb5960047d54feb94e3f73eb2e6a54db4d472d,,economy_bookkeeping
mois_x3,detail,9,Entreprise,,,,,,,,,24.629,,,1992-12,OK,8ace65b4ed92038b7c22c5e4a5eeee1d52b6a15c,0,5b839da1ebf8974ee3cf2251bbeb5960047d54feb94e3f73eb2e6a54db4d472d,,scene_hero
mois_x3,detail,9,Entreprise,,,,,,,,,15.879,,,1992-12,OK,8ace65b4ed92038b7c22c5e4a5eeee1d52b6a15c,0,5b839da1ebf8974ee3cf2251bbeb5960047d54feb94e3f73eb2e6a54db4d472d,,branch_map
mois_x3,detail,9,Entreprise,,,,,,,,,40.518,,,1992-12,OK,8ace65b4ed92038b7c22c5e4a5eeee1d52b6a15c,0,5b839da1ebf8974ee3cf2251bbeb5960047d54feb94e3f73eb2e6a54db4d472d,,scene
mois_x3,detail,9,Entreprise,,,,,,,,,0.03,,,1992-12,OK,8ace65b4ed92038b7c22c5e4a5eeee1d52b6a15c,0,5b839da1ebf8974ee3cf2251bbeb5960047d54feb94e3f73eb2e6a54db4d472d,,unlocks
mois_x3,detail,9,Entreprise,,,,,,,,,0.206,,,1992-12,OK,8ace65b4ed92038b7c22c5e4a5eeee1d52b6a15c,0,5b839da1ebf8974ee3cf2251bbeb5960047d54feb94e3f73eb2e6a54db4d472d,,reputation
mois_x3,detail,9,Entreprise,,,,,,,,,0.223,,,1992-12,OK,8ace65b4ed92038b7c22c5e4a5eeee1d52b6a15c,0,5b839da1ebf8974ee3cf2251bbeb5960047d54feb94e3f73eb2e6a54db4d472d,,empire_clear
mois_x3,detail,9,Entreprise,,,,,,,,,1.037,,,1992-12,OK,8ace65b4ed92038b7c22c5e4a5eeee1d52b6a15c,0,5b839da1ebf8974ee3cf2251bbeb5960047d54feb94e3f73eb2e6a54db4d472d,,empire_header
mois_x3,detail,9,Entreprise,,,,,,,,,1.556,,,1992-12,OK,8ace65b4ed92038b7c22c5e4a5eeee1d52b6a15c,0,5b839da1ebf8974ee3cf2251bbeb5960047d54feb94e3f73eb2e6a54db4d472d,,empire_lines
mois_x3,detail,9,Entreprise,,,,,,,,,2.269,,,1992-12,OK,8ace65b4ed92038b7c22c5e4a5eeee1d52b6a15c,0,5b839da1ebf8974ee3cf2251bbeb5960047d54feb94e3f73eb2e6a54db4d472d,,empire_ranking
mois_x3,detail,9,Entreprise,,,,,,,,,4.837,,,1992-12,OK,8ace65b4ed92038b7c22c5e4a5eeee1d52b6a15c,0,5b839da1ebf8974ee3cf2251bbeb5960047d54feb94e3f73eb2e6a54db4d472d,,empire_trophies
mois_x3,detail,9,Entreprise,,,,,,,,,9.947,,,1992-12,OK,8ace65b4ed92038b7c22c5e4a5eeee1d52b6a15c,0,5b839da1ebf8974ee3cf2251bbeb5960047d54feb94e3f73eb2e6a54db4d472d,,empire
mois_x3,detail,9,Entreprise,,,,,,,,,1.693,,,1992-12,OK,8ace65b4ed92038b7c22c5e4a5eeee1d52b6a15c,0,5b839da1ebf8974ee3cf2251bbeb5960047d54feb94e3f73eb2e6a54db4d472d,,subsidiaries
mois_x3,detail,9,Entreprise,,,,,,,,,0.054,,,1992-12,OK,8ace65b4ed92038b7c22c5e4a5eeee1d52b6a15c,0,5b839da1ebf8974ee3cf2251bbeb5960047d54feb94e3f73eb2e6a54db4d472d,,subsidiary_sectors
mois_x3,detail,9,Entreprise,,,,,,,,,0.346,,,1992-12,OK,8ace65b4ed92038b7c22c5e4a5eeee1d52b6a15c,0,5b839da1ebf8974ee3cf2251bbeb5960047d54feb94e3f73eb2e6a54db4d472d,,objectives
mois_x3,detail,9,Entreprise,,,,,,,,,0.007,,,1992-12,OK,8ace65b4ed92038b7c22c5e4a5eeee1d52b6a15c,0,5b839da1ebf8974ee3cf2251bbeb5960047d54feb94e3f73eb2e6a54db4d472d,,executive_brief
mois_x3,detail,9,Entreprise,,,,,,,,,0.001,,,1992-12,OK,8ace65b4ed92038b7c22c5e4a5eeee1d52b6a15c,0,5b839da1ebf8974ee3cf2251bbeb5960047d54feb94e3f73eb2e6a54db4d472d,,workplace_and_meters
mois_x3,detail,9,Entreprise,,,,,,,,,0.01,,,1992-12,OK,8ace65b4ed92038b7c22c5e4a5eeee1d52b6a15c,0,5b839da1ebf8974ee3cf2251bbeb5960047d54feb94e3f73eb2e6a54db4d472d,,benefit_controls
mois_x3,detail,9,Entreprise,,,,,,,,,0.009,,,1992-12,OK,8ace65b4ed92038b7c22c5e4a5eeee1d52b6a15c,0,5b839da1ebf8974ee3cf2251bbeb5960047d54feb94e3f73eb2e6a54db4d472d,,hr_cases
mois_x3,detail,9,Entreprise,,,,,,,,,0.432,,,1992-12,OK,8ace65b4ed92038b7c22c5e4a5eeee1d52b6a15c,0,5b839da1ebf8974ee3cf2251bbeb5960047d54feb94e3f73eb2e6a54db4d472d,,financial_advice
mois_x3,detail,9,Entreprise,,,,,,,,,0.004,,,1992-12,OK,8ace65b4ed92038b7c22c5e4a5eeee1d52b6a15c,0,5b839da1ebf8974ee3cf2251bbeb5960047d54feb94e3f73eb2e6a54db4d472d,,division_data
mois_x3,detail,9,Entreprise,,,,,,,,,0.518,,,1992-12,OK,8ace65b4ed92038b7c22c5e4a5eeee1d52b6a15c,0,5b839da1ebf8974ee3cf2251bbeb5960047d54feb94e3f73eb2e6a54db4d472d,,division_delegation
mois_x3,detail,9,Entreprise,,,,,,,,,0.042,,,1992-12,OK,8ace65b4ed92038b7c22c5e4a5eeee1d52b6a15c,0,5b839da1ebf8974ee3cf2251bbeb5960047d54feb94e3f73eb2e6a54db4d472d,,marketing_hint
mois_x3,detail,9,Entreprise,,,,,,,,,0.054,,,1992-12,OK,8ace65b4ed92038b7c22c5e4a5eeee1d52b6a15c,0,5b839da1ebf8974ee3cf2251bbeb5960047d54feb94e3f73eb2e6a54db4d472d,,policy_controls
mois_x3,detail,9,Entreprise,,,,,,,,,0.083,,,1992-12,OK,8ace65b4ed92038b7c22c5e4a5eeee1d52b6a15c,0,5b839da1ebf8974ee3cf2251bbeb5960047d54feb94e3f73eb2e6a54db4d472d,,leader_choices
mois_x3,detail,9,Simulation,,,,,,,,,57.781,,,1992-12,OK,8ace65b4ed92038b7c22c5e4a5eeee1d52b6a15c,0,5b839da1ebf8974ee3cf2251bbeb5960047d54feb94e3f73eb2e6a54db4d472d,,economy_month_closed_callbacks
mois_x3,detail,9,Simulation,,,,,,,,,57.811,,,1992-12,OK,8ace65b4ed92038b7c22c5e4a5eeee1d52b6a15c,0,5b839da1ebf8974ee3cf2251bbeb5960047d54feb94e3f73eb2e6a54db4d472d,,economy_close_and_UI
mois_x3,detail,10,Simulation,,,,,,,,,0.879,,,1993-1,OK,8ace65b4ed92038b7c22c5e4a5eeee1d52b6a15c,0,5b839da1ebf8974ee3cf2251bbeb5960047d54feb94e3f73eb2e6a54db4d472d,,company
mois_x3,detail,10,Simulation,,,,,,,,,0.016,,,1993-1,OK,8ace65b4ed92038b7c22c5e4a5eeee1d52b6a15c,0,5b839da1ebf8974ee3cf2251bbeb5960047d54feb94e3f73eb2e6a54db4d472d,,divisions
mois_x3,detail,10,Simulation,,,,,,,,,0.249,,,1993-1,OK,8ace65b4ed92038b7c22c5e4a5eeee1d52b6a15c,0,5b839da1ebf8974ee3cf2251bbeb5960047d54feb94e3f73eb2e6a54db4d472d,,personnel
mois_x3,detail,10,Simulation,,,,,,,,,0.818,,,1993-1,OK,8ace65b4ed92038b7c22c5e4a5eeee1d52b6a15c,0,5b839da1ebf8974ee3cf2251bbeb5960047d54feb94e3f73eb2e6a54db4d472d,,executive
mois_x3,detail,10,Simulation,,,,,,,,,0.024,,,1993-1,OK,8ace65b4ed92038b7c22c5e4a5eeee1d52b6a15c,0,5b839da1ebf8974ee3cf2251bbeb5960047d54feb94e3f73eb2e6a54db4d472d,,personnel_begin
mois_x3,detail,10,Simulation,,,,,,,,,0.126,,,1993-1,OK,8ace65b4ed92038b7c22c5e4a5eeee1d52b6a15c,0,5b839da1ebf8974ee3cf2251bbeb5960047d54feb94e3f73eb2e6a54db4d472d,,research
mois_x3,detail,10,Simulation,,,,,,,,,0.917,,,1993-1,OK,8ace65b4ed92038b7c22c5e4a5eeee1d52b6a15c,0,5b839da1ebf8974ee3cf2251bbeb5960047d54feb94e3f73eb2e6a54db4d472d,,software
mois_x3,detail,10,Simulation,,,,,,,,,0.002,,,1993-1,OK,8ace65b4ed92038b7c22c5e4a5eeee1d52b6a15c,0,5b839da1ebf8974ee3cf2251bbeb5960047d54feb94e3f73eb2e6a54db4d472d,,personnel_end
mois_x3,detail,10,Simulation,,,,,,,,,0.206,,,1993-1,OK,8ace65b4ed92038b7c22c5e4a5eeee1d52b6a15c,0,5b839da1ebf8974ee3cf2251bbeb5960047d54feb94e3f73eb2e6a54db4d472d,,foundry
mois_x3,detail,10,Simulation,,,,,,,,,0.007,,,1993-1,OK,8ace65b4ed92038b7c22c5e4a5eeee1d52b6a15c,0,5b839da1ebf8974ee3cf2251bbeb5960047d54feb94e3f73eb2e6a54db4d472d,,production
mois_x3,detail,10,Simulation,,,,,,,,,5.993,,,1993-1,OK,8ace65b4ed92038b7c22c5e4a5eeee1d52b6a15c,0,5b839da1ebf8974ee3cf2251bbeb5960047d54feb94e3f73eb2e6a54db4d472d,,products
mois_x3,detail,10,Simulation,,,,,,,,,0.071,,,1993-1,OK,8ace65b4ed92038b7c22c5e4a5eeee1d52b6a15c,0,5b839da1ebf8974ee3cf2251bbeb5960047d54feb94e3f73eb2e6a54db4d472d,,architecture
mois_x3,detail,10,Simulation,,,,,,,,,0.085,,,1993-1,OK,8ace65b4ed92038b7c22c5e4a5eeee1d52b6a15c,0,5b839da1ebf8974ee3cf2251bbeb5960047d54feb94e3f73eb2e6a54db4d472d,,supplier
mois_x3,detail,10,Simulation,,,,,,,,,0.002,,,1993-1,OK,8ace65b4ed92038b7c22c5e4a5eeee1d52b6a15c,0,5b839da1ebf8974ee3cf2251bbeb5960047d54feb94e3f73eb2e6a54db4d472d,,after_sales
mois_x3,detail,10,Simulation,,,,,,,,,1.612,,,1993-1,OK,8ace65b4ed92038b7c22c5e4a5eeee1d52b6a15c,0,5b839da1ebf8974ee3cf2251bbeb5960047d54feb94e3f73eb2e6a54db4d472d,,market
mois_x3,detail,10,Simulation,,,,,,,,,1.149,,,1993-1,OK,8ace65b4ed92038b7c22c5e4a5eeee1d52b6a15c,0,5b839da1ebf8974ee3cf2251bbeb5960047d54feb94e3f73eb2e6a54db4d472d,,components
mois_x3,detail,10,Simulation,,,,,,,,,0.002,,,1993-1,OK,8ace65b4ed92038b7c22c5e4a5eeee1d52b6a15c,0,5b839da1ebf8974ee3cf2251bbeb5960047d54feb94e3f73eb2e6a54db4d472d,,patents
mois_x3,detail,10,Simulation,,,,,,,,,0.027,,,1993-1,OK,8ace65b4ed92038b7c22c5e4a5eeee1d52b6a15c,0,5b839da1ebf8974ee3cf2251bbeb5960047d54feb94e3f73eb2e6a54db4d472d,,garage_business
mois_x3,detail,10,Simulation,,,,,,,,,0.004,,,1993-1,OK,8ace65b4ed92038b7c22c5e4a5eeee1d52b6a15c,0,5b839da1ebf8974ee3cf2251bbeb5960047d54feb94e3f73eb2e6a54db4d472d,,seasonal
mois_x3,detail,10,Simulation,,,,,,,,,0.19,,,1993-1,OK,8ace65b4ed92038b7c22c5e4a5eeee1d52b6a15c,0,5b839da1ebf8974ee3cf2251bbeb5960047d54feb94e3f73eb2e6a54db4d472d,,subsidiaries
mois_x3,detail,10,Simulation,,,,,,,,,0.15,,,1993-1,OK,8ace65b4ed92038b7c22c5e4a5eeee1d52b6a15c,0,5b839da1ebf8974ee3cf2251bbeb5960047d54feb94e3f73eb2e6a54db4d472d,,objectives
mois_x3,detail,10,Simulation,,,,,,,,,0.026,,,1993-1,OK,8ace65b4ed92038b7c22c5e4a5eeee1d52b6a15c,0,5b839da1ebf8974ee3cf2251bbeb5960047d54feb94e3f73eb2e6a54db4d472d,,economy_bookkeeping
mois_x3,detail,10,Entreprise,,,,,,,,,0.684,,,1993-1,OK,8ace65b4ed92038b7c22c5e4a5eeee1d52b6a15c,0,5b839da1ebf8974ee3cf2251bbeb5960047d54feb94e3f73eb2e6a54db4d472d,,scene_hero
mois_x3,detail,10,Entreprise,,,,,,,,,16.807,,,1993-1,OK,8ace65b4ed92038b7c22c5e4a5eeee1d52b6a15c,0,5b839da1ebf8974ee3cf2251bbeb5960047d54feb94e3f73eb2e6a54db4d472d,,branch_map
mois_x3,detail,10,Entreprise,,,,,,,,,17.5,,,1993-1,OK,8ace65b4ed92038b7c22c5e4a5eeee1d52b6a15c,0,5b839da1ebf8974ee3cf2251bbeb5960047d54feb94e3f73eb2e6a54db4d472d,,scene
mois_x3,detail,10,Entreprise,,,,,,,,,0.048,,,1993-1,OK,8ace65b4ed92038b7c22c5e4a5eeee1d52b6a15c,0,5b839da1ebf8974ee3cf2251bbeb5960047d54feb94e3f73eb2e6a54db4d472d,,unlocks
mois_x3,detail,10,Entreprise,,,,,,,,,0.185,,,1993-1,OK,8ace65b4ed92038b7c22c5e4a5eeee1d52b6a15c,0,5b839da1ebf8974ee3cf2251bbeb5960047d54feb94e3f73eb2e6a54db4d472d,,reputation
mois_x3,detail,10,Entreprise,,,,,,,,,0.207,,,1993-1,OK,8ace65b4ed92038b7c22c5e4a5eeee1d52b6a15c,0,5b839da1ebf8974ee3cf2251bbeb5960047d54feb94e3f73eb2e6a54db4d472d,,empire_clear
mois_x3,detail,10,Entreprise,,,,,,,,,0.713,,,1993-1,OK,8ace65b4ed92038b7c22c5e4a5eeee1d52b6a15c,0,5b839da1ebf8974ee3cf2251bbeb5960047d54feb94e3f73eb2e6a54db4d472d,,empire_header
mois_x3,detail,10,Entreprise,,,,,,,,,1.381,,,1993-1,OK,8ace65b4ed92038b7c22c5e4a5eeee1d52b6a15c,0,5b839da1ebf8974ee3cf2251bbeb5960047d54feb94e3f73eb2e6a54db4d472d,,empire_lines
mois_x3,detail,10,Entreprise,,,,,,,,,2.011,,,1993-1,OK,8ace65b4ed92038b7c22c5e4a5eeee1d52b6a15c,0,5b839da1ebf8974ee3cf2251bbeb5960047d54feb94e3f73eb2e6a54db4d472d,,empire_ranking
mois_x3,detail,10,Entreprise,,,,,,,,,4.972,,,1993-1,OK,8ace65b4ed92038b7c22c5e4a5eeee1d52b6a15c,0,5b839da1ebf8974ee3cf2251bbeb5960047d54feb94e3f73eb2e6a54db4d472d,,empire_trophies
mois_x3,detail,10,Entreprise,,,,,,,,,9.305,,,1993-1,OK,8ace65b4ed92038b7c22c5e4a5eeee1d52b6a15c,0,5b839da1ebf8974ee3cf2251bbeb5960047d54feb94e3f73eb2e6a54db4d472d,,empire
mois_x3,detail,10,Entreprise,,,,,,,,,1.715,,,1993-1,OK,8ace65b4ed92038b7c22c5e4a5eeee1d52b6a15c,0,5b839da1ebf8974ee3cf2251bbeb5960047d54feb94e3f73eb2e6a54db4d472d,,subsidiaries
mois_x3,detail,10,Entreprise,,,,,,,,,0.062,,,1993-1,OK,8ace65b4ed92038b7c22c5e4a5eeee1d52b6a15c,0,5b839da1ebf8974ee3cf2251bbeb5960047d54feb94e3f73eb2e6a54db4d472d,,subsidiary_sectors
mois_x3,detail,10,Entreprise,,,,,,,,,0.298,,,1993-1,OK,8ace65b4ed92038b7c22c5e4a5eeee1d52b6a15c,0,5b839da1ebf8974ee3cf2251bbeb5960047d54feb94e3f73eb2e6a54db4d472d,,objectives
mois_x3,detail,10,Entreprise,,,,,,,,,0.005,,,1993-1,OK,8ace65b4ed92038b7c22c5e4a5eeee1d52b6a15c,0,5b839da1ebf8974ee3cf2251bbeb5960047d54feb94e3f73eb2e6a54db4d472d,,executive_brief
mois_x3,detail,10,Entreprise,,,,,,,,,0.001,,,1993-1,OK,8ace65b4ed92038b7c22c5e4a5eeee1d52b6a15c,0,5b839da1ebf8974ee3cf2251bbeb5960047d54feb94e3f73eb2e6a54db4d472d,,workplace_and_meters
mois_x3,detail,10,Entreprise,,,,,,,,,0.009,,,1993-1,OK,8ace65b4ed92038b7c22c5e4a5eeee1d52b6a15c,0,5b839da1ebf8974ee3cf2251bbeb5960047d54feb94e3f73eb2e6a54db4d472d,,benefit_controls
mois_x3,detail,10,Entreprise,,,,,,,,,0.007,,,1993-1,OK,8ace65b4ed92038b7c22c5e4a5eeee1d52b6a15c,0,5b839da1ebf8974ee3cf2251bbeb5960047d54feb94e3f73eb2e6a54db4d472d,,hr_cases
mois_x3,detail,10,Entreprise,,,,,,,,,0.39,,,1993-1,OK,8ace65b4ed92038b7c22c5e4a5eeee1d52b6a15c,0,5b839da1ebf8974ee3cf2251bbeb5960047d54feb94e3f73eb2e6a54db4d472d,,financial_advice
mois_x3,detail,10,Entreprise,,,,,,,,,0.003,,,1993-1,OK,8ace65b4ed92038b7c22c5e4a5eeee1d52b6a15c,0,5b839da1ebf8974ee3cf2251bbeb5960047d54feb94e3f73eb2e6a54db4d472d,,division_data
mois_x3,detail,10,Entreprise,,,,,,,,,0.444,,,1993-1,OK,8ace65b4ed92038b7c22c5e4a5eeee1d52b6a15c,0,5b839da1ebf8974ee3cf2251bbeb5960047d54feb94e3f73eb2e6a54db4d472d,,division_delegation
mois_x3,detail,10,Entreprise,,,,,,,,,0.05,,,1993-1,OK,8ace65b4ed92038b7c22c5e4a5eeee1d52b6a15c,0,5b839da1ebf8974ee3cf2251bbeb5960047d54feb94e3f73eb2e6a54db4d472d,,marketing_hint
mois_x3,detail,10,Entreprise,,,,,,,,,0.063,,,1993-1,OK,8ace65b4ed92038b7c22c5e4a5eeee1d52b6a15c,0,5b839da1ebf8974ee3cf2251bbeb5960047d54feb94e3f73eb2e6a54db4d472d,,policy_controls
mois_x3,detail,10,Entreprise,,,,,,,,,0.09,,,1993-1,OK,8ace65b4ed92038b7c22c5e4a5eeee1d52b6a15c,0,5b839da1ebf8974ee3cf2251bbeb5960047d54feb94e3f73eb2e6a54db4d472d,,leader_choices
mois_x3,detail,10,Simulation,,,,,,,,,33.625,,,1993-1,OK,8ace65b4ed92038b7c22c5e4a5eeee1d52b6a15c,0,5b839da1ebf8974ee3cf2251bbeb5960047d54feb94e3f73eb2e6a54db4d472d,,economy_month_closed_callbacks
mois_x3,detail,10,Simulation,,,,,,,,,33.655,,,1993-1,OK,8ace65b4ed92038b7c22c5e4a5eeee1d52b6a15c,0,5b839da1ebf8974ee3cf2251bbeb5960047d54feb94e3f73eb2e6a54db4d472d,,economy_close_and_UI
mois_x3,detail,11,Simulation,,,,,,,,,0.67,,,1993-2,OK,8ace65b4ed92038b7c22c5e4a5eeee1d52b6a15c,0,5b839da1ebf8974ee3cf2251bbeb5960047d54feb94e3f73eb2e6a54db4d472d,,company
mois_x3,detail,11,Simulation,,,,,,,,,0.016,,,1993-2,OK,8ace65b4ed92038b7c22c5e4a5eeee1d52b6a15c,0,5b839da1ebf8974ee3cf2251bbeb5960047d54feb94e3f73eb2e6a54db4d472d,,divisions
mois_x3,detail,11,Simulation,,,,,,,,,0.202,,,1993-2,OK,8ace65b4ed92038b7c22c5e4a5eeee1d52b6a15c,0,5b839da1ebf8974ee3cf2251bbeb5960047d54feb94e3f73eb2e6a54db4d472d,,personnel
mois_x3,detail,11,Simulation,,,,,,,,,0.784,,,1993-2,OK,8ace65b4ed92038b7c22c5e4a5eeee1d52b6a15c,0,5b839da1ebf8974ee3cf2251bbeb5960047d54feb94e3f73eb2e6a54db4d472d,,executive
mois_x3,detail,11,Simulation,,,,,,,,,0.023,,,1993-2,OK,8ace65b4ed92038b7c22c5e4a5eeee1d52b6a15c,0,5b839da1ebf8974ee3cf2251bbeb5960047d54feb94e3f73eb2e6a54db4d472d,,personnel_begin
mois_x3,detail,11,Simulation,,,,,,,,,0.119,,,1993-2,OK,8ace65b4ed92038b7c22c5e4a5eeee1d52b6a15c,0,5b839da1ebf8974ee3cf2251bbeb5960047d54feb94e3f73eb2e6a54db4d472d,,research
mois_x3,detail,11,Simulation,,,,,,,,,1.177,,,1993-2,OK,8ace65b4ed92038b7c22c5e4a5eeee1d52b6a15c,0,5b839da1ebf8974ee3cf2251bbeb5960047d54feb94e3f73eb2e6a54db4d472d,,software
mois_x3,detail,11,Simulation,,,,,,,,,0.002,,,1993-2,OK,8ace65b4ed92038b7c22c5e4a5eeee1d52b6a15c,0,5b839da1ebf8974ee3cf2251bbeb5960047d54feb94e3f73eb2e6a54db4d472d,,personnel_end
mois_x3,detail,11,Simulation,,,,,,,,,0.218,,,1993-2,OK,8ace65b4ed92038b7c22c5e4a5eeee1d52b6a15c,0,5b839da1ebf8974ee3cf2251bbeb5960047d54feb94e3f73eb2e6a54db4d472d,,foundry
mois_x3,detail,11,Simulation,,,,,,,,,0.007,,,1993-2,OK,8ace65b4ed92038b7c22c5e4a5eeee1d52b6a15c,0,5b839da1ebf8974ee3cf2251bbeb5960047d54feb94e3f73eb2e6a54db4d472d,,production
mois_x3,detail,11,Simulation,,,,,,,,,7.242,,,1993-2,OK,8ace65b4ed92038b7c22c5e4a5eeee1d52b6a15c,0,5b839da1ebf8974ee3cf2251bbeb5960047d54feb94e3f73eb2e6a54db4d472d,,products
mois_x3,detail,11,Simulation,,,,,,,,,0.073,,,1993-2,OK,8ace65b4ed92038b7c22c5e4a5eeee1d52b6a15c,0,5b839da1ebf8974ee3cf2251bbeb5960047d54feb94e3f73eb2e6a54db4d472d,,architecture
mois_x3,detail,11,Simulation,,,,,,,,,0.087,,,1993-2,OK,8ace65b4ed92038b7c22c5e4a5eeee1d52b6a15c,0,5b839da1ebf8974ee3cf2251bbeb5960047d54feb94e3f73eb2e6a54db4d472d,,supplier
mois_x3,detail,11,Simulation,,,,,,,,,0.002,,,1993-2,OK,8ace65b4ed92038b7c22c5e4a5eeee1d52b6a15c,0,5b839da1ebf8974ee3cf2251bbeb5960047d54feb94e3f73eb2e6a54db4d472d,,after_sales
mois_x3,detail,11,Simulation,,,,,,,,,1.214,,,1993-2,OK,8ace65b4ed92038b7c22c5e4a5eeee1d52b6a15c,0,5b839da1ebf8974ee3cf2251bbeb5960047d54feb94e3f73eb2e6a54db4d472d,,market
mois_x3,detail,11,Simulation,,,,,,,,,1.01,,,1993-2,OK,8ace65b4ed92038b7c22c5e4a5eeee1d52b6a15c,0,5b839da1ebf8974ee3cf2251bbeb5960047d54feb94e3f73eb2e6a54db4d472d,,components
mois_x3,detail,11,Simulation,,,,,,,,,0.003,,,1993-2,OK,8ace65b4ed92038b7c22c5e4a5eeee1d52b6a15c,0,5b839da1ebf8974ee3cf2251bbeb5960047d54feb94e3f73eb2e6a54db4d472d,,patents
mois_x3,detail,11,Simulation,,,,,,,,,0.027,,,1993-2,OK,8ace65b4ed92038b7c22c5e4a5eeee1d52b6a15c,0,5b839da1ebf8974ee3cf2251bbeb5960047d54feb94e3f73eb2e6a54db4d472d,,garage_business
mois_x3,detail,11,Simulation,,,,,,,,,0.003,,,1993-2,OK,8ace65b4ed92038b7c22c5e4a5eeee1d52b6a15c,0,5b839da1ebf8974ee3cf2251bbeb5960047d54feb94e3f73eb2e6a54db4d472d,,seasonal
mois_x3,detail,11,Simulation,,,,,,,,,0.235,,,1993-2,OK,8ace65b4ed92038b7c22c5e4a5eeee1d52b6a15c,0,5b839da1ebf8974ee3cf2251bbeb5960047d54feb94e3f73eb2e6a54db4d472d,,subsidiaries
mois_x3,detail,11,Simulation,,,,,,,,,0.137,,,1993-2,OK,8ace65b4ed92038b7c22c5e4a5eeee1d52b6a15c,0,5b839da1ebf8974ee3cf2251bbeb5960047d54feb94e3f73eb2e6a54db4d472d,,objectives
mois_x3,detail,11,Simulation,,,,,,,,,0.026,,,1993-2,OK,8ace65b4ed92038b7c22c5e4a5eeee1d52b6a15c,0,5b839da1ebf8974ee3cf2251bbeb5960047d54feb94e3f73eb2e6a54db4d472d,,economy_bookkeeping
mois_x3,detail,11,Entreprise,,,,,,,,,0.682,,,1993-2,OK,8ace65b4ed92038b7c22c5e4a5eeee1d52b6a15c,0,5b839da1ebf8974ee3cf2251bbeb5960047d54feb94e3f73eb2e6a54db4d472d,,scene_hero
mois_x3,detail,11,Entreprise,,,,,,,,,15.352,,,1993-2,OK,8ace65b4ed92038b7c22c5e4a5eeee1d52b6a15c,0,5b839da1ebf8974ee3cf2251bbeb5960047d54feb94e3f73eb2e6a54db4d472d,,branch_map
mois_x3,detail,11,Entreprise,,,,,,,,,16.045,,,1993-2,OK,8ace65b4ed92038b7c22c5e4a5eeee1d52b6a15c,0,5b839da1ebf8974ee3cf2251bbeb5960047d54feb94e3f73eb2e6a54db4d472d,,scene
mois_x3,detail,11,Entreprise,,,,,,,,,0.03,,,1993-2,OK,8ace65b4ed92038b7c22c5e4a5eeee1d52b6a15c,0,5b839da1ebf8974ee3cf2251bbeb5960047d54feb94e3f73eb2e6a54db4d472d,,unlocks
mois_x3,detail,11,Entreprise,,,,,,,,,0.184,,,1993-2,OK,8ace65b4ed92038b7c22c5e4a5eeee1d52b6a15c,0,5b839da1ebf8974ee3cf2251bbeb5960047d54feb94e3f73eb2e6a54db4d472d,,reputation
mois_x3,detail,11,Entreprise,,,,,,,,,0.242,,,1993-2,OK,8ace65b4ed92038b7c22c5e4a5eeee1d52b6a15c,0,5b839da1ebf8974ee3cf2251bbeb5960047d54feb94e3f73eb2e6a54db4d472d,,empire_clear
mois_x3,detail,11,Entreprise,,,,,,,,,0.74,,,1993-2,OK,8ace65b4ed92038b7c22c5e4a5eeee1d52b6a15c,0,5b839da1ebf8974ee3cf2251bbeb5960047d54feb94e3f73eb2e6a54db4d472d,,empire_header
mois_x3,detail,11,Entreprise,,,,,,,,,1.617,,,1993-2,OK,8ace65b4ed92038b7c22c5e4a5eeee1d52b6a15c,0,5b839da1ebf8974ee3cf2251bbeb5960047d54feb94e3f73eb2e6a54db4d472d,,empire_lines
mois_x3,detail,11,Entreprise,,,,,,,,,2.031,,,1993-2,OK,8ace65b4ed92038b7c22c5e4a5eeee1d52b6a15c,0,5b839da1ebf8974ee3cf2251bbeb5960047d54feb94e3f73eb2e6a54db4d472d,,empire_ranking
mois_x3,detail,11,Entreprise,,,,,,,,,5.938,,,1993-2,OK,8ace65b4ed92038b7c22c5e4a5eeee1d52b6a15c,0,5b839da1ebf8974ee3cf2251bbeb5960047d54feb94e3f73eb2e6a54db4d472d,,empire_trophies
mois_x3,detail,11,Entreprise,,,,,,,,,10.593,,,1993-2,OK,8ace65b4ed92038b7c22c5e4a5eeee1d52b6a15c,0,5b839da1ebf8974ee3cf2251bbeb5960047d54feb94e3f73eb2e6a54db4d472d,,empire
mois_x3,detail,11,Entreprise,,,,,,,,,1.757,,,1993-2,OK,8ace65b4ed92038b7c22c5e4a5eeee1d52b6a15c,0,5b839da1ebf8974ee3cf2251bbeb5960047d54feb94e3f73eb2e6a54db4d472d,,subsidiaries
mois_x3,detail,11,Entreprise,,,,,,,,,0.054,,,1993-2,OK,8ace65b4ed92038b7c22c5e4a5eeee1d52b6a15c,0,5b839da1ebf8974ee3cf2251bbeb5960047d54feb94e3f73eb2e6a54db4d472d,,subsidiary_sectors
mois_x3,detail,11,Entreprise,,,,,,,,,0.314,,,1993-2,OK,8ace65b4ed92038b7c22c5e4a5eeee1d52b6a15c,0,5b839da1ebf8974ee3cf2251bbeb5960047d54feb94e3f73eb2e6a54db4d472d,,objectives
mois_x3,detail,11,Entreprise,,,,,,,,,0.005,,,1993-2,OK,8ace65b4ed92038b7c22c5e4a5eeee1d52b6a15c,0,5b839da1ebf8974ee3cf2251bbeb5960047d54feb94e3f73eb2e6a54db4d472d,,executive_brief
mois_x3,detail,11,Entreprise,,,,,,,,,0.002,,,1993-2,OK,8ace65b4ed92038b7c22c5e4a5eeee1d52b6a15c,0,5b839da1ebf8974ee3cf2251bbeb5960047d54feb94e3f73eb2e6a54db4d472d,,workplace_and_meters
mois_x3,detail,11,Entreprise,,,,,,,,,0.01,,,1993-2,OK,8ace65b4ed92038b7c22c5e4a5eeee1d52b6a15c,0,5b839da1ebf8974ee3cf2251bbeb5960047d54feb94e3f73eb2e6a54db4d472d,,benefit_controls
mois_x3,detail,11,Entreprise,,,,,,,,,0.007,,,1993-2,OK,8ace65b4ed92038b7c22c5e4a5eeee1d52b6a15c,0,5b839da1ebf8974ee3cf2251bbeb5960047d54feb94e3f73eb2e6a54db4d472d,,hr_cases
mois_x3,detail,11,Entreprise,,,,,,,,,0.382,,,1993-2,OK,8ace65b4ed92038b7c22c5e4a5eeee1d52b6a15c,0,5b839da1ebf8974ee3cf2251bbeb5960047d54feb94e3f73eb2e6a54db4d472d,,financial_advice
mois_x3,detail,11,Entreprise,,,,,,,,,0.003,,,1993-2,OK,8ace65b4ed92038b7c22c5e4a5eeee1d52b6a15c,0,5b839da1ebf8974ee3cf2251bbeb5960047d54feb94e3f73eb2e6a54db4d472d,,division_data
mois_x3,detail,11,Entreprise,,,,,,,,,0.408,,,1993-2,OK,8ace65b4ed92038b7c22c5e4a5eeee1d52b6a15c,0,5b839da1ebf8974ee3cf2251bbeb5960047d54feb94e3f73eb2e6a54db4d472d,,division_delegation
mois_x3,detail,11,Entreprise,,,,,,,,,0.035,,,1993-2,OK,8ace65b4ed92038b7c22c5e4a5eeee1d52b6a15c,0,5b839da1ebf8974ee3cf2251bbeb5960047d54feb94e3f73eb2e6a54db4d472d,,marketing_hint
mois_x3,detail,11,Entreprise,,,,,,,,,0.047,,,1993-2,OK,8ace65b4ed92038b7c22c5e4a5eeee1d52b6a15c,0,5b839da1ebf8974ee3cf2251bbeb5960047d54feb94e3f73eb2e6a54db4d472d,,policy_controls
mois_x3,detail,11,Entreprise,,,,,,,,,0.078,,,1993-2,OK,8ace65b4ed92038b7c22c5e4a5eeee1d52b6a15c,0,5b839da1ebf8974ee3cf2251bbeb5960047d54feb94e3f73eb2e6a54db4d472d,,leader_choices
mois_x3,detail,11,Simulation,,,,,,,,,33.491,,,1993-2,OK,8ace65b4ed92038b7c22c5e4a5eeee1d52b6a15c,0,5b839da1ebf8974ee3cf2251bbeb5960047d54feb94e3f73eb2e6a54db4d472d,,economy_month_closed_callbacks
mois_x3,detail,11,Simulation,,,,,,,,,33.521,,,1993-2,OK,8ace65b4ed92038b7c22c5e4a5eeee1d52b6a15c,0,5b839da1ebf8974ee3cf2251bbeb5960047d54feb94e3f73eb2e6a54db4d472d,,economy_close_and_UI
mois_x3,detail,12,Simulation,,,,,,,,,0.862,,,1993-3,OK,8ace65b4ed92038b7c22c5e4a5eeee1d52b6a15c,0,5b839da1ebf8974ee3cf2251bbeb5960047d54feb94e3f73eb2e6a54db4d472d,,company
mois_x3,detail,12,Simulation,,,,,,,,,0.018,,,1993-3,OK,8ace65b4ed92038b7c22c5e4a5eeee1d52b6a15c,0,5b839da1ebf8974ee3cf2251bbeb5960047d54feb94e3f73eb2e6a54db4d472d,,divisions
mois_x3,detail,12,Simulation,,,,,,,,,0.251,,,1993-3,OK,8ace65b4ed92038b7c22c5e4a5eeee1d52b6a15c,0,5b839da1ebf8974ee3cf2251bbeb5960047d54feb94e3f73eb2e6a54db4d472d,,personnel
mois_x3,detail,12,Simulation,,,,,,,,,1.009,,,1993-3,OK,8ace65b4ed92038b7c22c5e4a5eeee1d52b6a15c,0,5b839da1ebf8974ee3cf2251bbeb5960047d54feb94e3f73eb2e6a54db4d472d,,executive
mois_x3,detail,12,Simulation,,,,,,,,,0.024,,,1993-3,OK,8ace65b4ed92038b7c22c5e4a5eeee1d52b6a15c,0,5b839da1ebf8974ee3cf2251bbeb5960047d54feb94e3f73eb2e6a54db4d472d,,personnel_begin
mois_x3,detail,12,Simulation,,,,,,,,,0.13,,,1993-3,OK,8ace65b4ed92038b7c22c5e4a5eeee1d52b6a15c,0,5b839da1ebf8974ee3cf2251bbeb5960047d54feb94e3f73eb2e6a54db4d472d,,research
mois_x3,detail,12,Simulation,,,,,,,,,0.999,,,1993-3,OK,8ace65b4ed92038b7c22c5e4a5eeee1d52b6a15c,0,5b839da1ebf8974ee3cf2251bbeb5960047d54feb94e3f73eb2e6a54db4d472d,,software
mois_x3,detail,12,Simulation,,,,,,,,,0.002,,,1993-3,OK,8ace65b4ed92038b7c22c5e4a5eeee1d52b6a15c,0,5b839da1ebf8974ee3cf2251bbeb5960047d54feb94e3f73eb2e6a54db4d472d,,personnel_end
mois_x3,detail,12,Simulation,,,,,,,,,0.205,,,1993-3,OK,8ace65b4ed92038b7c22c5e4a5eeee1d52b6a15c,0,5b839da1ebf8974ee3cf2251bbeb5960047d54feb94e3f73eb2e6a54db4d472d,,foundry
mois_x3,detail,12,Simulation,,,,,,,,,0.009,,,1993-3,OK,8ace65b4ed92038b7c22c5e4a5eeee1d52b6a15c,0,5b839da1ebf8974ee3cf2251bbeb5960047d54feb94e3f73eb2e6a54db4d472d,,production
mois_x3,detail,12,Simulation,,,,,,,,,9.394,,,1993-3,OK,8ace65b4ed92038b7c22c5e4a5eeee1d52b6a15c,0,5b839da1ebf8974ee3cf2251bbeb5960047d54feb94e3f73eb2e6a54db4d472d,,products
mois_x3,detail,12,Simulation,,,,,,,,,0.09,,,1993-3,OK,8ace65b4ed92038b7c22c5e4a5eeee1d52b6a15c,0,5b839da1ebf8974ee3cf2251bbeb5960047d54feb94e3f73eb2e6a54db4d472d,,architecture
mois_x3,detail,12,Simulation,,,,,,,,,0.1,,,1993-3,OK,8ace65b4ed92038b7c22c5e4a5eeee1d52b6a15c,0,5b839da1ebf8974ee3cf2251bbeb5960047d54feb94e3f73eb2e6a54db4d472d,,supplier
mois_x3,detail,12,Simulation,,,,,,,,,0.003,,,1993-3,OK,8ace65b4ed92038b7c22c5e4a5eeee1d52b6a15c,0,5b839da1ebf8974ee3cf2251bbeb5960047d54feb94e3f73eb2e6a54db4d472d,,after_sales
mois_x3,detail,12,Simulation,,,,,,,,,1.153,,,1993-3,OK,8ace65b4ed92038b7c22c5e4a5eeee1d52b6a15c,0,5b839da1ebf8974ee3cf2251bbeb5960047d54feb94e3f73eb2e6a54db4d472d,,market
mois_x3,detail,12,Simulation,,,,,,,,,0.939,,,1993-3,OK,8ace65b4ed92038b7c22c5e4a5eeee1d52b6a15c,0,5b839da1ebf8974ee3cf2251bbeb5960047d54feb94e3f73eb2e6a54db4d472d,,components
mois_x3,detail,12,Simulation,,,,,,,,,0.003,,,1993-3,OK,8ace65b4ed92038b7c22c5e4a5eeee1d52b6a15c,0,5b839da1ebf8974ee3cf2251bbeb5960047d54feb94e3f73eb2e6a54db4d472d,,patents
mois_x3,detail,12,Simulation,,,,,,,,,0.03,,,1993-3,OK,8ace65b4ed92038b7c22c5e4a5eeee1d52b6a15c,0,5b839da1ebf8974ee3cf2251bbeb5960047d54feb94e3f73eb2e6a54db4d472d,,garage_business
mois_x3,detail,12,Simulation,,,,,,,,,0.003,,,1993-3,OK,8ace65b4ed92038b7c22c5e4a5eeee1d52b6a15c,0,5b839da1ebf8974ee3cf2251bbeb5960047d54feb94e3f73eb2e6a54db4d472d,,seasonal
mois_x3,detail,12,Simulation,,,,,,,,,0.157,,,1993-3,OK,8ace65b4ed92038b7c22c5e4a5eeee1d52b6a15c,0,5b839da1ebf8974ee3cf2251bbeb5960047d54feb94e3f73eb2e6a54db4d472d,,subsidiaries
mois_x3,detail,12,Simulation,,,,,,,,,0.144,,,1993-3,OK,8ace65b4ed92038b7c22c5e4a5eeee1d52b6a15c,0,5b839da1ebf8974ee3cf2251bbeb5960047d54feb94e3f73eb2e6a54db4d472d,,objectives
mois_x3,detail,12,Simulation,,,,,,,,,0.138,,,1993-3,OK,8ace65b4ed92038b7c22c5e4a5eeee1d52b6a15c,0,5b839da1ebf8974ee3cf2251bbeb5960047d54feb94e3f73eb2e6a54db4d472d,,economy_bookkeeping
mois_x3,detail,12,Entreprise,,,,,,,,,1.183,,,1993-3,OK,8ace65b4ed92038b7c22c5e4a5eeee1d52b6a15c,0,5b839da1ebf8974ee3cf2251bbeb5960047d54feb94e3f73eb2e6a54db4d472d,,scene_hero
mois_x3,detail,12,Entreprise,,,,,,,,,16.201,,,1993-3,OK,8ace65b4ed92038b7c22c5e4a5eeee1d52b6a15c,0,5b839da1ebf8974ee3cf2251bbeb5960047d54feb94e3f73eb2e6a54db4d472d,,branch_map
mois_x3,detail,12,Entreprise,,,,,,,,,17.396,,,1993-3,OK,8ace65b4ed92038b7c22c5e4a5eeee1d52b6a15c,0,5b839da1ebf8974ee3cf2251bbeb5960047d54feb94e3f73eb2e6a54db4d472d,,scene
mois_x3,detail,12,Entreprise,,,,,,,,,0.034,,,1993-3,OK,8ace65b4ed92038b7c22c5e4a5eeee1d52b6a15c,0,5b839da1ebf8974ee3cf2251bbeb5960047d54feb94e3f73eb2e6a54db4d472d,,unlocks
mois_x3,detail,12,Entreprise,,,,,,,,,0.207,,,1993-3,OK,8ace65b4ed92038b7c22c5e4a5eeee1d52b6a15c,0,5b839da1ebf8974ee3cf2251bbeb5960047d54feb94e3f73eb2e6a54db4d472d,,reputation
mois_x3,detail,12,Entreprise,,,,,,,,,0.28,,,1993-3,OK,8ace65b4ed92038b7c22c5e4a5eeee1d52b6a15c,0,5b839da1ebf8974ee3cf2251bbeb5960047d54feb94e3f73eb2e6a54db4d472d,,empire_clear
mois_x3,detail,12,Entreprise,,,,,,,,,0.899,,,1993-3,OK,8ace65b4ed92038b7c22c5e4a5eeee1d52b6a15c,0,5b839da1ebf8974ee3cf2251bbeb5960047d54feb94e3f73eb2e6a54db4d472d,,empire_header
mois_x3,detail,12,Entreprise,,,,,,,,,1.583,,,1993-3,OK,8ace65b4ed92038b7c22c5e4a5eeee1d52b6a15c,0,5b839da1ebf8974ee3cf2251bbeb5960047d54feb94e3f73eb2e6a54db4d472d,,empire_lines
mois_x3,detail,12,Entreprise,,,,,,,,,2.695,,,1993-3,OK,8ace65b4ed92038b7c22c5e4a5eeee1d52b6a15c,0,5b839da1ebf8974ee3cf2251bbeb5960047d54feb94e3f73eb2e6a54db4d472d,,empire_ranking
mois_x3,detail,12,Entreprise,,,,,,,,,6.23,,,1993-3,OK,8ace65b4ed92038b7c22c5e4a5eeee1d52b6a15c,0,5b839da1ebf8974ee3cf2251bbeb5960047d54feb94e3f73eb2e6a54db4d472d,,empire_trophies
mois_x3,detail,12,Entreprise,,,,,,,,,11.719,,,1993-3,OK,8ace65b4ed92038b7c22c5e4a5eeee1d52b6a15c,0,5b839da1ebf8974ee3cf2251bbeb5960047d54feb94e3f73eb2e6a54db4d472d,,empire
mois_x3,detail,12,Entreprise,,,,,,,,,1.532,,,1993-3,OK,8ace65b4ed92038b7c22c5e4a5eeee1d52b6a15c,0,5b839da1ebf8974ee3cf2251bbeb5960047d54feb94e3f73eb2e6a54db4d472d,,subsidiaries
mois_x3,detail,12,Entreprise,,,,,,,,,0.06,,,1993-3,OK,8ace65b4ed92038b7c22c5e4a5eeee1d52b6a15c,0,5b839da1ebf8974ee3cf2251bbeb5960047d54feb94e3f73eb2e6a54db4d472d,,subsidiary_sectors
mois_x3,detail,12,Entreprise,,,,,,,,,0.398,,,1993-3,OK,8ace65b4ed92038b7c22c5e4a5eeee1d52b6a15c,0,5b839da1ebf8974ee3cf2251bbeb5960047d54feb94e3f73eb2e6a54db4d472d,,objectives
mois_x3,detail,12,Entreprise,,,,,,,,,0.006,,,1993-3,OK,8ace65b4ed92038b7c22c5e4a5eeee1d52b6a15c,0,5b839da1ebf8974ee3cf2251bbeb5960047d54feb94e3f73eb2e6a54db4d472d,,executive_brief
mois_x3,detail,12,Entreprise,,,,,,,,,0.002,,,1993-3,OK,8ace65b4ed92038b7c22c5e4a5eeee1d52b6a15c,0,5b839da1ebf8974ee3cf2251bbeb5960047d54feb94e3f73eb2e6a54db4d472d,,workplace_and_meters
mois_x3,detail,12,Entreprise,,,,,,,,,0.014,,,1993-3,OK,8ace65b4ed92038b7c22c5e4a5eeee1d52b6a15c,0,5b839da1ebf8974ee3cf2251bbeb5960047d54feb94e3f73eb2e6a54db4d472d,,benefit_controls
mois_x3,detail,12,Entreprise,,,,,,,,,0.013,,,1993-3,OK,8ace65b4ed92038b7c22c5e4a5eeee1d52b6a15c,0,5b839da1ebf8974ee3cf2251bbeb5960047d54feb94e3f73eb2e6a54db4d472d,,hr_cases
mois_x3,detail,12,Entreprise,,,,,,,,,0.474,,,1993-3,OK,8ace65b4ed92038b7c22c5e4a5eeee1d52b6a15c,0,5b839da1ebf8974ee3cf2251bbeb5960047d54feb94e3f73eb2e6a54db4d472d,,financial_advice
mois_x3,detail,12,Entreprise,,,,,,,,,0.004,,,1993-3,OK,8ace65b4ed92038b7c22c5e4a5eeee1d52b6a15c,0,5b839da1ebf8974ee3cf2251bbeb5960047d54feb94e3f73eb2e6a54db4d472d,,division_data
mois_x3,detail,12,Entreprise,,,,,,,,,0.447,,,1993-3,OK,8ace65b4ed92038b7c22c5e4a5eeee1d52b6a15c,0,5b839da1ebf8974ee3cf2251bbeb5960047d54feb94e3f73eb2e6a54db4d472d,,division_delegation
mois_x3,detail,12,Entreprise,,,,,,,,,0.041,,,1993-3,OK,8ace65b4ed92038b7c22c5e4a5eeee1d52b6a15c,0,5b839da1ebf8974ee3cf2251bbeb5960047d54feb94e3f73eb2e6a54db4d472d,,marketing_hint
mois_x3,detail,12,Entreprise,,,,,,,,,0.053,,,1993-3,OK,8ace65b4ed92038b7c22c5e4a5eeee1d52b6a15c,0,5b839da1ebf8974ee3cf2251bbeb5960047d54feb94e3f73eb2e6a54db4d472d,,policy_controls
mois_x3,detail,12,Entreprise,,,,,,,,,0.089,,,1993-3,OK,8ace65b4ed92038b7c22c5e4a5eeee1d52b6a15c,0,5b839da1ebf8974ee3cf2251bbeb5960047d54feb94e3f73eb2e6a54db4d472d,,leader_choices
mois_x3,detail,12,Simulation,,,,,,,,,36.457,,,1993-3,OK,8ace65b4ed92038b7c22c5e4a5eeee1d52b6a15c,0,5b839da1ebf8974ee3cf2251bbeb5960047d54feb94e3f73eb2e6a54db4d472d,,economy_month_closed_callbacks
mois_x3,detail,12,Simulation,,,,,,,,,36.6,,,1993-3,OK,8ace65b4ed92038b7c22c5e4a5eeee1d52b6a15c,0,5b839da1ebf8974ee3cf2251bbeb5960047d54feb94e3f73eb2e6a54db4d472d,,economy_close_and_UI
mois_x3,summary,0,Entreprise,0.0,0.0,0.0,0.0,0.0,0,0,,,,,c036b3fe039d8bc443398d0c58d9de72acd599e9896a9d3af7d9d2d4defb0345,OK,8ace65b4ed92038b7c22c5e4a5eeee1d52b6a15c,0,5b839da1ebf8974ee3cf2251bbeb5960047d54feb94e3f73eb2e6a54db4d472d,0.0,
