series,type,index,screen,mean_ms,p50_ms,p95_ms,p99_ms,worst_ms,over_50,over_100,simulation_ms,refresh_ms,other_ms,tab_ms,checkpoint,result,commit,fps_setting,reference_sha,process_mean_ms,slow_screen
mois_x3,month,1,Entreprise,,,,,327.431,,,38.018,31.246,247.384,,1992-04,OK,cf031c5e9d4b9eea30e2e41fd3549452d2fdaa12,30,5b839da1ebf8974ee3cf2251bbeb5960047d54feb94e3f73eb2e6a54db4d472d,,
mois_x3,month,2,Entreprise,,,,,108.569,,,40.538,35.369,32.662,,1992-05,OK,cf031c5e9d4b9eea30e2e41fd3549452d2fdaa12,30,5b839da1ebf8974ee3cf2251bbeb5960047d54feb94e3f73eb2e6a54db4d472d,,Entreprise
mois_x3,month,3,Entreprise,,,,,143.81,,,43.579,66.813,33.418,,1992-06,OK,cf031c5e9d4b9eea30e2e41fd3549452d2fdaa12,30,5b839da1ebf8974ee3cf2251bbeb5960047d54feb94e3f73eb2e6a54db4d472d,,Entreprise
mois_x3,month,4,Entreprise,,,,,118.416,,,48.952,35.707,33.757,,1992-07,OK,cf031c5e9d4b9eea30e2e41fd3549452d2fdaa12,30,5b839da1ebf8974ee3cf2251bbeb5960047d54feb94e3f73eb2e6a54db4d472d,,Entreprise
mois_x3,month,5,Entreprise,,,,,117.662,,,46.284,37.592,33.786,,1992-08,OK,cf031c5e9d4b9eea30e2e41fd3549452d2fdaa12,30,5b839da1ebf8974ee3cf2251bbeb5960047d54feb94e3f73eb2e6a54db4d472d,,Entreprise
mois_x3,month,6,Entreprise,,,,,142.165,,,47.747,61.684,32.734,,1992-09,OK,cf031c5e9d4b9eea30e2e41fd3549452d2fdaa12,30,5b839da1ebf8974ee3cf2251bbeb5960047d54feb94e3f73eb2e6a54db4d472d,,Entreprise
mois_x3,month,7,Entreprise,,,,,113.649,,,44.546,36.046,33.057,,1992-10,OK,cf031c5e9d4b9eea30e2e41fd3549452d2fdaa12,30,5b839da1ebf8974ee3cf2251bbeb5960047d54feb94e3f73eb2e6a54db4d472d,,Entreprise
mois_x3,month,8,Entreprise,,,,,114.231,,,45.813,34.703,33.715,,1992-11,OK,cf031c5e9d4b9eea30e2e41fd3549452d2fdaa12,30,5b839da1ebf8974ee3cf2251bbeb5960047d54feb94e3f73eb2e6a54db4d472d,,Entreprise
mois_x3,month,9,Entreprise,,,,,129.997,,,41.785,54.838,33.374,,1992-12,OK,cf031c5e9d4b9eea30e2e41fd3549452d2fdaa12,30,5b839da1ebf8974ee3cf2251bbeb5960047d54feb94e3f73eb2e6a54db4d472d,,Entreprise
mois_x3,month,10,Entreprise,,,,,114.128,,,46.639,34.448,33.041,,1993-01,OK,cf031c5e9d4b9eea30e2e41fd3549452d2fdaa12,30,5b839da1ebf8974ee3cf2251bbeb5960047d54feb94e3f73eb2e6a54db4d472d,,Entreprise
mois_x3,month,11,Entreprise,,,,,106.166,,,38.093,34.435,33.638,,1993-02,OK,cf031c5e9d4b9eea30e2e41fd3549452d2fdaa12,30,5b839da1ebf8974ee3cf2251bbeb5960047d54feb94e3f73eb2e6a54db4d472d,,Entreprise
mois_x3,month,12,Entreprise,,,,,107.472,,,38.048,35.736,33.688,,1993-03,OK,cf031c5e9d4b9eea30e2e41fd3549452d2fdaa12,30,5b839da1ebf8974ee3cf2251bbeb5960047d54feb94e3f73eb2e6a54db4d472d,,Entreprise
mois_x3,detail,1,Entreprise,,,,,,,,,3.193,,,1992-4,OK,cf031c5e9d4b9eea30e2e41fd3549452d2fdaa12,30,5b839da1ebf8974ee3cf2251bbeb5960047d54feb94e3f73eb2e6a54db4d472d,,scene_hero
mois_x3,detail,1,Entreprise,,,,,,,,,54.83,,,1992-4,OK,cf031c5e9d4b9eea30e2e41fd3549452d2fdaa12,30,5b839da1ebf8974ee3cf2251bbeb5960047d54feb94e3f73eb2e6a54db4d472d,,branch_map
mois_x3,detail,1,Entreprise,,,,,,,,,58.044,,,1992-4,OK,cf031c5e9d4b9eea30e2e41fd3549452d2fdaa12,30,5b839da1ebf8974ee3cf2251bbeb5960047d54feb94e3f73eb2e6a54db4d472d,,scene
mois_x3,detail,1,Entreprise,,,,,,,,,0.189,,,1992-4,OK,cf031c5e9d4b9eea30e2e41fd3549452d2fdaa12,30,5b839da1ebf8974ee3cf2251bbeb5960047d54feb94e3f73eb2e6a54db4d472d,,unlocks
mois_x3,detail,1,Entreprise,,,,,,,,,3.095,,,1992-4,OK,cf031c5e9d4b9eea30e2e41fd3549452d2fdaa12,30,5b839da1ebf8974ee3cf2251bbeb5960047d54feb94e3f73eb2e6a54db4d472d,,reputation
mois_x3,detail,1,Entreprise,,,,,,,,,0.002,,,1992-4,OK,cf031c5e9d4b9eea30e2e41fd3549452d2fdaa12,30,5b839da1ebf8974ee3cf2251bbeb5960047d54feb94e3f73eb2e6a54db4d472d,,empire_clear
mois_x3,detail,1,Entreprise,,,,,,,,,1.147,,,1992-4,OK,cf031c5e9d4b9eea30e2e41fd3549452d2fdaa12,30,5b839da1ebf8974ee3cf2251bbeb5960047d54feb94e3f73eb2e6a54db4d472d,,empire_header
mois_x3,detail,1,Entreprise,,,,,,,,,2.214,,,1992-4,OK,cf031c5e9d4b9eea30e2e41fd3549452d2fdaa12,30,5b839da1ebf8974ee3cf2251bbeb5960047d54feb94e3f73eb2e6a54db4d472d,,empire_lines
mois_x3,detail,1,Entreprise,,,,,,,,,2.897,,,1992-4,OK,cf031c5e9d4b9eea30e2e41fd3549452d2fdaa12,30,5b839da1ebf8974ee3cf2251bbeb5960047d54feb94e3f73eb2e6a54db4d472d,,empire_ranking
mois_x3,detail,1,Entreprise,,,,,,,,,4.516,,,1992-4,OK,cf031c5e9d4b9eea30e2e41fd3549452d2fdaa12,30,5b839da1ebf8974ee3cf2251bbeb5960047d54feb94e3f73eb2e6a54db4d472d,,empire_trophies
mois_x3,detail,1,Entreprise,,,,,,,,,10.814,,,1992-4,OK,cf031c5e9d4b9eea30e2e41fd3549452d2fdaa12,30,5b839da1ebf8974ee3cf2251bbeb5960047d54feb94e3f73eb2e6a54db4d472d,,empire
mois_x3,detail,1,Entreprise,,,,,,,,,2.22,,,1992-4,OK,cf031c5e9d4b9eea30e2e41fd3549452d2fdaa12,30,5b839da1ebf8974ee3cf2251bbeb5960047d54feb94e3f73eb2e6a54db4d472d,,subsidiaries
mois_x3,detail,1,Entreprise,,,,,,,,,0.109,,,1992-4,OK,cf031c5e9d4b9eea30e2e41fd3549452d2fdaa12,30,5b839da1ebf8974ee3cf2251bbeb5960047d54feb94e3f73eb2e6a54db4d472d,,subsidiary_sectors
mois_x3,detail,1,Entreprise,,,,,,,,,0.551,,,1992-4,OK,cf031c5e9d4b9eea30e2e41fd3549452d2fdaa12,30,5b839da1ebf8974ee3cf2251bbeb5960047d54feb94e3f73eb2e6a54db4d472d,,objectives
mois_x3,detail,1,Entreprise,,,,,,,,,0.008,,,1992-4,OK,cf031c5e9d4b9eea30e2e41fd3549452d2fdaa12,30,5b839da1ebf8974ee3cf2251bbeb5960047d54feb94e3f73eb2e6a54db4d472d,,executive_brief
mois_x3,detail,1,Entreprise,,,,,,,,,0.002,,,1992-4,OK,cf031c5e9d4b9eea30e2e41fd3549452d2fdaa12,30,5b839da1ebf8974ee3cf2251bbeb5960047d54feb94e3f73eb2e6a54db4d472d,,workplace_and_meters
mois_x3,detail,1,Entreprise,,,,,,,,,0.042,,,1992-4,OK,cf031c5e9d4b9eea30e2e41fd3549452d2fdaa12,30,5b839da1ebf8974ee3cf2251bbeb5960047d54feb94e3f73eb2e6a54db4d472d,,benefit_controls
mois_x3,detail,1,Entreprise,,,,,,,,,0.013,,,1992-4,OK,cf031c5e9d4b9eea30e2e41fd3549452d2fdaa12,30,5b839da1ebf8974ee3cf2251bbeb5960047d54feb94e3f73eb2e6a54db4d472d,,hr_cases
mois_x3,detail,1,Entreprise,,,,,,,,,0.579,,,1992-4,OK,cf031c5e9d4b9eea30e2e41fd3549452d2fdaa12,30,5b839da1ebf8974ee3cf2251bbeb5960047d54feb94e3f73eb2e6a54db4d472d,,financial_advice
mois_x3,detail,1,Entreprise,,,,,,,,,0.006,,,1992-4,OK,cf031c5e9d4b9eea30e2e41fd3549452d2fdaa12,30,5b839da1ebf8974ee3cf2251bbeb5960047d54feb94e3f73eb2e6a54db4d472d,,division_data
mois_x3,detail,1,Entreprise,,,,,,,,,0.652,,,1992-4,OK,cf031c5e9d4b9eea30e2e41fd3549452d2fdaa12,30,5b839da1ebf8974ee3cf2251bbeb5960047d54feb94e3f73eb2e6a54db4d472d,,division_delegation
mois_x3,detail,1,Entreprise,,,,,,,,,0.019,,,1992-4,OK,cf031c5e9d4b9eea30e2e41fd3549452d2fdaa12,30,5b839da1ebf8974ee3cf2251bbeb5960047d54feb94e3f73eb2e6a54db4d472d,,marketing_hint
mois_x3,detail,1,Entreprise,,,,,,,,,0.091,,,1992-4,OK,cf031c5e9d4b9eea30e2e41fd3549452d2fdaa12,30,5b839da1ebf8974ee3cf2251bbeb5960047d54feb94e3f73eb2e6a54db4d472d,,policy_controls
mois_x3,detail,1,Entreprise,,,,,,,,,0.141,,,1992-4,OK,cf031c5e9d4b9eea30e2e41fd3549452d2fdaa12,30,5b839da1ebf8974ee3cf2251bbeb5960047d54feb94e3f73eb2e6a54db4d472d,,leader_choices
mois_x3,detail,1,Entreprise,,,,,,,,0.0,327.431,80.047,15.4989995956421,1992-4,OK,cf031c5e9d4b9eea30e2e41fd3549452d2fdaa12,30,5b839da1ebf8974ee3cf2251bbeb5960047d54feb94e3f73eb2e6a54db4d472d,,SLOW_FRAME_0.33s
mois_x3,detail,1,Simulation,,,,,,,,,2.561,,,1992-4,OK,cf031c5e9d4b9eea30e2e41fd3549452d2fdaa12,30,5b839da1ebf8974ee3cf2251bbeb5960047d54feb94e3f73eb2e6a54db4d472d,,company
mois_x3,detail,1,Simulation,,,,,,,,,0.086,,,1992-4,OK,cf031c5e9d4b9eea30e2e41fd3549452d2fdaa12,30,5b839da1ebf8974ee3cf2251bbeb5960047d54feb94e3f73eb2e6a54db4d472d,,divisions
mois_x3,detail,1,Simulation,,,,,,,,,0.683,,,1992-4,OK,cf031c5e9d4b9eea30e2e41fd3549452d2fdaa12,30,5b839da1ebf8974ee3cf2251bbeb5960047d54feb94e3f73eb2e6a54db4d472d,,personnel
mois_x3,detail,1,Simulation,,,,,,,,,3.69,,,1992-4,OK,cf031c5e9d4b9eea30e2e41fd3549452d2fdaa12,30,5b839da1ebf8974ee3cf2251bbeb5960047d54feb94e3f73eb2e6a54db4d472d,,executive
mois_x3,detail,1,Simulation,,,,,,,,,0.053,,,1992-4,OK,cf031c5e9d4b9eea30e2e41fd3549452d2fdaa12,30,5b839da1ebf8974ee3cf2251bbeb5960047d54feb94e3f73eb2e6a54db4d472d,,personnel_begin
mois_x3,detail,1,Simulation,,,,,,,,,0.283,,,1992-4,OK,cf031c5e9d4b9eea30e2e41fd3549452d2fdaa12,30,5b839da1ebf8974ee3cf2251bbeb5960047d54feb94e3f73eb2e6a54db4d472d,,research
mois_x3,detail,1,Simulation,,,,,,,,,1.382,,,1992-4,OK,cf031c5e9d4b9eea30e2e41fd3549452d2fdaa12,30,5b839da1ebf8974ee3cf2251bbeb5960047d54feb94e3f73eb2e6a54db4d472d,,software
mois_x3,detail,1,Simulation,,,,,,,,,0.002,,,1992-4,OK,cf031c5e9d4b9eea30e2e41fd3549452d2fdaa12,30,5b839da1ebf8974ee3cf2251bbeb5960047d54feb94e3f73eb2e6a54db4d472d,,personnel_end
mois_x3,detail,1,Simulation,,,,,,,,,0.333,,,1992-4,OK,cf031c5e9d4b9eea30e2e41fd3549452d2fdaa12,30,5b839da1ebf8974ee3cf2251bbeb5960047d54feb94e3f73eb2e6a54db4d472d,,foundry
mois_x3,detail,1,Simulation,,,,,,,,,0.015,,,1992-4,OK,cf031c5e9d4b9eea30e2e41fd3549452d2fdaa12,30,5b839da1ebf8974ee3cf2251bbeb5960047d54feb94e3f73eb2e6a54db4d472d,,production
mois_x3,detail,1,Simulation,,,,,,,,,21.811,,,1992-4,OK,cf031c5e9d4b9eea30e2e41fd3549452d2fdaa12,30,5b839da1ebf8974ee3cf2251bbeb5960047d54feb94e3f73eb2e6a54db4d472d,,products
mois_x3,detail,1,Simulation,,,,,,,,,0.258,,,1992-4,OK,cf031c5e9d4b9eea30e2e41fd3549452d2fdaa12,30,5b839da1ebf8974ee3cf2251bbeb5960047d54feb94e3f73eb2e6a54db4d472d,,architecture
mois_x3,detail,1,Simulation,,,,,,,,,0.282,,,1992-4,OK,cf031c5e9d4b9eea30e2e41fd3549452d2fdaa12,30,5b839da1ebf8974ee3cf2251bbeb5960047d54feb94e3f73eb2e6a54db4d472d,,supplier
mois_x3,detail,1,Simulation,,,,,,,,,0.009,,,1992-4,OK,cf031c5e9d4b9eea30e2e41fd3549452d2fdaa12,30,5b839da1ebf8974ee3cf2251bbeb5960047d54feb94e3f73eb2e6a54db4d472d,,after_sales
mois_x3,detail,1,Simulation,,,,,,,,,2.877,,,1992-4,OK,cf031c5e9d4b9eea30e2e41fd3549452d2fdaa12,30,5b839da1ebf8974ee3cf2251bbeb5960047d54feb94e3f73eb2e6a54db4d472d,,market
mois_x3,detail,1,Simulation,,,,,,,,,2.087,,,1992-4,OK,cf031c5e9d4b9eea30e2e41fd3549452d2fdaa12,30,5b839da1ebf8974ee3cf2251bbeb5960047d54feb94e3f73eb2e6a54db4d472d,,components
mois_x3,detail,1,Simulation,,,,,,,,,0.012,,,1992-4,OK,cf031c5e9d4b9eea30e2e41fd3549452d2fdaa12,30,5b839da1ebf8974ee3cf2251bbeb5960047d54feb94e3f73eb2e6a54db4d472d,,patents
mois_x3,detail,1,Simulation,,,,,,,,,0.08,,,1992-4,OK,cf031c5e9d4b9eea30e2e41fd3549452d2fdaa12,30,5b839da1ebf8974ee3cf2251bbeb5960047d54feb94e3f73eb2e6a54db4d472d,,garage_business
mois_x3,detail,1,Simulation,,,,,,,,,0.01,,,1992-4,OK,cf031c5e9d4b9eea30e2e41fd3549452d2fdaa12,30,5b839da1ebf8974ee3cf2251bbeb5960047d54feb94e3f73eb2e6a54db4d472d,,seasonal
mois_x3,detail,1,Simulation,,,,,,,,,0.285,,,1992-4,OK,cf031c5e9d4b9eea30e2e41fd3549452d2fdaa12,30,5b839da1ebf8974ee3cf2251bbeb5960047d54feb94e3f73eb2e6a54db4d472d,,subsidiaries
mois_x3,detail,1,Simulation,,,,,,,,,0.43,,,1992-4,OK,cf031c5e9d4b9eea30e2e41fd3549452d2fdaa12,30,5b839da1ebf8974ee3cf2251bbeb5960047d54feb94e3f73eb2e6a54db4d472d,,objectives
mois_x3,detail,1,Simulation,,,,,,,,,0.165,,,1992-4,OK,cf031c5e9d4b9eea30e2e41fd3549452d2fdaa12,30,5b839da1ebf8974ee3cf2251bbeb5960047d54feb94e3f73eb2e6a54db4d472d,,economy_bookkeeping
mois_x3,detail,1,Entreprise,,,,,,,,,1.635,,,1992-4,OK,cf031c5e9d4b9eea30e2e41fd3549452d2fdaa12,30,5b839da1ebf8974ee3cf2251bbeb5960047d54feb94e3f73eb2e6a54db4d472d,,scene_hero
mois_x3,detail,1,Entreprise,,,,,,,,,0.224,,,1992-4,OK,cf031c5e9d4b9eea30e2e41fd3549452d2fdaa12,30,5b839da1ebf8974ee3cf2251bbeb5960047d54feb94e3f73eb2e6a54db4d472d,,branch_map
mois_x3,detail,1,Entreprise,,,,,,,,,1.87,,,1992-4,OK,cf031c5e9d4b9eea30e2e41fd3549452d2fdaa12,30,5b839da1ebf8974ee3cf2251bbeb5960047d54feb94e3f73eb2e6a54db4d472d,,scene
mois_x3,detail,1,Entreprise,,,,,,,,,0.062,,,1992-4,OK,cf031c5e9d4b9eea30e2e41fd3549452d2fdaa12,30,5b839da1ebf8974ee3cf2251bbeb5960047d54feb94e3f73eb2e6a54db4d472d,,unlocks
mois_x3,detail,1,Entreprise,,,,,,,,,0.398,,,1992-4,OK,cf031c5e9d4b9eea30e2e41fd3549452d2fdaa12,30,5b839da1ebf8974ee3cf2251bbeb5960047d54feb94e3f73eb2e6a54db4d472d,,reputation
mois_x3,detail,1,Entreprise,,,,,,,,,0.826,,,1992-4,OK,cf031c5e9d4b9eea30e2e41fd3549452d2fdaa12,30,5b839da1ebf8974ee3cf2251bbeb5960047d54feb94e3f73eb2e6a54db4d472d,,empire_clear
mois_x3,detail,1,Entreprise,,,,,,,,,1.301,,,1992-4,OK,cf031c5e9d4b9eea30e2e41fd3549452d2fdaa12,30,5b839da1ebf8974ee3cf2251bbeb5960047d54feb94e3f73eb2e6a54db4d472d,,empire_header
mois_x3,detail,1,Entreprise,,,,,,,,,3.076,,,1992-4,OK,cf031c5e9d4b9eea30e2e41fd3549452d2fdaa12,30,5b839da1ebf8974ee3cf2251bbeb5960047d54feb94e3f73eb2e6a54db4d472d,,empire_lines
mois_x3,detail,1,Entreprise,,,,,,,,,3.934,,,1992-4,OK,cf031c5e9d4b9eea30e2e41fd3549452d2fdaa12,30,5b839da1ebf8974ee3cf2251bbeb5960047d54feb94e3f73eb2e6a54db4d472d,,empire_ranking
mois_x3,detail,1,Entreprise,,,,,,,,,6.477,,,1992-4,OK,cf031c5e9d4b9eea30e2e41fd3549452d2fdaa12,30,5b839da1ebf8974ee3cf2251bbeb5960047d54feb94e3f73eb2e6a54db4d472d,,empire_trophies
mois_x3,detail,1,Entreprise,,,,,,,,,15.675,,,1992-4,OK,cf031c5e9d4b9eea30e2e41fd3549452d2fdaa12,30,5b839da1ebf8974ee3cf2251bbeb5960047d54feb94e3f73eb2e6a54db4d472d,,empire
mois_x3,detail,1,Entreprise,,,,,,,,,2.788,,,1992-4,OK,cf031c5e9d4b9eea30e2e41fd3549452d2fdaa12,30,5b839da1ebf8974ee3cf2251bbeb5960047d54feb94e3f73eb2e6a54db4d472d,,subsidiaries
mois_x3,detail,1,Entreprise,,,,,,,,,0.153,,,1992-4,OK,cf031c5e9d4b9eea30e2e41fd3549452d2fdaa12,30,5b839da1ebf8974ee3cf2251bbeb5960047d54feb94e3f73eb2e6a54db4d472d,,subsidiary_sectors
mois_x3,detail,1,Entreprise,,,,,,,,,0.662,,,1992-4,OK,cf031c5e9d4b9eea30e2e41fd3549452d2fdaa12,30,5b839da1ebf8974ee3cf2251bbeb5960047d54feb94e3f73eb2e6a54db4d472d,,objectives
mois_x3,detail,1,Entreprise,,,,,,,,,0.01,,,1992-4,OK,cf031c5e9d4b9eea30e2e41fd3549452d2fdaa12,30,5b839da1ebf8974ee3cf2251bbeb5960047d54feb94e3f73eb2e6a54db4d472d,,executive_brief
mois_x3,detail,1,Entreprise,,,,,,,,,0.004,,,1992-4,OK,cf031c5e9d4b9eea30e2e41fd3549452d2fdaa12,30,5b839da1ebf8974ee3cf2251bbeb5960047d54feb94e3f73eb2e6a54db4d472d,,workplace_and_meters
mois_x3,detail,1,Entreprise,,,,,,,,,0.021,,,1992-4,OK,cf031c5e9d4b9eea30e2e41fd3549452d2fdaa12,30,5b839da1ebf8974ee3cf2251bbeb5960047d54feb94e3f73eb2e6a54db4d472d,,benefit_controls
mois_x3,detail,1,Entreprise,,,,,,,,,0.018,,,1992-4,OK,cf031c5e9d4b9eea30e2e41fd3549452d2fdaa12,30,5b839da1ebf8974ee3cf2251bbeb5960047d54feb94e3f73eb2e6a54db4d472d,,hr_cases
mois_x3,detail,1,Entreprise,,,,,,,,,0.775,,,1992-4,OK,cf031c5e9d4b9eea30e2e41fd3549452d2fdaa12,30,5b839da1ebf8974ee3cf2251bbeb5960047d54feb94e3f73eb2e6a54db4d472d,,financial_advice
mois_x3,detail,1,Entreprise,,,,,,,,,0.005,,,1992-4,OK,cf031c5e9d4b9eea30e2e41fd3549452d2fdaa12,30,5b839da1ebf8974ee3cf2251bbeb5960047d54feb94e3f73eb2e6a54db4d472d,,division_data
mois_x3,detail,1,Entreprise,,,,,,,,,0.934,,,1992-4,OK,cf031c5e9d4b9eea30e2e41fd3549452d2fdaa12,30,5b839da1ebf8974ee3cf2251bbeb5960047d54feb94e3f73eb2e6a54db4d472d,,division_delegation
mois_x3,detail,1,Entreprise,,,,,,,,,0.06,,,1992-4,OK,cf031c5e9d4b9eea30e2e41fd3549452d2fdaa12,30,5b839da1ebf8974ee3cf2251bbeb5960047d54feb94e3f73eb2e6a54db4d472d,,marketing_hint
mois_x3,detail,1,Entreprise,,,,,,,,,0.077,,,1992-4,OK,cf031c5e9d4b9eea30e2e41fd3549452d2fdaa12,30,5b839da1ebf8974ee3cf2251bbeb5960047d54feb94e3f73eb2e6a54db4d472d,,policy_controls
mois_x3,detail,1,Entreprise,,,,,,,,,0.187,,,1992-4,OK,cf031c5e9d4b9eea30e2e41fd3549452d2fdaa12,30,5b839da1ebf8974ee3cf2251bbeb5960047d54feb94e3f73eb2e6a54db4d472d,,leader_choices
mois_x3,detail,1,Simulation,,,,,,,,,31.567,,,1992-4,OK,cf031c5e9d4b9eea30e2e41fd3549452d2fdaa12,30,5b839da1ebf8974ee3cf2251bbeb5960047d54feb94e3f73eb2e6a54db4d472d,,economy_month_closed_callbacks
mois_x3,detail,1,Simulation,,,,,,,,,31.743,,,1992-4,OK,cf031c5e9d4b9eea30e2e41fd3549452d2fdaa12,30,5b839da1ebf8974ee3cf2251bbeb5960047d54feb94e3f73eb2e6a54db4d472d,,economy_close_and_UI
mois_x3,detail,234,Entreprise,,,,,,,,38.018,104.495,31.246,12.335000038147,1992-5,OK,cf031c5e9d4b9eea30e2e41fd3549452d2fdaa12,30,5b839da1ebf8974ee3cf2251bbeb5960047d54feb94e3f73eb2e6a54db4d472d,,SLOW_FRAME_8.11s
mois_x3,detail,2,Simulation,,,,,,,,,4.297,,,1992-5,OK,cf031c5e9d4b9eea30e2e41fd3549452d2fdaa12,30,5b839da1ebf8974ee3cf2251bbeb5960047d54feb94e3f73eb2e6a54db4d472d,,company
mois_x3,detail,2,Simulation,,,,,,,,,0.123,,,1992-5,OK,cf031c5e9d4b9eea30e2e41fd3549452d2fdaa12,30,5b839da1ebf8974ee3cf2251bbeb5960047d54feb94e3f73eb2e6a54db4d472d,,divisions
mois_x3,detail,2,Simulation,,,,,,,,,1.087,,,1992-5,OK,cf031c5e9d4b9eea30e2e41fd3549452d2fdaa12,30,5b839da1ebf8974ee3cf2251bbeb5960047d54feb94e3f73eb2e6a54db4d472d,,personnel
mois_x3,detail,2,Simulation,,,,,,,,,5.954,,,1992-5,OK,cf031c5e9d4b9eea30e2e41fd3549452d2fdaa12,30,5b839da1ebf8974ee3cf2251bbeb5960047d54feb94e3f73eb2e6a54db4d472d,,executive
mois_x3,detail,2,Simulation,,,,,,,,,0.094,,,1992-5,OK,cf031c5e9d4b9eea30e2e41fd3549452d2fdaa12,30,5b839da1ebf8974ee3cf2251bbeb5960047d54feb94e3f73eb2e6a54db4d472d,,personnel_begin
mois_x3,detail,2,Simulation,,,,,,,,,0.576,,,1992-5,OK,cf031c5e9d4b9eea30e2e41fd3549452d2fdaa12,30,5b839da1ebf8974ee3cf2251bbeb5960047d54feb94e3f73eb2e6a54db4d472d,,research
mois_x3,detail,2,Simulation,,,,,,,,,3.5,,,1992-5,OK,cf031c5e9d4b9eea30e2e41fd3549452d2fdaa12,30,5b839da1ebf8974ee3cf2251bbeb5960047d54feb94e3f73eb2e6a54db4d472d,,software
mois_x3,detail,2,Simulation,,,,,,,,,0.006,,,1992-5,OK,cf031c5e9d4b9eea30e2e41fd3549452d2fdaa12,30,5b839da1ebf8974ee3cf2251bbeb5960047d54feb94e3f73eb2e6a54db4d472d,,personnel_end
mois_x3,detail,2,Simulation,,,,,,,,,0.778,,,1992-5,OK,cf031c5e9d4b9eea30e2e41fd3549452d2fdaa12,30,5b839da1ebf8974ee3cf2251bbeb5960047d54feb94e3f73eb2e6a54db4d472d,,foundry
mois_x3,detail,2,Simulation,,,,,,,,,0.037,,,1992-5,OK,cf031c5e9d4b9eea30e2e41fd3549452d2fdaa12,30,5b839da1ebf8974ee3cf2251bbeb5960047d54feb94e3f73eb2e6a54db4d472d,,production
mois_x3,detail,2,Simulation,,,,,,,,,17.588,,,1992-5,OK,cf031c5e9d4b9eea30e2e41fd3549452d2fdaa12,30,5b839da1ebf8974ee3cf2251bbeb5960047d54feb94e3f73eb2e6a54db4d472d,,products
mois_x3,detail,2,Simulation,,,,,,,,,0.19,,,1992-5,OK,cf031c5e9d4b9eea30e2e41fd3549452d2fdaa12,30,5b839da1ebf8974ee3cf2251bbeb5960047d54feb94e3f73eb2e6a54db4d472d,,architecture
mois_x3,detail,2,Simulation,,,,,,,,,0.306,,,1992-5,OK,cf031c5e9d4b9eea30e2e41fd3549452d2fdaa12,30,5b839da1ebf8974ee3cf2251bbeb5960047d54feb94e3f73eb2e6a54db4d472d,,supplier
mois_x3,detail,2,Simulation,,,,,,,,,0.009,,,1992-5,OK,cf031c5e9d4b9eea30e2e41fd3549452d2fdaa12,30,5b839da1ebf8974ee3cf2251bbeb5960047d54feb94e3f73eb2e6a54db4d472d,,after_sales
mois_x3,detail,2,Simulation,,,,,,,,,2.415,,,1992-5,OK,cf031c5e9d4b9eea30e2e41fd3549452d2fdaa12,30,5b839da1ebf8974ee3cf2251bbeb5960047d54feb94e3f73eb2e6a54db4d472d,,market
mois_x3,detail,2,Simulation,,,,,,,,,2.04,,,1992-5,OK,cf031c5e9d4b9eea30e2e41fd3549452d2fdaa12,30,5b839da1ebf8974ee3cf2251bbeb5960047d54feb94e3f73eb2e6a54db4d472d,,components
mois_x3,detail,2,Simulation,,,,,,,,,0.013,,,1992-5,OK,cf031c5e9d4b9eea30e2e41fd3549452d2fdaa12,30,5b839da1ebf8974ee3cf2251bbeb5960047d54feb94e3f73eb2e6a54db4d472d,,patents
mois_x3,detail,2,Simulation,,,,,,,,,0.078,,,1992-5,OK,cf031c5e9d4b9eea30e2e41fd3549452d2fdaa12,30,5b839da1ebf8974ee3cf2251bbeb5960047d54feb94e3f73eb2e6a54db4d472d,,garage_business
mois_x3,detail,2,Simulation,,,,,,,,,0.009,,,1992-5,OK,cf031c5e9d4b9eea30e2e41fd3549452d2fdaa12,30,5b839da1ebf8974ee3cf2251bbeb5960047d54feb94e3f73eb2e6a54db4d472d,,seasonal
mois_x3,detail,2,Simulation,,,,,,,,,0.297,,,1992-5,OK,cf031c5e9d4b9eea30e2e41fd3549452d2fdaa12,30,5b839da1ebf8974ee3cf2251bbeb5960047d54feb94e3f73eb2e6a54db4d472d,,subsidiaries
mois_x3,detail,2,Simulation,,,,,,,,,0.432,,,1992-5,OK,cf031c5e9d4b9eea30e2e41fd3549452d2fdaa12,30,5b839da1ebf8974ee3cf2251bbeb5960047d54feb94e3f73eb2e6a54db4d472d,,objectives
mois_x3,detail,2,Simulation,,,,,,,,,0.106,,,1992-5,OK,cf031c5e9d4b9eea30e2e41fd3549452d2fdaa12,30,5b839da1ebf8974ee3cf2251bbeb5960047d54feb94e3f73eb2e6a54db4d472d,,economy_bookkeeping
mois_x3,detail,2,Entreprise,,,,,,,,,1.395,,,1992-5,OK,cf031c5e9d4b9eea30e2e41fd3549452d2fdaa12,30,5b839da1ebf8974ee3cf2251bbeb5960047d54feb94e3f73eb2e6a54db4d472d,,scene_hero
mois_x3,detail,2,Entreprise,,,,,,,,,0.242,,,1992-5,OK,cf031c5e9d4b9eea30e2e41fd3549452d2fdaa12,30,5b839da1ebf8974ee3cf2251bbeb5960047d54feb94e3f73eb2e6a54db4d472d,,branch_map
mois_x3,detail,2,Entreprise,,,,,,,,,1.651,,,1992-5,OK,cf031c5e9d4b9eea30e2e41fd3549452d2fdaa12,30,5b839da1ebf8974ee3cf2251bbeb5960047d54feb94e3f73eb2e6a54db4d472d,,scene
mois_x3,detail,2,Entreprise,,,,,,,,,0.061,,,1992-5,OK,cf031c5e9d4b9eea30e2e41fd3549452d2fdaa12,30,5b839da1ebf8974ee3cf2251bbeb5960047d54feb94e3f73eb2e6a54db4d472d,,unlocks
mois_x3,detail,2,Entreprise,,,,,,,,,0.399,,,1992-5,OK,cf031c5e9d4b9eea30e2e41fd3549452d2fdaa12,30,5b839da1ebf8974ee3cf2251bbeb5960047d54feb94e3f73eb2e6a54db4d472d,,reputation
mois_x3,detail,2,Entreprise,,,,,,,,,0.784,,,1992-5,OK,cf031c5e9d4b9eea30e2e41fd3549452d2fdaa12,30,5b839da1ebf8974ee3cf2251bbeb5960047d54feb94e3f73eb2e6a54db4d472d,,empire_clear
mois_x3,detail,2,Entreprise,,,,,,,,,1.386,,,1992-5,OK,cf031c5e9d4b9eea30e2e41fd3549452d2fdaa12,30,5b839da1ebf8974ee3cf2251bbeb5960047d54feb94e3f73eb2e6a54db4d472d,,empire_header
mois_x3,detail,2,Entreprise,,,,,,,,,3.442,,,1992-5,OK,cf031c5e9d4b9eea30e2e41fd3549452d2fdaa12,30,5b839da1ebf8974ee3cf2251bbeb5960047d54feb94e3f73eb2e6a54db4d472d,,empire_lines
mois_x3,detail,2,Entreprise,,,,,,,,,5.132,,,1992-5,OK,cf031c5e9d4b9eea30e2e41fd3549452d2fdaa12,30,5b839da1ebf8974ee3cf2251bbeb5960047d54feb94e3f73eb2e6a54db4d472d,,empire_ranking
mois_x3,detail,2,Entreprise,,,,,,,,,7.592,,,1992-5,OK,cf031c5e9d4b9eea30e2e41fd3549452d2fdaa12,30,5b839da1ebf8974ee3cf2251bbeb5960047d54feb94e3f73eb2e6a54db4d472d,,empire_trophies
mois_x3,detail,2,Entreprise,,,,,,,,,18.389,,,1992-5,OK,cf031c5e9d4b9eea30e2e41fd3549452d2fdaa12,30,5b839da1ebf8974ee3cf2251bbeb5960047d54feb94e3f73eb2e6a54db4d472d,,empire
mois_x3,detail,2,Entreprise,,,,,,,,,4.613,,,1992-5,OK,cf031c5e9d4b9eea30e2e41fd3549452d2fdaa12,30,5b839da1ebf8974ee3cf2251bbeb5960047d54feb94e3f73eb2e6a54db4d472d,,subsidiaries
mois_x3,detail,2,Entreprise,,,,,,,,,0.111,,,1992-5,OK,cf031c5e9d4b9eea30e2e41fd3549452d2fdaa12,30,5b839da1ebf8974ee3cf2251bbeb5960047d54feb94e3f73eb2e6a54db4d472d,,subsidiary_sectors
mois_x3,detail,2,Entreprise,,,,,,,,,0.679,,,1992-5,OK,cf031c5e9d4b9eea30e2e41fd3549452d2fdaa12,30,5b839da1ebf8974ee3cf2251bbeb5960047d54feb94e3f73eb2e6a54db4d472d,,objectives
mois_x3,detail,2,Entreprise,,,,,,,,,0.011,,,1992-5,OK,cf031c5e9d4b9eea30e2e41fd3549452d2fdaa12,30,5b839da1ebf8974ee3cf2251bbeb5960047d54feb94e3f73eb2e6a54db4d472d,,executive_brief
mois_x3,detail,2,Entreprise,,,,,,,,,0.003,,,1992-5,OK,cf031c5e9d4b9eea30e2e41fd3549452d2fdaa12,30,5b839da1ebf8974ee3cf2251bbeb5960047d54feb94e3f73eb2e6a54db4d472d,,workplace_and_meters
mois_x3,detail,2,Entreprise,,,,,,,,,0.019,,,1992-5,OK,cf031c5e9d4b9eea30e2e41fd3549452d2fdaa12,30,5b839da1ebf8974ee3cf2251bbeb5960047d54feb94e3f73eb2e6a54db4d472d,,benefit_controls
mois_x3,detail,2,Entreprise,,,,,,,,,0.013,,,1992-5,OK,cf031c5e9d4b9eea30e2e41fd3549452d2fdaa12,30,5b839da1ebf8974ee3cf2251bbeb5960047d54feb94e3f73eb2e6a54db4d472d,,hr_cases
mois_x3,detail,2,Entreprise,,,,,,,,,0.739,,,1992-5,OK,cf031c5e9d4b9eea30e2e41fd3549452d2fdaa12,30,5b839da1ebf8974ee3cf2251bbeb5960047d54feb94e3f73eb2e6a54db4d472d,,financial_advice
mois_x3,detail,2,Entreprise,,,,,,,,,0.005,,,1992-5,OK,cf031c5e9d4b9eea30e2e41fd3549452d2fdaa12,30,5b839da1ebf8974ee3cf2251bbeb5960047d54feb94e3f73eb2e6a54db4d472d,,division_data
mois_x3,detail,2,Entreprise,,,,,,,,,0.799,,,1992-5,OK,cf031c5e9d4b9eea30e2e41fd3549452d2fdaa12,30,5b839da1ebf8974ee3cf2251bbeb5960047d54feb94e3f73eb2e6a54db4d472d,,division_delegation
mois_x3,detail,2,Entreprise,,,,,,,,,0.053,,,1992-5,OK,cf031c5e9d4b9eea30e2e41fd3549452d2fdaa12,30,5b839da1ebf8974ee3cf2251bbeb5960047d54feb94e3f73eb2e6a54db4d472d,,marketing_hint
mois_x3,detail,2,Entreprise,,,,,,,,,0.069,,,1992-5,OK,cf031c5e9d4b9eea30e2e41fd3549452d2fdaa12,30,5b839da1ebf8974ee3cf2251bbeb5960047d54feb94e3f73eb2e6a54db4d472d,,policy_controls
mois_x3,detail,2,Entreprise,,,,,,,,,0.144,,,1992-5,OK,cf031c5e9d4b9eea30e2e41fd3549452d2fdaa12,30,5b839da1ebf8974ee3cf2251bbeb5960047d54feb94e3f73eb2e6a54db4d472d,,leader_choices
mois_x3,detail,2,Simulation,,,,,,,,,35.616,,,1992-5,OK,cf031c5e9d4b9eea30e2e41fd3549452d2fdaa12,30,5b839da1ebf8974ee3cf2251bbeb5960047d54feb94e3f73eb2e6a54db4d472d,,economy_month_closed_callbacks
mois_x3,detail,2,Simulation,,,,,,,,,35.729,,,1992-5,OK,cf031c5e9d4b9eea30e2e41fd3549452d2fdaa12,30,5b839da1ebf8974ee3cf2251bbeb5960047d54feb94e3f73eb2e6a54db4d472d,,economy_close_and_UI
mois_x3,detail,474,Entreprise,,,,,,,,40.538,108.569,35.369,12.5220003128052,1992-6,OK,cf031c5e9d4b9eea30e2e41fd3549452d2fdaa12,30,5b839da1ebf8974ee3cf2251bbeb5960047d54feb94e3f73eb2e6a54db4d472d,,SLOW_FRAME_16.14s
mois_x3,detail,3,Simulation,,,,,,,,,3.657,,,1992-6,OK,cf031c5e9d4b9eea30e2e41fd3549452d2fdaa12,30,5b839da1ebf8974ee3cf2251bbeb5960047d54feb94e3f73eb2e6a54db4d472d,,company
mois_x3,detail,3,Simulation,,,,,,,,,0.121,,,1992-6,OK,cf031c5e9d4b9eea30e2e41fd3549452d2fdaa12,30,5b839da1ebf8974ee3cf2251bbeb5960047d54feb94e3f73eb2e6a54db4d472d,,divisions
mois_x3,detail,3,Simulation,,,,,,,,,1.003,,,1992-6,OK,cf031c5e9d4b9eea30e2e41fd3549452d2fdaa12,30,5b839da1ebf8974ee3cf2251bbeb5960047d54feb94e3f73eb2e6a54db4d472d,,personnel
mois_x3,detail,3,Simulation,,,,,,,,,6.328,,,1992-6,OK,cf031c5e9d4b9eea30e2e41fd3549452d2fdaa12,30,5b839da1ebf8974ee3cf2251bbeb5960047d54feb94e3f73eb2e6a54db4d472d,,executive
mois_x3,detail,3,Simulation,,,,,,,,,0.121,,,1992-6,OK,cf031c5e9d4b9eea30e2e41fd3549452d2fdaa12,30,5b839da1ebf8974ee3cf2251bbeb5960047d54feb94e3f73eb2e6a54db4d472d,,personnel_begin
mois_x3,detail,3,Simulation,,,,,,,,,0.584,,,1992-6,OK,cf031c5e9d4b9eea30e2e41fd3549452d2fdaa12,30,5b839da1ebf8974ee3cf2251bbeb5960047d54feb94e3f73eb2e6a54db4d472d,,research
mois_x3,detail,3,Simulation,,,,,,,,,3.918,,,1992-6,OK,cf031c5e9d4b9eea30e2e41fd3549452d2fdaa12,30,5b839da1ebf8974ee3cf2251bbeb5960047d54feb94e3f73eb2e6a54db4d472d,,software
mois_x3,detail,3,Simulation,,,,,,,,,0.008,,,1992-6,OK,cf031c5e9d4b9eea30e2e41fd3549452d2fdaa12,30,5b839da1ebf8974ee3cf2251bbeb5960047d54feb94e3f73eb2e6a54db4d472d,,personnel_end
mois_x3,detail,3,Simulation,,,,,,,,,0.789,,,1992-6,OK,cf031c5e9d4b9eea30e2e41fd3549452d2fdaa12,30,5b839da1ebf8974ee3cf2251bbeb5960047d54feb94e3f73eb2e6a54db4d472d,,foundry
mois_x3,detail,3,Simulation,,,,,,,,,0.034,,,1992-6,OK,cf031c5e9d4b9eea30e2e41fd3549452d2fdaa12,30,5b839da1ebf8974ee3cf2251bbeb5960047d54feb94e3f73eb2e6a54db4d472d,,production
mois_x3,detail,3,Simulation,,,,,,,,,20.371,,,1992-6,OK,cf031c5e9d4b9eea30e2e41fd3549452d2fdaa12,30,5b839da1ebf8974ee3cf2251bbeb5960047d54feb94e3f73eb2e6a54db4d472d,,products
mois_x3,detail,3,Simulation,,,,,,,,,0.218,,,1992-6,OK,cf031c5e9d4b9eea30e2e41fd3549452d2fdaa12,30,5b839da1ebf8974ee3cf2251bbeb5960047d54feb94e3f73eb2e6a54db4d472d,,architecture
mois_x3,detail,3,Simulation,,,,,,,,,0.277,,,1992-6,OK,cf031c5e9d4b9eea30e2e41fd3549452d2fdaa12,30,5b839da1ebf8974ee3cf2251bbeb5960047d54feb94e3f73eb2e6a54db4d472d,,supplier
mois_x3,detail,3,Simulation,,,,,,,,,0.011,,,1992-6,OK,cf031c5e9d4b9eea30e2e41fd3549452d2fdaa12,30,5b839da1ebf8974ee3cf2251bbeb5960047d54feb94e3f73eb2e6a54db4d472d,,after_sales
mois_x3,detail,3,Simulation,,,,,,,,,2.569,,,1992-6,OK,cf031c5e9d4b9eea30e2e41fd3549452d2fdaa12,30,5b839da1ebf8974ee3cf2251bbeb5960047d54feb94e3f73eb2e6a54db4d472d,,market
mois_x3,detail,3,Simulation,,,,,,,,,1.998,,,1992-6,OK,cf031c5e9d4b9eea30e2e41fd3549452d2fdaa12,30,5b839da1ebf8974ee3cf2251bbeb5960047d54feb94e3f73eb2e6a54db4d472d,,components
mois_x3,detail,3,Simulation,,,,,,,,,0.012,,,1992-6,OK,cf031c5e9d4b9eea30e2e41fd3549452d2fdaa12,30,5b839da1ebf8974ee3cf2251bbeb5960047d54feb94e3f73eb2e6a54db4d472d,,patents
mois_x3,detail,3,Simulation,,,,,,,,,0.081,,,1992-6,OK,cf031c5e9d4b9eea30e2e41fd3549452d2fdaa12,30,5b839da1ebf8974ee3cf2251bbeb5960047d54feb94e3f73eb2e6a54db4d472d,,garage_business
mois_x3,detail,3,Simulation,,,,,,,,,0.011,,,1992-6,OK,cf031c5e9d4b9eea30e2e41fd3549452d2fdaa12,30,5b839da1ebf8974ee3cf2251bbeb5960047d54feb94e3f73eb2e6a54db4d472d,,seasonal
mois_x3,detail,3,Simulation,,,,,,,,,0.368,,,1992-6,OK,cf031c5e9d4b9eea30e2e41fd3549452d2fdaa12,30,5b839da1ebf8974ee3cf2251bbeb5960047d54feb94e3f73eb2e6a54db4d472d,,subsidiaries
mois_x3,detail,3,Simulation,,,,,,,,,0.402,,,1992-6,OK,cf031c5e9d4b9eea30e2e41fd3549452d2fdaa12,30,5b839da1ebf8974ee3cf2251bbeb5960047d54feb94e3f73eb2e6a54db4d472d,,objectives
mois_x3,detail,3,Simulation,,,,,,,,,0.104,,,1992-6,OK,cf031c5e9d4b9eea30e2e41fd3549452d2fdaa12,30,5b839da1ebf8974ee3cf2251bbeb5960047d54feb94e3f73eb2e6a54db4d472d,,economy_bookkeeping
mois_x3,detail,3,Entreprise,,,,,,,,,34.892,,,1992-6,OK,cf031c5e9d4b9eea30e2e41fd3549452d2fdaa12,30,5b839da1ebf8974ee3cf2251bbeb5960047d54feb94e3f73eb2e6a54db4d472d,,scene_hero
mois_x3,detail,3,Entreprise,,,,,,,,,0.201,,,1992-6,OK,cf031c5e9d4b9eea30e2e41fd3549452d2fdaa12,30,5b839da1ebf8974ee3cf2251bbeb5960047d54feb94e3f73eb2e6a54db4d472d,,branch_map
mois_x3,detail,3,Entreprise,,,,,,,,,35.113,,,1992-6,OK,cf031c5e9d4b9eea30e2e41fd3549452d2fdaa12,30,5b839da1ebf8974ee3cf2251bbeb5960047d54feb94e3f73eb2e6a54db4d472d,,scene
mois_x3,detail,3,Entreprise,,,,,,,,,0.061,,,1992-6,OK,cf031c5e9d4b9eea30e2e41fd3549452d2fdaa12,30,5b839da1ebf8974ee3cf2251bbeb5960047d54feb94e3f73eb2e6a54db4d472d,,unlocks
mois_x3,detail,3,Entreprise,,,,,,,,,0.522,,,1992-6,OK,cf031c5e9d4b9eea30e2e41fd3549452d2fdaa12,30,5b839da1ebf8974ee3cf2251bbeb5960047d54feb94e3f73eb2e6a54db4d472d,,reputation
mois_x3,detail,3,Entreprise,,,,,,,,,1.942,,,1992-6,OK,cf031c5e9d4b9eea30e2e41fd3549452d2fdaa12,30,5b839da1ebf8974ee3cf2251bbeb5960047d54feb94e3f73eb2e6a54db4d472d,,empire_clear
mois_x3,detail,3,Entreprise,,,,,,,,,2.31,,,1992-6,OK,cf031c5e9d4b9eea30e2e41fd3549452d2fdaa12,30,5b839da1ebf8974ee3cf2251bbeb5960047d54feb94e3f73eb2e6a54db4d472d,,empire_header
mois_x3,detail,3,Entreprise,,,,,,,,,4.924,,,1992-6,OK,cf031c5e9d4b9eea30e2e41fd3549452d2fdaa12,30,5b839da1ebf8974ee3cf2251bbeb5960047d54feb94e3f73eb2e6a54db4d472d,,empire_lines
mois_x3,detail,3,Entreprise,,,,,,,,,5.17,,,1992-6,OK,cf031c5e9d4b9eea30e2e41fd3549452d2fdaa12,30,5b839da1ebf8974ee3cf2251bbeb5960047d54feb94e3f73eb2e6a54db4d472d,,empire_ranking
mois_x3,detail,3,Entreprise,,,,,,,,,4.936,,,1992-6,OK,cf031c5e9d4b9eea30e2e41fd3549452d2fdaa12,30,5b839da1ebf8974ee3cf2251bbeb5960047d54feb94e3f73eb2e6a54db4d472d,,empire_trophies
mois_x3,detail,3,Entreprise,,,,,,,,,19.335,,,1992-6,OK,cf031c5e9d4b9eea30e2e41fd3549452d2fdaa12,30,5b839da1ebf8974ee3cf2251bbeb5960047d54feb94e3f73eb2e6a54db4d472d,,empire
mois_x3,detail,3,Entreprise,,,,,,,,,2.315,,,1992-6,OK,cf031c5e9d4b9eea30e2e41fd3549452d2fdaa12,30,5b839da1ebf8974ee3cf2251bbeb5960047d54feb94e3f73eb2e6a54db4d472d,,subsidiaries
mois_x3,detail,3,Entreprise,,,,,,,,,0.1,,,1992-6,OK,cf031c5e9d4b9eea30e2e41fd3549452d2fdaa12,30,5b839da1ebf8974ee3cf2251bbeb5960047d54feb94e3f73eb2e6a54db4d472d,,subsidiary_sectors
mois_x3,detail,3,Entreprise,,,,,,,,,0.676,,,1992-6,OK,cf031c5e9d4b9eea30e2e41fd3549452d2fdaa12,30,5b839da1ebf8974ee3cf2251bbeb5960047d54feb94e3f73eb2e6a54db4d472d,,objectives
mois_x3,detail,3,Entreprise,,,,,,,,,0.007,,,1992-6,OK,cf031c5e9d4b9eea30e2e41fd3549452d2fdaa12,30,5b839da1ebf8974ee3cf2251bbeb5960047d54feb94e3f73eb2e6a54db4d472d,,executive_brief
mois_x3,detail,3,Entreprise,,,,,,,,,0.003,,,1992-6,OK,cf031c5e9d4b9eea30e2e41fd3549452d2fdaa12,30,5b839da1ebf8974ee3cf2251bbeb5960047d54feb94e3f73eb2e6a54db4d472d,,workplace_and_meters
mois_x3,detail,3,Entreprise,,,,,,,,,0.016,,,1992-6,OK,cf031c5e9d4b9eea30e2e41fd3549452d2fdaa12,30,5b839da1ebf8974ee3cf2251bbeb5960047d54feb94e3f73eb2e6a54db4d472d,,benefit_controls
mois_x3,detail,3,Entreprise,,,,,,,,,0.012,,,1992-6,OK,cf031c5e9d4b9eea30e2e41fd3549452d2fdaa12,30,5b839da1ebf8974ee3cf2251bbeb5960047d54feb94e3f73eb2e6a54db4d472d,,hr_cases
mois_x3,detail,3,Entreprise,,,,,,,,,0.63,,,1992-6,OK,cf031c5e9d4b9eea30e2e41fd3549452d2fdaa12,30,5b839da1ebf8974ee3cf2251bbeb5960047d54feb94e3f73eb2e6a54db4d472d,,financial_advice
mois_x3,detail,3,Entreprise,,,,,,,,,0.004,,,1992-6,OK,cf031c5e9d4b9eea30e2e41fd3549452d2fdaa12,30,5b839da1ebf8974ee3cf2251bbeb5960047d54feb94e3f73eb2e6a54db4d472d,,division_data
mois_x3,detail,3,Entreprise,,,,,,,,,0.674,,,1992-6,OK,cf031c5e9d4b9eea30e2e41fd3549452d2fdaa12,30,5b839da1ebf8974ee3cf2251bbeb5960047d54feb94e3f73eb2e6a54db4d472d,,division_delegation
mois_x3,detail,3,Entreprise,,,,,,,,,0.046,,,1992-6,OK,cf031c5e9d4b9eea30e2e41fd3549452d2fdaa12,30,5b839da1ebf8974ee3cf2251bbeb5960047d54feb94e3f73eb2e6a54db4d472d,,marketing_hint
mois_x3,detail,3,Entreprise,,,,,,,,,0.06,,,1992-6,OK,cf031c5e9d4b9eea30e2e41fd3549452d2fdaa12,30,5b839da1ebf8974ee3cf2251bbeb5960047d54feb94e3f73eb2e6a54db4d472d,,policy_controls
mois_x3,detail,3,Entreprise,,,,,,,,,0.126,,,1992-6,OK,cf031c5e9d4b9eea30e2e41fd3549452d2fdaa12,30,5b839da1ebf8974ee3cf2251bbeb5960047d54feb94e3f73eb2e6a54db4d472d,,leader_choices
mois_x3,detail,3,Simulation,,,,,,,,,67.085,,,1992-6,OK,cf031c5e9d4b9eea30e2e41fd3549452d2fdaa12,30,5b839da1ebf8974ee3cf2251bbeb5960047d54feb94e3f73eb2e6a54db4d472d,,economy_month_closed_callbacks
mois_x3,detail,3,Simulation,,,,,,,,,67.198,,,1992-6,OK,cf031c5e9d4b9eea30e2e41fd3549452d2fdaa12,30,5b839da1ebf8974ee3cf2251bbeb5960047d54feb94e3f73eb2e6a54db4d472d,,economy_close_and_UI
mois_x3,detail,713,Entreprise,,,,,,,,43.579,143.81,66.813,12.96399974823,1992-7,OK,cf031c5e9d4b9eea30e2e41fd3549452d2fdaa12,30,5b839da1ebf8974ee3cf2251bbeb5960047d54feb94e3f73eb2e6a54db4d472d,,SLOW_FRAME_24.18s
mois_x3,detail,4,Simulation,,,,,,,,,4.574,,,1992-7,OK,cf031c5e9d4b9eea30e2e41fd3549452d2fdaa12,30,5b839da1ebf8974ee3cf2251bbeb5960047d54feb94e3f73eb2e6a54db4d472d,,company
mois_x3,detail,4,Simulation,,,,,,,,,0.144,,,1992-7,OK,cf031c5e9d4b9eea30e2e41fd3549452d2fdaa12,30,5b839da1ebf8974ee3cf2251bbeb5960047d54feb94e3f73eb2e6a54db4d472d,,divisions
mois_x3,detail,4,Simulation,,,,,,,,,1.312,,,1992-7,OK,cf031c5e9d4b9eea30e2e41fd3549452d2fdaa12,30,5b839da1ebf8974ee3cf2251bbeb5960047d54feb94e3f73eb2e6a54db4d472d,,personnel
mois_x3,detail,4,Simulation,,,,,,,,,8.497,,,1992-7,OK,cf031c5e9d4b9eea30e2e41fd3549452d2fdaa12,30,5b839da1ebf8974ee3cf2251bbeb5960047d54feb94e3f73eb2e6a54db4d472d,,executive
mois_x3,detail,4,Simulation,,,,,,,,,0.211,,,1992-7,OK,cf031c5e9d4b9eea30e2e41fd3549452d2fdaa12,30,5b839da1ebf8974ee3cf2251bbeb5960047d54feb94e3f73eb2e6a54db4d472d,,personnel_begin
mois_x3,detail,4,Simulation,,,,,,,,,0.631,,,1992-7,OK,cf031c5e9d4b9eea30e2e41fd3549452d2fdaa12,30,5b839da1ebf8974ee3cf2251bbeb5960047d54feb94e3f73eb2e6a54db4d472d,,research
mois_x3,detail,4,Simulation,,,,,,,,,3.973,,,1992-7,OK,cf031c5e9d4b9eea30e2e41fd3549452d2fdaa12,30,5b839da1ebf8974ee3cf2251bbeb5960047d54feb94e3f73eb2e6a54db4d472d,,software
mois_x3,detail,4,Simulation,,,,,,,,,0.007,,,1992-7,OK,cf031c5e9d4b9eea30e2e41fd3549452d2fdaa12,30,5b839da1ebf8974ee3cf2251bbeb5960047d54feb94e3f73eb2e6a54db4d472d,,personnel_end
mois_x3,detail,4,Simulation,,,,,,,,,0.778,,,1992-7,OK,cf031c5e9d4b9eea30e2e41fd3549452d2fdaa12,30,5b839da1ebf8974ee3cf2251bbeb5960047d54feb94e3f73eb2e6a54db4d472d,,foundry
mois_x3,detail,4,Simulation,,,,,,,,,0.043,,,1992-7,OK,cf031c5e9d4b9eea30e2e41fd3549452d2fdaa12,30,5b839da1ebf8974ee3cf2251bbeb5960047d54feb94e3f73eb2e6a54db4d472d,,production
mois_x3,detail,4,Simulation,,,,,,,,,19.834,,,1992-7,OK,cf031c5e9d4b9eea30e2e41fd3549452d2fdaa12,30,5b839da1ebf8974ee3cf2251bbeb5960047d54feb94e3f73eb2e6a54db4d472d,,products
mois_x3,detail,4,Simulation,,,,,,,,,0.219,,,1992-7,OK,cf031c5e9d4b9eea30e2e41fd3549452d2fdaa12,30,5b839da1ebf8974ee3cf2251bbeb5960047d54feb94e3f73eb2e6a54db4d472d,,architecture
mois_x3,detail,4,Simulation,,,,,,,,,0.289,,,1992-7,OK,cf031c5e9d4b9eea30e2e41fd3549452d2fdaa12,30,5b839da1ebf8974ee3cf2251bbeb5960047d54feb94e3f73eb2e6a54db4d472d,,supplier
mois_x3,detail,4,Simulation,,,,,,,,,0.01,,,1992-7,OK,cf031c5e9d4b9eea30e2e41fd3549452d2fdaa12,30,5b839da1ebf8974ee3cf2251bbeb5960047d54feb94e3f73eb2e6a54db4d472d,,after_sales
mois_x3,detail,4,Simulation,,,,,,,,,4.717,,,1992-7,OK,cf031c5e9d4b9eea30e2e41fd3549452d2fdaa12,30,5b839da1ebf8974ee3cf2251bbeb5960047d54feb94e3f73eb2e6a54db4d472d,,market
mois_x3,detail,4,Simulation,,,,,,,,,2.293,,,1992-7,OK,cf031c5e9d4b9eea30e2e41fd3549452d2fdaa12,30,5b839da1ebf8974ee3cf2251bbeb5960047d54feb94e3f73eb2e6a54db4d472d,,components
mois_x3,detail,4,Simulation,,,,,,,,,0.013,,,1992-7,OK,cf031c5e9d4b9eea30e2e41fd3549452d2fdaa12,30,5b839da1ebf8974ee3cf2251bbeb5960047d54feb94e3f73eb2e6a54db4d472d,,patents
mois_x3,detail,4,Simulation,,,,,,,,,0.063,,,1992-7,OK,cf031c5e9d4b9eea30e2e41fd3549452d2fdaa12,30,5b839da1ebf8974ee3cf2251bbeb5960047d54feb94e3f73eb2e6a54db4d472d,,garage_business
mois_x3,detail,4,Simulation,,,,,,,,,0.023,,,1992-7,OK,cf031c5e9d4b9eea30e2e41fd3549452d2fdaa12,30,5b839da1ebf8974ee3cf2251bbeb5960047d54feb94e3f73eb2e6a54db4d472d,,seasonal
mois_x3,detail,4,Simulation,,,,,,,,,0.294,,,1992-7,OK,cf031c5e9d4b9eea30e2e41fd3549452d2fdaa12,30,5b839da1ebf8974ee3cf2251bbeb5960047d54feb94e3f73eb2e6a54db4d472d,,subsidiaries
mois_x3,detail,4,Simulation,,,,,,,,,0.371,,,1992-7,OK,cf031c5e9d4b9eea30e2e41fd3549452d2fdaa12,30,5b839da1ebf8974ee3cf2251bbeb5960047d54feb94e3f73eb2e6a54db4d472d,,objectives
mois_x3,detail,4,Simulation,,,,,,,,,0.079,,,1992-7,OK,cf031c5e9d4b9eea30e2e41fd3549452d2fdaa12,30,5b839da1ebf8974ee3cf2251bbeb5960047d54feb94e3f73eb2e6a54db4d472d,,economy_bookkeeping
mois_x3,detail,4,Entreprise,,,,,,,,,1.425,,,1992-7,OK,cf031c5e9d4b9eea30e2e41fd3549452d2fdaa12,30,5b839da1ebf8974ee3cf2251bbeb5960047d54feb94e3f73eb2e6a54db4d472d,,scene_hero
mois_x3,detail,4,Entreprise,,,,,,,,,0.208,,,1992-7,OK,cf031c5e9d4b9eea30e2e41fd3549452d2fdaa12,30,5b839da1ebf8974ee3cf2251bbeb5960047d54feb94e3f73eb2e6a54db4d472d,,branch_map
mois_x3,detail,4,Entreprise,,,,,,,,,1.645,,,1992-7,OK,cf031c5e9d4b9eea30e2e41fd3549452d2fdaa12,30,5b839da1ebf8974ee3cf2251bbeb5960047d54feb94e3f73eb2e6a54db4d472d,,scene
mois_x3,detail,4,Entreprise,,,,,,,,,0.065,,,1992-7,OK,cf031c5e9d4b9eea30e2e41fd3549452d2fdaa12,30,5b839da1ebf8974ee3cf2251bbeb5960047d54feb94e3f73eb2e6a54db4d472d,,unlocks
mois_x3,detail,4,Entreprise,,,,,,,,,0.438,,,1992-7,OK,cf031c5e9d4b9eea30e2e41fd3549452d2fdaa12,30,5b839da1ebf8974ee3cf2251bbeb5960047d54feb94e3f73eb2e6a54db4d472d,,reputation
mois_x3,detail,4,Entreprise,,,,,,,,,0.914,,,1992-7,OK,cf031c5e9d4b9eea30e2e41fd3549452d2fdaa12,30,5b839da1ebf8974ee3cf2251bbeb5960047d54feb94e3f73eb2e6a54db4d472d,,empire_clear
mois_x3,detail,4,Entreprise,,,,,,,,,1.441,,,1992-7,OK,cf031c5e9d4b9eea30e2e41fd3549452d2fdaa12,30,5b839da1ebf8974ee3cf2251bbeb5960047d54feb94e3f73eb2e6a54db4d472d,,empire_header
mois_x3,detail,4,Entreprise,,,,,,,,,3.683,,,1992-7,OK,cf031c5e9d4b9eea30e2e41fd3549452d2fdaa12,30,5b839da1ebf8974ee3cf2251bbeb5960047d54feb94e3f73eb2e6a54db4d472d,,empire_lines
mois_x3,detail,4,Entreprise,,,,,,,,,5.074,,,1992-7,OK,cf031c5e9d4b9eea30e2e41fd3549452d2fdaa12,30,5b839da1ebf8974ee3cf2251bbeb5960047d54feb94e3f73eb2e6a54db4d472d,,empire_ranking
mois_x3,detail,4,Entreprise,,,,,,,,,7.614,,,1992-7,OK,cf031c5e9d4b9eea30e2e41fd3549452d2fdaa12,30,5b839da1ebf8974ee3cf2251bbeb5960047d54feb94e3f73eb2e6a54db4d472d,,empire_trophies
mois_x3,detail,4,Entreprise,,,,,,,,,18.781,,,1992-7,OK,cf031c5e9d4b9eea30e2e41fd3549452d2fdaa12,30,5b839da1ebf8974ee3cf2251bbeb5960047d54feb94e3f73eb2e6a54db4d472d,,empire
mois_x3,detail,4,Entreprise,,,,,,,,,3.477,,,1992-7,OK,cf031c5e9d4b9eea30e2e41fd3549452d2fdaa12,30,5b839da1ebf8974ee3cf2251bbeb5960047d54feb94e3f73eb2e6a54db4d472d,,subsidiaries
mois_x3,detail,4,Entreprise,,,,,,,,,0.121,,,1992-7,OK,cf031c5e9d4b9eea30e2e41fd3549452d2fdaa12,30,5b839da1ebf8974ee3cf2251bbeb5960047d54feb94e3f73eb2e6a54db4d472d,,subsidiary_sectors
mois_x3,detail,4,Entreprise,,,,,,,,,0.621,,,1992-7,OK,cf031c5e9d4b9eea30e2e41fd3549452d2fdaa12,30,5b839da1ebf8974ee3cf2251bbeb5960047d54feb94e3f73eb2e6a54db4d472d,,objectives
mois_x3,detail,4,Entreprise,,,,,,,,,0.015,,,1992-7,OK,cf031c5e9d4b9eea30e2e41fd3549452d2fdaa12,30,5b839da1ebf8974ee3cf2251bbeb5960047d54feb94e3f73eb2e6a54db4d472d,,executive_brief
mois_x3,detail,4,Entreprise,,,,,,,,,0.003,,,1992-7,OK,cf031c5e9d4b9eea30e2e41fd3549452d2fdaa12,30,5b839da1ebf8974ee3cf2251bbeb5960047d54feb94e3f73eb2e6a54db4d472d,,workplace_and_meters
mois_x3,detail,4,Entreprise,,,,,,,,,0.024,,,1992-7,OK,cf031c5e9d4b9eea30e2e41fd3549452d2fdaa12,30,5b839da1ebf8974ee3cf2251bbeb5960047d54feb94e3f73eb2e6a54db4d472d,,benefit_controls
mois_x3,detail,4,Entreprise,,,,,,,,,0.016,,,1992-7,OK,cf031c5e9d4b9eea30e2e41fd3549452d2fdaa12,30,5b839da1ebf8974ee3cf2251bbeb5960047d54feb94e3f73eb2e6a54db4d472d,,hr_cases
mois_x3,detail,4,Entreprise,,,,,,,,,0.818,,,1992-7,OK,cf031c5e9d4b9eea30e2e41fd3549452d2fdaa12,30,5b839da1ebf8974ee3cf2251bbeb5960047d54feb94e3f73eb2e6a54db4d472d,,financial_advice
mois_x3,detail,4,Entreprise,,,,,,,,,0.005,,,1992-7,OK,cf031c5e9d4b9eea30e2e41fd3549452d2fdaa12,30,5b839da1ebf8974ee3cf2251bbeb5960047d54feb94e3f73eb2e6a54db4d472d,,division_data
mois_x3,detail,4,Entreprise,,,,,,,,,0.781,,,1992-7,OK,cf031c5e9d4b9eea30e2e41fd3549452d2fdaa12,30,5b839da1ebf8974ee3cf2251bbeb5960047d54feb94e3f73eb2e6a54db4d472d,,division_delegation
mois_x3,detail,4,Entreprise,,,,,,,,,0.053,,,1992-7,OK,cf031c5e9d4b9eea30e2e41fd3549452d2fdaa12,30,5b839da1ebf8974ee3cf2251bbeb5960047d54feb94e3f73eb2e6a54db4d472d,,marketing_hint
mois_x3,detail,4,Entreprise,,,,,,,,,0.07,,,1992-7,OK,cf031c5e9d4b9eea30e2e41fd3549452d2fdaa12,30,5b839da1ebf8974ee3cf2251bbeb5960047d54feb94e3f73eb2e6a54db4d472d,,policy_controls
mois_x3,detail,4,Entreprise,,,,,,,,,0.136,,,1992-7,OK,cf031c5e9d4b9eea30e2e41fd3549452d2fdaa12,30,5b839da1ebf8974ee3cf2251bbeb5960047d54feb94e3f73eb2e6a54db4d472d,,leader_choices
mois_x3,detail,4,Simulation,,,,,,,,,35.919,,,1992-7,OK,cf031c5e9d4b9eea30e2e41fd3549452d2fdaa12,30,5b839da1ebf8974ee3cf2251bbeb5960047d54feb94e3f73eb2e6a54db4d472d,,economy_month_closed_callbacks
mois_x3,detail,4,Simulation,,,,,,,,,36.009,,,1992-7,OK,cf031c5e9d4b9eea30e2e41fd3549452d2fdaa12,30,5b839da1ebf8974ee3cf2251bbeb5960047d54feb94e3f73eb2e6a54db4d472d,,economy_close_and_UI
mois_x3,detail,951,Entreprise,,,,,,,,48.952,118.416,35.707,11.7869997024536,1992-8,OK,cf031c5e9d4b9eea30e2e41fd3549452d2fdaa12,30,5b839da1ebf8974ee3cf2251bbeb5960047d54feb94e3f73eb2e6a54db4d472d,,SLOW_FRAME_32.16s
mois_x3,detail,5,Simulation,,,,,,,,,5.903,,,1992-8,OK,cf031c5e9d4b9eea30e2e41fd3549452d2fdaa12,30,5b839da1ebf8974ee3cf2251bbeb5960047d54feb94e3f73eb2e6a54db4d472d,,company
mois_x3,detail,5,Simulation,,,,,,,,,0.117,,,1992-8,OK,cf031c5e9d4b9eea30e2e41fd3549452d2fdaa12,30,5b839da1ebf8974ee3cf2251bbeb5960047d54feb94e3f73eb2e6a54db4d472d,,divisions
mois_x3,detail,5,Simulation,,,,,,,,,1.284,,,1992-8,OK,cf031c5e9d4b9eea30e2e41fd3549452d2fdaa12,30,5b839da1ebf8974ee3cf2251bbeb5960047d54feb94e3f73eb2e6a54db4d472d,,personnel
mois_x3,detail,5,Simulation,,,,,,,,,7.658,,,1992-8,OK,cf031c5e9d4b9eea30e2e41fd3549452d2fdaa12,30,5b839da1ebf8974ee3cf2251bbeb5960047d54feb94e3f73eb2e6a54db4d472d,,executive
mois_x3,detail,5,Simulation,,,,,,,,,0.106,,,1992-8,OK,cf031c5e9d4b9eea30e2e41fd3549452d2fdaa12,30,5b839da1ebf8974ee3cf2251bbeb5960047d54feb94e3f73eb2e6a54db4d472d,,personnel_begin
mois_x3,detail,5,Simulation,,,,,,,,,0.574,,,1992-8,OK,cf031c5e9d4b9eea30e2e41fd3549452d2fdaa12,30,5b839da1ebf8974ee3cf2251bbeb5960047d54feb94e3f73eb2e6a54db4d472d,,research
mois_x3,detail,5,Simulation,,,,,,,,,3.872,,,1992-8,OK,cf031c5e9d4b9eea30e2e41fd3549452d2fdaa12,30,5b839da1ebf8974ee3cf2251bbeb5960047d54feb94e3f73eb2e6a54db4d472d,,software
mois_x3,detail,5,Simulation,,,,,,,,,0.008,,,1992-8,OK,cf031c5e9d4b9eea30e2e41fd3549452d2fdaa12,30,5b839da1ebf8974ee3cf2251bbeb5960047d54feb94e3f73eb2e6a54db4d472d,,personnel_end
mois_x3,detail,5,Simulation,,,,,,,,,0.954,,,1992-8,OK,cf031c5e9d4b9eea30e2e41fd3549452d2fdaa12,30,5b839da1ebf8974ee3cf2251bbeb5960047d54feb94e3f73eb2e6a54db4d472d,,foundry
mois_x3,detail,5,Simulation,,,,,,,,,0.044,,,1992-8,OK,cf031c5e9d4b9eea30e2e41fd3549452d2fdaa12,30,5b839da1ebf8974ee3cf2251bbeb5960047d54feb94e3f73eb2e6a54db4d472d,,production
mois_x3,detail,5,Simulation,,,,,,,,,18.866,,,1992-8,OK,cf031c5e9d4b9eea30e2e41fd3549452d2fdaa12,30,5b839da1ebf8974ee3cf2251bbeb5960047d54feb94e3f73eb2e6a54db4d472d,,products
mois_x3,detail,5,Simulation,,,,,,,,,0.222,,,1992-8,OK,cf031c5e9d4b9eea30e2e41fd3549452d2fdaa12,30,5b839da1ebf8974ee3cf2251bbeb5960047d54feb94e3f73eb2e6a54db4d472d,,architecture
mois_x3,detail,5,Simulation,,,,,,,,,0.286,,,1992-8,OK,cf031c5e9d4b9eea30e2e41fd3549452d2fdaa12,30,5b839da1ebf8974ee3cf2251bbeb5960047d54feb94e3f73eb2e6a54db4d472d,,supplier
mois_x3,detail,5,Simulation,,,,,,,,,0.011,,,1992-8,OK,cf031c5e9d4b9eea30e2e41fd3549452d2fdaa12,30,5b839da1ebf8974ee3cf2251bbeb5960047d54feb94e3f73eb2e6a54db4d472d,,after_sales
mois_x3,detail,5,Simulation,,,,,,,,,2.776,,,1992-8,OK,cf031c5e9d4b9eea30e2e41fd3549452d2fdaa12,30,5b839da1ebf8974ee3cf2251bbeb5960047d54feb94e3f73eb2e6a54db4d472d,,market
mois_x3,detail,5,Simulation,,,,,,,,,2.113,,,1992-8,OK,cf031c5e9d4b9eea30e2e41fd3549452d2fdaa12,30,5b839da1ebf8974ee3cf2251bbeb5960047d54feb94e3f73eb2e6a54db4d472d,,components
mois_x3,detail,5,Simulation,,,,,,,,,0.013,,,1992-8,OK,cf031c5e9d4b9eea30e2e41fd3549452d2fdaa12,30,5b839da1ebf8974ee3cf2251bbeb5960047d54feb94e3f73eb2e6a54db4d472d,,patents
mois_x3,detail,5,Simulation,,,,,,,,,0.08,,,1992-8,OK,cf031c5e9d4b9eea30e2e41fd3549452d2fdaa12,30,5b839da1ebf8974ee3cf2251bbeb5960047d54feb94e3f73eb2e6a54db4d472d,,garage_business
mois_x3,detail,5,Simulation,,,,,,,,,0.022,,,1992-8,OK,cf031c5e9d4b9eea30e2e41fd3549452d2fdaa12,30,5b839da1ebf8974ee3cf2251bbeb5960047d54feb94e3f73eb2e6a54db4d472d,,seasonal
mois_x3,detail,5,Simulation,,,,,,,,,0.299,,,1992-8,OK,cf031c5e9d4b9eea30e2e41fd3549452d2fdaa12,30,5b839da1ebf8974ee3cf2251bbeb5960047d54feb94e3f73eb2e6a54db4d472d,,subsidiaries
mois_x3,detail,5,Simulation,,,,,,,,,0.405,,,1992-8,OK,cf031c5e9d4b9eea30e2e41fd3549452d2fdaa12,30,5b839da1ebf8974ee3cf2251bbeb5960047d54feb94e3f73eb2e6a54db4d472d,,objectives
mois_x3,detail,5,Simulation,,,,,,,,,0.087,,,1992-8,OK,cf031c5e9d4b9eea30e2e41fd3549452d2fdaa12,30,5b839da1ebf8974ee3cf2251bbeb5960047d54feb94e3f73eb2e6a54db4d472d,,economy_bookkeeping
mois_x3,detail,5,Entreprise,,,,,,,,,1.455,,,1992-8,OK,cf031c5e9d4b9eea30e2e41fd3549452d2fdaa12,30,5b839da1ebf8974ee3cf2251bbeb5960047d54feb94e3f73eb2e6a54db4d472d,,scene_hero
mois_x3,detail,5,Entreprise,,,,,,,,,0.224,,,1992-8,OK,cf031c5e9d4b9eea30e2e41fd3549452d2fdaa12,30,5b839da1ebf8974ee3cf2251bbeb5960047d54feb94e3f73eb2e6a54db4d472d,,branch_map
mois_x3,detail,5,Entreprise,,,,,,,,,1.693,,,1992-8,OK,cf031c5e9d4b9eea30e2e41fd3549452d2fdaa12,30,5b839da1ebf8974ee3cf2251bbeb5960047d54feb94e3f73eb2e6a54db4d472d,,scene
mois_x3,detail,5,Entreprise,,,,,,,,,0.065,,,1992-8,OK,cf031c5e9d4b9eea30e2e41fd3549452d2fdaa12,30,5b839da1ebf8974ee3cf2251bbeb5960047d54feb94e3f73eb2e6a54db4d472d,,unlocks
mois_x3,detail,5,Entreprise,,,,,,,,,0.478,,,1992-8,OK,cf031c5e9d4b9eea30e2e41fd3549452d2fdaa12,30,5b839da1ebf8974ee3cf2251bbeb5960047d54feb94e3f73eb2e6a54db4d472d,,reputation
mois_x3,detail,5,Entreprise,,,,,,,,,0.993,,,1992-8,OK,cf031c5e9d4b9eea30e2e41fd3549452d2fdaa12,30,5b839da1ebf8974ee3cf2251bbeb5960047d54feb94e3f73eb2e6a54db4d472d,,empire_clear
mois_x3,detail,5,Entreprise,,,,,,,,,1.557,,,1992-8,OK,cf031c5e9d4b9eea30e2e41fd3549452d2fdaa12,30,5b839da1ebf8974ee3cf2251bbeb5960047d54feb94e3f73eb2e6a54db4d472d,,empire_header
mois_x3,detail,5,Entreprise,,,,,,,,,3.913,,,1992-8,OK,cf031c5e9d4b9eea30e2e41fd3549452d2fdaa12,30,5b839da1ebf8974ee3cf2251bbeb5960047d54feb94e3f73eb2e6a54db4d472d,,empire_lines
mois_x3,detail,5,Entreprise,,,,,,,,,5.274,,,1992-8,OK,cf031c5e9d4b9eea30e2e41fd3549452d2fdaa12,30,5b839da1ebf8974ee3cf2251bbeb5960047d54feb94e3f73eb2e6a54db4d472d,,empire_ranking
mois_x3,detail,5,Entreprise,,,,,,,,,7.435,,,1992-8,OK,cf031c5e9d4b9eea30e2e41fd3549452d2fdaa12,30,5b839da1ebf8974ee3cf2251bbeb5960047d54feb94e3f73eb2e6a54db4d472d,,empire_trophies
mois_x3,detail,5,Entreprise,,,,,,,,,19.229,,,1992-8,OK,cf031c5e9d4b9eea30e2e41fd3549452d2fdaa12,30,5b839da1ebf8974ee3cf2251bbeb5960047d54feb94e3f73eb2e6a54db4d472d,,empire
mois_x3,detail,5,Entreprise,,,,,,,,,3.475,,,1992-8,OK,cf031c5e9d4b9eea30e2e41fd3549452d2fdaa12,30,5b839da1ebf8974ee3cf2251bbeb5960047d54feb94e3f73eb2e6a54db4d472d,,subsidiaries
mois_x3,detail,5,Entreprise,,,,,,,,,0.127,,,1992-8,OK,cf031c5e9d4b9eea30e2e41fd3549452d2fdaa12,30,5b839da1ebf8974ee3cf2251bbeb5960047d54feb94e3f73eb2e6a54db4d472d,,subsidiary_sectors
mois_x3,detail,5,Entreprise,,,,,,,,,0.642,,,1992-8,OK,cf031c5e9d4b9eea30e2e41fd3549452d2fdaa12,30,5b839da1ebf8974ee3cf2251bbeb5960047d54feb94e3f73eb2e6a54db4d472d,,objectives
mois_x3,detail,5,Entreprise,,,,,,,,,0.014,,,1992-8,OK,cf031c5e9d4b9eea30e2e41fd3549452d2fdaa12,30,5b839da1ebf8974ee3cf2251bbeb5960047d54feb94e3f73eb2e6a54db4d472d,,executive_brief
mois_x3,detail,5,Entreprise,,,,,,,,,0.004,,,1992-8,OK,cf031c5e9d4b9eea30e2e41fd3549452d2fdaa12,30,5b839da1ebf8974ee3cf2251bbeb5960047d54feb94e3f73eb2e6a54db4d472d,,workplace_and_meters
mois_x3,detail,5,Entreprise,,,,,,,,,0.027,,,1992-8,OK,cf031c5e9d4b9eea30e2e41fd3549452d2fdaa12,30,5b839da1ebf8974ee3cf2251bbeb5960047d54feb94e3f73eb2e6a54db4d472d,,benefit_controls
mois_x3,detail,5,Entreprise,,,,,,,,,0.023,,,1992-8,OK,cf031c5e9d4b9eea30e2e41fd3549452d2fdaa12,30,5b839da1ebf8974ee3cf2251bbeb5960047d54feb94e3f73eb2e6a54db4d472d,,hr_cases
mois_x3,detail,5,Entreprise,,,,,,,,,1.094,,,1992-8,OK,cf031c5e9d4b9eea30e2e41fd3549452d2fdaa12,30,5b839da1ebf8974ee3cf2251bbeb5960047d54feb94e3f73eb2e6a54db4d472d,,financial_advice
mois_x3,detail,5,Entreprise,,,,,,,,,0.009,,,1992-8,OK,cf031c5e9d4b9eea30e2e41fd3549452d2fdaa12,30,5b839da1ebf8974ee3cf2251bbeb5960047d54feb94e3f73eb2e6a54db4d472d,,division_data
mois_x3,detail,5,Entreprise,,,,,,,,,1.163,,,1992-8,OK,cf031c5e9d4b9eea30e2e41fd3549452d2fdaa12,30,5b839da1ebf8974ee3cf2251bbeb5960047d54feb94e3f73eb2e6a54db4d472d,,division_delegation
mois_x3,detail,5,Entreprise,,,,,,,,,0.09,,,1992-8,OK,cf031c5e9d4b9eea30e2e41fd3549452d2fdaa12,30,5b839da1ebf8974ee3cf2251bbeb5960047d54feb94e3f73eb2e6a54db4d472d,,marketing_hint
mois_x3,detail,5,Entreprise,,,,,,,,,0.118,,,1992-8,OK,cf031c5e9d4b9eea30e2e41fd3549452d2fdaa12,30,5b839da1ebf8974ee3cf2251bbeb5960047d54feb94e3f73eb2e6a54db4d472d,,policy_controls
mois_x3,detail,5,Entreprise,,,,,,,,,0.229,,,1992-8,OK,cf031c5e9d4b9eea30e2e41fd3549452d2fdaa12,30,5b839da1ebf8974ee3cf2251bbeb5960047d54feb94e3f73eb2e6a54db4d472d,,leader_choices
mois_x3,detail,5,Simulation,,,,,,,,,37.843,,,1992-8,OK,cf031c5e9d4b9eea30e2e41fd3549452d2fdaa12,30,5b839da1ebf8974ee3cf2251bbeb5960047d54feb94e3f73eb2e6a54db4d472d,,economy_month_closed_callbacks
mois_x3,detail,5,Simulation,,,,,,,,,37.942,,,1992-8,OK,cf031c5e9d4b9eea30e2e41fd3549452d2fdaa12,30,5b839da1ebf8974ee3cf2251bbeb5960047d54feb94e3f73eb2e6a54db4d472d,,economy_close_and_UI
mois_x3,detail,1189,Entreprise,,,,,,,,46.284,117.662,37.592,12.91100025177,1992-9,OK,cf031c5e9d4b9eea30e2e41fd3549452d2fdaa12,30,5b839da1ebf8974ee3cf2251bbeb5960047d54feb94e3f73eb2e6a54db4d472d,,SLOW_FRAME_40.14s
mois_x3,detail,6,Simulation,,,,,,,,,3.393,,,1992-9,OK,cf031c5e9d4b9eea30e2e41fd3549452d2fdaa12,30,5b839da1ebf8974ee3cf2251bbeb5960047d54feb94e3f73eb2e6a54db4d472d,,company
mois_x3,detail,6,Simulation,,,,,,,,,0.117,,,1992-9,OK,cf031c5e9d4b9eea30e2e41fd3549452d2fdaa12,30,5b839da1ebf8974ee3cf2251bbeb5960047d54feb94e3f73eb2e6a54db4d472d,,divisions
mois_x3,detail,6,Simulation,,,,,,,,,0.943,,,1992-9,OK,cf031c5e9d4b9eea30e2e41fd3549452d2fdaa12,30,5b839da1ebf8974ee3cf2251bbeb5960047d54feb94e3f73eb2e6a54db4d472d,,personnel
mois_x3,detail,6,Simulation,,,,,,,,,7.889,,,1992-9,OK,cf031c5e9d4b9eea30e2e41fd3549452d2fdaa12,30,5b839da1ebf8974ee3cf2251bbeb5960047d54feb94e3f73eb2e6a54db4d472d,,executive
mois_x3,detail,6,Simulation,,,,,,,,,0.121,,,1992-9,OK,cf031c5e9d4b9eea30e2e41fd3549452d2fdaa12,30,5b839da1ebf8974ee3cf2251bbeb5960047d54feb94e3f73eb2e6a54db4d472d,,personnel_begin
mois_x3,detail,6,Simulation,,,,,,,,,0.758,,,1992-9,OK,cf031c5e9d4b9eea30e2e41fd3549452d2fdaa12,30,5b839da1ebf8974ee3cf2251bbeb5960047d54feb94e3f73eb2e6a54db4d472d,,research
mois_x3,detail,6,Simulation,,,,,,,,,4.253,,,1992-9,OK,cf031c5e9d4b9eea30e2e41fd3549452d2fdaa12,30,5b839da1ebf8974ee3cf2251bbeb5960047d54feb94e3f73eb2e6a54db4d472d,,software
mois_x3,detail,6,Simulation,,,,,,,,,0.008,,,1992-9,OK,cf031c5e9d4b9eea30e2e41fd3549452d2fdaa12,30,5b839da1ebf8974ee3cf2251bbeb5960047d54feb94e3f73eb2e6a54db4d472d,,personnel_end
mois_x3,detail,6,Simulation,,,,,,,,,0.938,,,1992-9,OK,cf031c5e9d4b9eea30e2e41fd3549452d2fdaa12,30,5b839da1ebf8974ee3cf2251bbeb5960047d54feb94e3f73eb2e6a54db4d472d,,foundry
mois_x3,detail,6,Simulation,,,,,,,,,0.041,,,1992-9,OK,cf031c5e9d4b9eea30e2e41fd3549452d2fdaa12,30,5b839da1ebf8974ee3cf2251bbeb5960047d54feb94e3f73eb2e6a54db4d472d,,production
mois_x3,detail,6,Simulation,,,,,,,,,20.188,,,1992-9,OK,cf031c5e9d4b9eea30e2e41fd3549452d2fdaa12,30,5b839da1ebf8974ee3cf2251bbeb5960047d54feb94e3f73eb2e6a54db4d472d,,products
mois_x3,detail,6,Simulation,,,,,,,,,0.201,,,1992-9,OK,cf031c5e9d4b9eea30e2e41fd3549452d2fdaa12,30,5b839da1ebf8974ee3cf2251bbeb5960047d54feb94e3f73eb2e6a54db4d472d,,architecture
mois_x3,detail,6,Simulation,,,,,,,,,0.263,,,1992-9,OK,cf031c5e9d4b9eea30e2e41fd3549452d2fdaa12,30,5b839da1ebf8974ee3cf2251bbeb5960047d54feb94e3f73eb2e6a54db4d472d,,supplier
mois_x3,detail,6,Simulation,,,,,,,,,0.009,,,1992-9,OK,cf031c5e9d4b9eea30e2e41fd3549452d2fdaa12,30,5b839da1ebf8974ee3cf2251bbeb5960047d54feb94e3f73eb2e6a54db4d472d,,after_sales
mois_x3,detail,6,Simulation,,,,,,,,,4.631,,,1992-9,OK,cf031c5e9d4b9eea30e2e41fd3549452d2fdaa12,30,5b839da1ebf8974ee3cf2251bbeb5960047d54feb94e3f73eb2e6a54db4d472d,,market
mois_x3,detail,6,Simulation,,,,,,,,,2.501,,,1992-9,OK,cf031c5e9d4b9eea30e2e41fd3549452d2fdaa12,30,5b839da1ebf8974ee3cf2251bbeb5960047d54feb94e3f73eb2e6a54db4d472d,,components
mois_x3,detail,6,Simulation,,,,,,,,,0.013,,,1992-9,OK,cf031c5e9d4b9eea30e2e41fd3549452d2fdaa12,30,5b839da1ebf8974ee3cf2251bbeb5960047d54feb94e3f73eb2e6a54db4d472d,,patents
mois_x3,detail,6,Simulation,,,,,,,,,0.087,,,1992-9,OK,cf031c5e9d4b9eea30e2e41fd3549452d2fdaa12,30,5b839da1ebf8974ee3cf2251bbeb5960047d54feb94e3f73eb2e6a54db4d472d,,garage_business
mois_x3,detail,6,Simulation,,,,,,,,,0.01,,,1992-9,OK,cf031c5e9d4b9eea30e2e41fd3549452d2fdaa12,30,5b839da1ebf8974ee3cf2251bbeb5960047d54feb94e3f73eb2e6a54db4d472d,,seasonal
mois_x3,detail,6,Simulation,,,,,,,,,0.334,,,1992-9,OK,cf031c5e9d4b9eea30e2e41fd3549452d2fdaa12,30,5b839da1ebf8974ee3cf2251bbeb5960047d54feb94e3f73eb2e6a54db4d472d,,subsidiaries
mois_x3,detail,6,Simulation,,,,,,,,,0.418,,,1992-9,OK,cf031c5e9d4b9eea30e2e41fd3549452d2fdaa12,30,5b839da1ebf8974ee3cf2251bbeb5960047d54feb94e3f73eb2e6a54db4d472d,,objectives
mois_x3,detail,6,Simulation,,,,,,,,,0.09,,,1992-9,OK,cf031c5e9d4b9eea30e2e41fd3549452d2fdaa12,30,5b839da1ebf8974ee3cf2251bbeb5960047d54feb94e3f73eb2e6a54db4d472d,,economy_bookkeeping
mois_x3,detail,6,Entreprise,,,,,,,,,28.762,,,1992-9,OK,cf031c5e9d4b9eea30e2e41fd3549452d2fdaa12,30,5b839da1ebf8974ee3cf2251bbeb5960047d54feb94e3f73eb2e6a54db4d472d,,scene_hero
mois_x3,detail,6,Entreprise,,,,,,,,,0.204,,,1992-9,OK,cf031c5e9d4b9eea30e2e41fd3549452d2fdaa12,30,5b839da1ebf8974ee3cf2251bbeb5960047d54feb94e3f73eb2e6a54db4d472d,,branch_map
mois_x3,detail,6,Entreprise,,,,,,,,,28.984,,,1992-9,OK,cf031c5e9d4b9eea30e2e41fd3549452d2fdaa12,30,5b839da1ebf8974ee3cf2251bbeb5960047d54feb94e3f73eb2e6a54db4d472d,,scene
mois_x3,detail,6,Entreprise,,,,,,,,,0.072,,,1992-9,OK,cf031c5e9d4b9eea30e2e41fd3549452d2fdaa12,30,5b839da1ebf8974ee3cf2251bbeb5960047d54feb94e3f73eb2e6a54db4d472d,,unlocks
mois_x3,detail,6,Entreprise,,,,,,,,,0.415,,,1992-9,OK,cf031c5e9d4b9eea30e2e41fd3549452d2fdaa12,30,5b839da1ebf8974ee3cf2251bbeb5960047d54feb94e3f73eb2e6a54db4d472d,,reputation
mois_x3,detail,6,Entreprise,,,,,,,,,0.744,,,1992-9,OK,cf031c5e9d4b9eea30e2e41fd3549452d2fdaa12,30,5b839da1ebf8974ee3cf2251bbeb5960047d54feb94e3f73eb2e6a54db4d472d,,empire_clear
mois_x3,detail,6,Entreprise,,,,,,,,,2.954,,,1992-9,OK,cf031c5e9d4b9eea30e2e41fd3549452d2fdaa12,30,5b839da1ebf8974ee3cf2251bbeb5960047d54feb94e3f73eb2e6a54db4d472d,,empire_header
mois_x3,detail,6,Entreprise,,,,,,,,,3.434,,,1992-9,OK,cf031c5e9d4b9eea30e2e41fd3549452d2fdaa12,30,5b839da1ebf8974ee3cf2251bbeb5960047d54feb94e3f73eb2e6a54db4d472d,,empire_lines
mois_x3,detail,6,Entreprise,,,,,,,,,6.404,,,1992-9,OK,cf031c5e9d4b9eea30e2e41fd3549452d2fdaa12,30,5b839da1ebf8974ee3cf2251bbeb5960047d54feb94e3f73eb2e6a54db4d472d,,empire_ranking
mois_x3,detail,6,Entreprise,,,,,,,,,6.958,,,1992-9,OK,cf031c5e9d4b9eea30e2e41fd3549452d2fdaa12,30,5b839da1ebf8974ee3cf2251bbeb5960047d54feb94e3f73eb2e6a54db4d472d,,empire_trophies
mois_x3,detail,6,Entreprise,,,,,,,,,20.551,,,1992-9,OK,cf031c5e9d4b9eea30e2e41fd3549452d2fdaa12,30,5b839da1ebf8974ee3cf2251bbeb5960047d54feb94e3f73eb2e6a54db4d472d,,empire
mois_x3,detail,6,Entreprise,,,,,,,,,2.277,,,1992-9,OK,cf031c5e9d4b9eea30e2e41fd3549452d2fdaa12,30,5b839da1ebf8974ee3cf2251bbeb5960047d54feb94e3f73eb2e6a54db4d472d,,subsidiaries
mois_x3,detail,6,Entreprise,,,,,,,,,0.092,,,1992-9,OK,cf031c5e9d4b9eea30e2e41fd3549452d2fdaa12,30,5b839da1ebf8974ee3cf2251bbeb5960047d54feb94e3f73eb2e6a54db4d472d,,subsidiary_sectors
mois_x3,detail,6,Entreprise,,,,,,,,,0.545,,,1992-9,OK,cf031c5e9d4b9eea30e2e41fd3549452d2fdaa12,30,5b839da1ebf8974ee3cf2251bbeb5960047d54feb94e3f73eb2e6a54db4d472d,,objectives
mois_x3,detail,6,Entreprise,,,,,,,,,0.008,,,1992-9,OK,cf031c5e9d4b9eea30e2e41fd3549452d2fdaa12,30,5b839da1ebf8974ee3cf2251bbeb5960047d54feb94e3f73eb2e6a54db4d472d,,executive_brief
mois_x3,detail,6,Entreprise,,,,,,,,,0.002,,,1992-9,OK,cf031c5e9d4b9eea30e2e41fd3549452d2fdaa12,30,5b839da1ebf8974ee3cf2251bbeb5960047d54feb94e3f73eb2e6a54db4d472d,,workplace_and_meters
mois_x3,detail,6,Entreprise,,,,,,,,,0.017,,,1992-9,OK,cf031c5e9d4b9eea30e2e41fd3549452d2fdaa12,30,5b839da1ebf8974ee3cf2251bbeb5960047d54feb94e3f73eb2e6a54db4d472d,,benefit_controls
mois_x3,detail,6,Entreprise,,,,,,,,,0.011,,,1992-9,OK,cf031c5e9d4b9eea30e2e41fd3549452d2fdaa12,30,5b839da1ebf8974ee3cf2251bbeb5960047d54feb94e3f73eb2e6a54db4d472d,,hr_cases
mois_x3,detail,6,Entreprise,,,,,,,,,0.632,,,1992-9,OK,cf031c5e9d4b9eea30e2e41fd3549452d2fdaa12,30,5b839da1ebf8974ee3cf2251bbeb5960047d54feb94e3f73eb2e6a54db4d472d,,financial_advice
mois_x3,detail,6,Entreprise,,,,,,,,,0.003,,,1992-9,OK,cf031c5e9d4b9eea30e2e41fd3549452d2fdaa12,30,5b839da1ebf8974ee3cf2251bbeb5960047d54feb94e3f73eb2e6a54db4d472d,,division_data
mois_x3,detail,6,Entreprise,,,,,,,,,0.633,,,1992-9,OK,cf031c5e9d4b9eea30e2e41fd3549452d2fdaa12,30,5b839da1ebf8974ee3cf2251bbeb5960047d54feb94e3f73eb2e6a54db4d472d,,division_delegation
mois_x3,detail,6,Entreprise,,,,,,,,,0.045,,,1992-9,OK,cf031c5e9d4b9eea30e2e41fd3549452d2fdaa12,30,5b839da1ebf8974ee3cf2251bbeb5960047d54feb94e3f73eb2e6a54db4d472d,,marketing_hint
mois_x3,detail,6,Entreprise,,,,,,,,,0.058,,,1992-9,OK,cf031c5e9d4b9eea30e2e41fd3549452d2fdaa12,30,5b839da1ebf8974ee3cf2251bbeb5960047d54feb94e3f73eb2e6a54db4d472d,,policy_controls
mois_x3,detail,6,Entreprise,,,,,,,,,0.119,,,1992-9,OK,cf031c5e9d4b9eea30e2e41fd3549452d2fdaa12,30,5b839da1ebf8974ee3cf2251bbeb5960047d54feb94e3f73eb2e6a54db4d472d,,leader_choices
mois_x3,detail,6,Simulation,,,,,,,,,61.92,,,1992-9,OK,cf031c5e9d4b9eea30e2e41fd3549452d2fdaa12,30,5b839da1ebf8974ee3cf2251bbeb5960047d54feb94e3f73eb2e6a54db4d472d,,economy_month_closed_callbacks
mois_x3,detail,6,Simulation,,,,,,,,,62.018,,,1992-9,OK,cf031c5e9d4b9eea30e2e41fd3549452d2fdaa12,30,5b839da1ebf8974ee3cf2251bbeb5960047d54feb94e3f73eb2e6a54db4d472d,,economy_close_and_UI
mois_x3,detail,1428,Entreprise,,,,,,,,47.747,142.165,61.684,13.0869998931885,1992-10,OK,cf031c5e9d4b9eea30e2e41fd3549452d2fdaa12,30,5b839da1ebf8974ee3cf2251bbeb5960047d54feb94e3f73eb2e6a54db4d472d,,SLOW_FRAME_48.17s
mois_x3,detail,7,Simulation,,,,,,,,,3.507,,,1992-10,OK,cf031c5e9d4b9eea30e2e41fd3549452d2fdaa12,30,5b839da1ebf8974ee3cf2251bbeb5960047d54feb94e3f73eb2e6a54db4d472d,,company
mois_x3,detail,7,Simulation,,,,,,,,,0.1,,,1992-10,OK,cf031c5e9d4b9eea30e2e41fd3549452d2fdaa12,30,5b839da1ebf8974ee3cf2251bbeb5960047d54feb94e3f73eb2e6a54db4d472d,,divisions
mois_x3,detail,7,Simulation,,,,,,,,,0.948,,,1992-10,OK,cf031c5e9d4b9eea30e2e41fd3549452d2fdaa12,30,5b839da1ebf8974ee3cf2251bbeb5960047d54feb94e3f73eb2e6a54db4d472d,,personnel
mois_x3,detail,7,Simulation,,,,,,,,,7.866,,,1992-10,OK,cf031c5e9d4b9eea30e2e41fd3549452d2fdaa12,30,5b839da1ebf8974ee3cf2251bbeb5960047d54feb94e3f73eb2e6a54db4d472d,,executive
mois_x3,detail,7,Simulation,,,,,,,,,0.094,,,1992-10,OK,cf031c5e9d4b9eea30e2e41fd3549452d2fdaa12,30,5b839da1ebf8974ee3cf2251bbeb5960047d54feb94e3f73eb2e6a54db4d472d,,personnel_begin
mois_x3,detail,7,Simulation,,,,,,,,,0.53,,,1992-10,OK,cf031c5e9d4b9eea30e2e41fd3549452d2fdaa12,30,5b839da1ebf8974ee3cf2251bbeb5960047d54feb94e3f73eb2e6a54db4d472d,,research
mois_x3,detail,7,Simulation,,,,,,,,,3.798,,,1992-10,OK,cf031c5e9d4b9eea30e2e41fd3549452d2fdaa12,30,5b839da1ebf8974ee3cf2251bbeb5960047d54feb94e3f73eb2e6a54db4d472d,,software
mois_x3,detail,7,Simulation,,,,,,,,,0.006,,,1992-10,OK,cf031c5e9d4b9eea30e2e41fd3549452d2fdaa12,30,5b839da1ebf8974ee3cf2251bbeb5960047d54feb94e3f73eb2e6a54db4d472d,,personnel_end
mois_x3,detail,7,Simulation,,,,,,,,,0.815,,,1992-10,OK,cf031c5e9d4b9eea30e2e41fd3549452d2fdaa12,30,5b839da1ebf8974ee3cf2251bbeb5960047d54feb94e3f73eb2e6a54db4d472d,,foundry
mois_x3,detail,7,Simulation,,,,,,,,,0.03,,,1992-10,OK,cf031c5e9d4b9eea30e2e41fd3549452d2fdaa12,30,5b839da1ebf8974ee3cf2251bbeb5960047d54feb94e3f73eb2e6a54db4d472d,,production
mois_x3,detail,7,Simulation,,,,,,,,,20.112,,,1992-10,OK,cf031c5e9d4b9eea30e2e41fd3549452d2fdaa12,30,5b839da1ebf8974ee3cf2251bbeb5960047d54feb94e3f73eb2e6a54db4d472d,,products
mois_x3,detail,7,Simulation,,,,,,,,,0.193,,,1992-10,OK,cf031c5e9d4b9eea30e2e41fd3549452d2fdaa12,30,5b839da1ebf8974ee3cf2251bbeb5960047d54feb94e3f73eb2e6a54db4d472d,,architecture
mois_x3,detail,7,Simulation,,,,,,,,,0.262,,,1992-10,OK,cf031c5e9d4b9eea30e2e41fd3549452d2fdaa12,30,5b839da1ebf8974ee3cf2251bbeb5960047d54feb94e3f73eb2e6a54db4d472d,,supplier
mois_x3,detail,7,Simulation,,,,,,,,,0.009,,,1992-10,OK,cf031c5e9d4b9eea30e2e41fd3549452d2fdaa12,30,5b839da1ebf8974ee3cf2251bbeb5960047d54feb94e3f73eb2e6a54db4d472d,,after_sales
mois_x3,detail,7,Simulation,,,,,,,,,2.776,,,1992-10,OK,cf031c5e9d4b9eea30e2e41fd3549452d2fdaa12,30,5b839da1ebf8974ee3cf2251bbeb5960047d54feb94e3f73eb2e6a54db4d472d,,market
mois_x3,detail,7,Simulation,,,,,,,,,2.042,,,1992-10,OK,cf031c5e9d4b9eea30e2e41fd3549452d2fdaa12,30,5b839da1ebf8974ee3cf2251bbeb5960047d54feb94e3f73eb2e6a54db4d472d,,components
mois_x3,detail,7,Simulation,,,,,,,,,0.013,,,1992-10,OK,cf031c5e9d4b9eea30e2e41fd3549452d2fdaa12,30,5b839da1ebf8974ee3cf2251bbeb5960047d54feb94e3f73eb2e6a54db4d472d,,patents
mois_x3,detail,7,Simulation,,,,,,,,,0.077,,,1992-10,OK,cf031c5e9d4b9eea30e2e41fd3549452d2fdaa12,30,5b839da1ebf8974ee3cf2251bbeb5960047d54feb94e3f73eb2e6a54db4d472d,,garage_business
mois_x3,detail,7,Simulation,,,,,,,,,0.023,,,1992-10,OK,cf031c5e9d4b9eea30e2e41fd3549452d2fdaa12,30,5b839da1ebf8974ee3cf2251bbeb5960047d54feb94e3f73eb2e6a54db4d472d,,seasonal
mois_x3,detail,7,Simulation,,,,,,,,,0.33,,,1992-10,OK,cf031c5e9d4b9eea30e2e41fd3549452d2fdaa12,30,5b839da1ebf8974ee3cf2251bbeb5960047d54feb94e3f73eb2e6a54db4d472d,,subsidiaries
mois_x3,detail,7,Simulation,,,,,,,,,0.378,,,1992-10,OK,cf031c5e9d4b9eea30e2e41fd3549452d2fdaa12,30,5b839da1ebf8974ee3cf2251bbeb5960047d54feb94e3f73eb2e6a54db4d472d,,objectives
mois_x3,detail,7,Simulation,,,,,,,,,0.089,,,1992-10,OK,cf031c5e9d4b9eea30e2e41fd3549452d2fdaa12,30,5b839da1ebf8974ee3cf2251bbeb5960047d54feb94e3f73eb2e6a54db4d472d,,economy_bookkeeping
mois_x3,detail,7,Entreprise,,,,,,,,,1.543,,,1992-10,OK,cf031c5e9d4b9eea30e2e41fd3549452d2fdaa12,30,5b839da1ebf8974ee3cf2251bbeb5960047d54feb94e3f73eb2e6a54db4d472d,,scene_hero
mois_x3,detail,7,Entreprise,,,,,,,,,0.264,,,1992-10,OK,cf031c5e9d4b9eea30e2e41fd3549452d2fdaa12,30,5b839da1ebf8974ee3cf2251bbeb5960047d54feb94e3f73eb2e6a54db4d472d,,branch_map
mois_x3,detail,7,Entreprise,,,,,,,,,1.823,,,1992-10,OK,cf031c5e9d4b9eea30e2e41fd3549452d2fdaa12,30,5b839da1ebf8974ee3cf2251bbeb5960047d54feb94e3f73eb2e6a54db4d472d,,scene
mois_x3,detail,7,Entreprise,,,,,,,,,0.074,,,1992-10,OK,cf031c5e9d4b9eea30e2e41fd3549452d2fdaa12,30,5b839da1ebf8974ee3cf2251bbeb5960047d54feb94e3f73eb2e6a54db4d472d,,unlocks
mois_x3,detail,7,Entreprise,,,,,,,,,0.495,,,1992-10,OK,cf031c5e9d4b9eea30e2e41fd3549452d2fdaa12,30,5b839da1ebf8974ee3cf2251bbeb5960047d54feb94e3f73eb2e6a54db4d472d,,reputation
mois_x3,detail,7,Entreprise,,,,,,,,,0.958,,,1992-10,OK,cf031c5e9d4b9eea30e2e41fd3549452d2fdaa12,30,5b839da1ebf8974ee3cf2251bbeb5960047d54feb94e3f73eb2e6a54db4d472d,,empire_clear
mois_x3,detail,7,Entreprise,,,,,,,,,1.708,,,1992-10,OK,cf031c5e9d4b9eea30e2e41fd3549452d2fdaa12,30,5b839da1ebf8974ee3cf2251bbeb5960047d54feb94e3f73eb2e6a54db4d472d,,empire_header
mois_x3,detail,7,Entreprise,,,,,,,,,4.113,,,1992-10,OK,cf031c5e9d4b9eea30e2e41fd3549452d2fdaa12,30,5b839da1ebf8974ee3cf2251bbeb5960047d54feb94e3f73eb2e6a54db4d472d,,empire_lines
mois_x3,detail,7,Entreprise,,,,,,,,,5.048,,,1992-10,OK,cf031c5e9d4b9eea30e2e41fd3549452d2fdaa12,30,5b839da1ebf8974ee3cf2251bbeb5960047d54feb94e3f73eb2e6a54db4d472d,,empire_ranking
mois_x3,detail,7,Entreprise,,,,,,,,,7.561,,,1992-10,OK,cf031c5e9d4b9eea30e2e41fd3549452d2fdaa12,30,5b839da1ebf8974ee3cf2251bbeb5960047d54feb94e3f73eb2e6a54db4d472d,,empire_trophies
mois_x3,detail,7,Entreprise,,,,,,,,,19.446,,,1992-10,OK,cf031c5e9d4b9eea30e2e41fd3549452d2fdaa12,30,5b839da1ebf8974ee3cf2251bbeb5960047d54feb94e3f73eb2e6a54db4d472d,,empire
mois_x3,detail,7,Entreprise,,,,,,,,,3.193,,,1992-10,OK,cf031c5e9d4b9eea30e2e41fd3549452d2fdaa12,30,5b839da1ebf8974ee3cf2251bbeb5960047d54feb94e3f73eb2e6a54db4d472d,,subsidiaries
mois_x3,detail,7,Entreprise,,,,,,,,,0.122,,,1992-10,OK,cf031c5e9d4b9eea30e2e41fd3549452d2fdaa12,30,5b839da1ebf8974ee3cf2251bbeb5960047d54feb94e3f73eb2e6a54db4d472d,,subsidiary_sectors
mois_x3,detail,7,Entreprise,,,,,,,,,0.6,,,1992-10,OK,cf031c5e9d4b9eea30e2e41fd3549452d2fdaa12,30,5b839da1ebf8974ee3cf2251bbeb5960047d54feb94e3f73eb2e6a54db4d472d,,objectives
mois_x3,detail,7,Entreprise,,,,,,,,,0.015,,,1992-10,OK,cf031c5e9d4b9eea30e2e41fd3549452d2fdaa12,30,5b839da1ebf8974ee3cf2251bbeb5960047d54feb94e3f73eb2e6a54db4d472d,,executive_brief
mois_x3,detail,7,Entreprise,,,,,,,,,0.004,,,1992-10,OK,cf031c5e9d4b9eea30e2e41fd3549452d2fdaa12,30,5b839da1ebf8974ee3cf2251bbeb5960047d54feb94e3f73eb2e6a54db4d472d,,workplace_and_meters
mois_x3,detail,7,Entreprise,,,,,,,,,0.019,,,1992-10,OK,cf031c5e9d4b9eea30e2e41fd3549452d2fdaa12,30,5b839da1ebf8974ee3cf2251bbeb5960047d54feb94e3f73eb2e6a54db4d472d,,benefit_controls
mois_x3,detail,7,Entreprise,,,,,,,,,0.017,,,1992-10,OK,cf031c5e9d4b9eea30e2e41fd3549452d2fdaa12,30,5b839da1ebf8974ee3cf2251bbeb5960047d54feb94e3f73eb2e6a54db4d472d,,hr_cases
mois_x3,detail,7,Entreprise,,,,,,,,,0.748,,,1992-10,OK,cf031c5e9d4b9eea30e2e41fd3549452d2fdaa12,30,5b839da1ebf8974ee3cf2251bbeb5960047d54feb94e3f73eb2e6a54db4d472d,,financial_advice
mois_x3,detail,7,Entreprise,,,,,,,,,0.007,,,1992-10,OK,cf031c5e9d4b9eea30e2e41fd3549452d2fdaa12,30,5b839da1ebf8974ee3cf2251bbeb5960047d54feb94e3f73eb2e6a54db4d472d,,division_data
mois_x3,detail,7,Entreprise,,,,,,,,,0.87,,,1992-10,OK,cf031c5e9d4b9eea30e2e41fd3549452d2fdaa12,30,5b839da1ebf8974ee3cf2251bbeb5960047d54feb94e3f73eb2e6a54db4d472d,,division_delegation
mois_x3,detail,7,Entreprise,,,,,,,,,0.853,,,1992-10,OK,cf031c5e9d4b9eea30e2e41fd3549452d2fdaa12,30,5b839da1ebf8974ee3cf2251bbeb5960047d54feb94e3f73eb2e6a54db4d472d,,marketing_hint
mois_x3,detail,7,Entreprise,,,,,,,,,0.889,,,1992-10,OK,cf031c5e9d4b9eea30e2e41fd3549452d2fdaa12,30,5b839da1ebf8974ee3cf2251bbeb5960047d54feb94e3f73eb2e6a54db4d472d,,policy_controls
mois_x3,detail,7,Entreprise,,,,,,,,,0.187,,,1992-10,OK,cf031c5e9d4b9eea30e2e41fd3549452d2fdaa12,30,5b839da1ebf8974ee3cf2251bbeb5960047d54feb94e3f73eb2e6a54db4d472d,,leader_choices
mois_x3,detail,7,Simulation,,,,,,,,,36.294,,,1992-10,OK,cf031c5e9d4b9eea30e2e41fd3549452d2fdaa12,30,5b839da1ebf8974ee3cf2251bbeb5960047d54feb94e3f73eb2e6a54db4d472d,,economy_month_closed_callbacks
mois_x3,detail,7,Simulation,,,,,,,,,36.391,,,1992-10,OK,cf031c5e9d4b9eea30e2e41fd3549452d2fdaa12,30,5b839da1ebf8974ee3cf2251bbeb5960047d54feb94e3f73eb2e6a54db4d472d,,economy_close_and_UI
mois_x3,detail,1666,Entreprise,,,,,,,,44.546,113.649,36.046,12.1759996414185,1992-11,OK,cf031c5e9d4b9eea30e2e41fd3549452d2fdaa12,30,5b839da1ebf8974ee3cf2251bbeb5960047d54feb94e3f73eb2e6a54db4d472d,,SLOW_FRAME_56.14s
mois_x3,detail,8,Simulation,,,,,,,,,4.843,,,1992-11,OK,cf031c5e9d4b9eea30e2e41fd3549452d2fdaa12,30,5b839da1ebf8974ee3cf2251bbeb5960047d54feb94e3f73eb2e6a54db4d472d,,company
mois_x3,detail,8,Simulation,,,,,,,,,0.125,,,1992-11,OK,cf031c5e9d4b9eea30e2e41fd3549452d2fdaa12,30,5b839da1ebf8974ee3cf2251bbeb5960047d54feb94e3f73eb2e6a54db4d472d,,divisions
mois_x3,detail,8,Simulation,,,,,,,,,1.272,,,1992-11,OK,cf031c5e9d4b9eea30e2e41fd3549452d2fdaa12,30,5b839da1ebf8974ee3cf2251bbeb5960047d54feb94e3f73eb2e6a54db4d472d,,personnel
mois_x3,detail,8,Simulation,,,,,,,,,4.253,,,1992-11,OK,cf031c5e9d4b9eea30e2e41fd3549452d2fdaa12,30,5b839da1ebf8974ee3cf2251bbeb5960047d54feb94e3f73eb2e6a54db4d472d,,executive
mois_x3,detail,8,Simulation,,,,,,,,,0.096,,,1992-11,OK,cf031c5e9d4b9eea30e2e41fd3549452d2fdaa12,30,5b839da1ebf8974ee3cf2251bbeb5960047d54feb94e3f73eb2e6a54db4d472d,,personnel_begin
mois_x3,detail,8,Simulation,,,,,,,,,0.53,,,1992-11,OK,cf031c5e9d4b9eea30e2e41fd3549452d2fdaa12,30,5b839da1ebf8974ee3cf2251bbeb5960047d54feb94e3f73eb2e6a54db4d472d,,research
mois_x3,detail,8,Simulation,,,,,,,,,4.047,,,1992-11,OK,cf031c5e9d4b9eea30e2e41fd3549452d2fdaa12,30,5b839da1ebf8974ee3cf2251bbeb5960047d54feb94e3f73eb2e6a54db4d472d,,software
mois_x3,detail,8,Simulation,,,,,,,,,0.008,,,1992-11,OK,cf031c5e9d4b9eea30e2e41fd3549452d2fdaa12,30,5b839da1ebf8974ee3cf2251bbeb5960047d54feb94e3f73eb2e6a54db4d472d,,personnel_end
mois_x3,detail,8,Simulation,,,,,,,,,0.867,,,1992-11,OK,cf031c5e9d4b9eea30e2e41fd3549452d2fdaa12,30,5b839da1ebf8974ee3cf2251bbeb5960047d54feb94e3f73eb2e6a54db4d472d,,foundry
mois_x3,detail,8,Simulation,,,,,,,,,0.036,,,1992-11,OK,cf031c5e9d4b9eea30e2e41fd3549452d2fdaa12,30,5b839da1ebf8974ee3cf2251bbeb5960047d54feb94e3f73eb2e6a54db4d472d,,production
mois_x3,detail,8,Simulation,,,,,,,,,20.41,,,1992-11,OK,cf031c5e9d4b9eea30e2e41fd3549452d2fdaa12,30,5b839da1ebf8974ee3cf2251bbeb5960047d54feb94e3f73eb2e6a54db4d472d,,products
mois_x3,detail,8,Simulation,,,,,,,,,0.218,,,1992-11,OK,cf031c5e9d4b9eea30e2e41fd3549452d2fdaa12,30,5b839da1ebf8974ee3cf2251bbeb5960047d54feb94e3f73eb2e6a54db4d472d,,architecture
mois_x3,detail,8,Simulation,,,,,,,,,0.294,,,1992-11,OK,cf031c5e9d4b9eea30e2e41fd3549452d2fdaa12,30,5b839da1ebf8974ee3cf2251bbeb5960047d54feb94e3f73eb2e6a54db4d472d,,supplier
mois_x3,detail,8,Simulation,,,,,,,,,0.009,,,1992-11,OK,cf031c5e9d4b9eea30e2e41fd3549452d2fdaa12,30,5b839da1ebf8974ee3cf2251bbeb5960047d54feb94e3f73eb2e6a54db4d472d,,after_sales
mois_x3,detail,8,Simulation,,,,,,,,,5.604,,,1992-11,OK,cf031c5e9d4b9eea30e2e41fd3549452d2fdaa12,30,5b839da1ebf8974ee3cf2251bbeb5960047d54feb94e3f73eb2e6a54db4d472d,,market
mois_x3,detail,8,Simulation,,,,,,,,,1.707,,,1992-11,OK,cf031c5e9d4b9eea30e2e41fd3549452d2fdaa12,30,5b839da1ebf8974ee3cf2251bbeb5960047d54feb94e3f73eb2e6a54db4d472d,,components
mois_x3,detail,8,Simulation,,,,,,,,,0.012,,,1992-11,OK,cf031c5e9d4b9eea30e2e41fd3549452d2fdaa12,30,5b839da1ebf8974ee3cf2251bbeb5960047d54feb94e3f73eb2e6a54db4d472d,,patents
mois_x3,detail,8,Simulation,,,,,,,,,0.066,,,1992-11,OK,cf031c5e9d4b9eea30e2e41fd3549452d2fdaa12,30,5b839da1ebf8974ee3cf2251bbeb5960047d54feb94e3f73eb2e6a54db4d472d,,garage_business
mois_x3,detail,8,Simulation,,,,,,,,,0.019,,,1992-11,OK,cf031c5e9d4b9eea30e2e41fd3549452d2fdaa12,30,5b839da1ebf8974ee3cf2251bbeb5960047d54feb94e3f73eb2e6a54db4d472d,,seasonal
mois_x3,detail,8,Simulation,,,,,,,,,0.3,,,1992-11,OK,cf031c5e9d4b9eea30e2e41fd3549452d2fdaa12,30,5b839da1ebf8974ee3cf2251bbeb5960047d54feb94e3f73eb2e6a54db4d472d,,subsidiaries
mois_x3,detail,8,Simulation,,,,,,,,,0.404,,,1992-11,OK,cf031c5e9d4b9eea30e2e41fd3549452d2fdaa12,30,5b839da1ebf8974ee3cf2251bbeb5960047d54feb94e3f73eb2e6a54db4d472d,,objectives
mois_x3,detail,8,Simulation,,,,,,,,,0.089,,,1992-11,OK,cf031c5e9d4b9eea30e2e41fd3549452d2fdaa12,30,5b839da1ebf8974ee3cf2251bbeb5960047d54feb94e3f73eb2e6a54db4d472d,,economy_bookkeeping
mois_x3,detail,8,Entreprise,,,,,,,,,1.516,,,1992-11,OK,cf031c5e9d4b9eea30e2e41fd3549452d2fdaa12,30,5b839da1ebf8974ee3cf2251bbeb5960047d54feb94e3f73eb2e6a54db4d472d,,scene_hero
mois_x3,detail,8,Entreprise,,,,,,,,,0.196,,,1992-11,OK,cf031c5e9d4b9eea30e2e41fd3549452d2fdaa12,30,5b839da1ebf8974ee3cf2251bbeb5960047d54feb94e3f73eb2e6a54db4d472d,,branch_map
mois_x3,detail,8,Entreprise,,,,,,,,,1.724,,,1992-11,OK,cf031c5e9d4b9eea30e2e41fd3549452d2fdaa12,30,5b839da1ebf8974ee3cf2251bbeb5960047d54feb94e3f73eb2e6a54db4d472d,,scene
mois_x3,detail,8,Entreprise,,,,,,,,,0.065,,,1992-11,OK,cf031c5e9d4b9eea30e2e41fd3549452d2fdaa12,30,5b839da1ebf8974ee3cf2251bbeb5960047d54feb94e3f73eb2e6a54db4d472d,,unlocks
mois_x3,detail,8,Entreprise,,,,,,,,,0.458,,,1992-11,OK,cf031c5e9d4b9eea30e2e41fd3549452d2fdaa12,30,5b839da1ebf8974ee3cf2251bbeb5960047d54feb94e3f73eb2e6a54db4d472d,,reputation
mois_x3,detail,8,Entreprise,,,,,,,,,0.848,,,1992-11,OK,cf031c5e9d4b9eea30e2e41fd3549452d2fdaa12,30,5b839da1ebf8974ee3cf2251bbeb5960047d54feb94e3f73eb2e6a54db4d472d,,empire_clear
mois_x3,detail,8,Entreprise,,,,,,,,,1.607,,,1992-11,OK,cf031c5e9d4b9eea30e2e41fd3549452d2fdaa12,30,5b839da1ebf8974ee3cf2251bbeb5960047d54feb94e3f73eb2e6a54db4d472d,,empire_header
mois_x3,detail,8,Entreprise,,,,,,,,,3.581,,,1992-11,OK,cf031c5e9d4b9eea30e2e41fd3549452d2fdaa12,30,5b839da1ebf8974ee3cf2251bbeb5960047d54feb94e3f73eb2e6a54db4d472d,,empire_lines
mois_x3,detail,8,Entreprise,,,,,,,,,4.976,,,1992-11,OK,cf031c5e9d4b9eea30e2e41fd3549452d2fdaa12,30,5b839da1ebf8974ee3cf2251bbeb5960047d54feb94e3f73eb2e6a54db4d472d,,empire_ranking
mois_x3,detail,8,Entreprise,,,,,,,,,7.497,,,1992-11,OK,cf031c5e9d4b9eea30e2e41fd3549452d2fdaa12,30,5b839da1ebf8974ee3cf2251bbeb5960047d54feb94e3f73eb2e6a54db4d472d,,empire_trophies
mois_x3,detail,8,Entreprise,,,,,,,,,18.58,,,1992-11,OK,cf031c5e9d4b9eea30e2e41fd3549452d2fdaa12,30,5b839da1ebf8974ee3cf2251bbeb5960047d54feb94e3f73eb2e6a54db4d472d,,empire
mois_x3,detail,8,Entreprise,,,,,,,,,3.405,,,1992-11,OK,cf031c5e9d4b9eea30e2e41fd3549452d2fdaa12,30,5b839da1ebf8974ee3cf2251bbeb5960047d54feb94e3f73eb2e6a54db4d472d,,subsidiaries
mois_x3,detail,8,Entreprise,,,,,,,,,0.114,,,1992-11,OK,cf031c5e9d4b9eea30e2e41fd3549452d2fdaa12,30,5b839da1ebf8974ee3cf2251bbeb5960047d54feb94e3f73eb2e6a54db4d472d,,subsidiary_sectors
mois_x3,detail,8,Entreprise,,,,,,,,,0.574,,,1992-11,OK,cf031c5e9d4b9eea30e2e41fd3549452d2fdaa12,30,5b839da1ebf8974ee3cf2251bbeb5960047d54feb94e3f73eb2e6a54db4d472d,,objectives
mois_x3,detail,8,Entreprise,,,,,,,,,0.012,,,1992-11,OK,cf031c5e9d4b9eea30e2e41fd3549452d2fdaa12,30,5b839da1ebf8974ee3cf2251bbeb5960047d54feb94e3f73eb2e6a54db4d472d,,executive_brief
mois_x3,detail,8,Entreprise,,,,,,,,,0.004,,,1992-11,OK,cf031c5e9d4b9eea30e2e41fd3549452d2fdaa12,30,5b839da1ebf8974ee3cf2251bbeb5960047d54feb94e3f73eb2e6a54db4d472d,,workplace_and_meters
mois_x3,detail,8,Entreprise,,,,,,,,,0.021,,,1992-11,OK,cf031c5e9d4b9eea30e2e41fd3549452d2fdaa12,30,5b839da1ebf8974ee3cf2251bbeb5960047d54feb94e3f73eb2e6a54db4d472d,,benefit_controls
mois_x3,detail,8,Entreprise,,,,,,,,,0.019,,,1992-11,OK,cf031c5e9d4b9eea30e2e41fd3549452d2fdaa12,30,5b839da1ebf8974ee3cf2251bbeb5960047d54feb94e3f73eb2e6a54db4d472d,,hr_cases
mois_x3,detail,8,Entreprise,,,,,,,,,0.747,,,1992-11,OK,cf031c5e9d4b9eea30e2e41fd3549452d2fdaa12,30,5b839da1ebf8974ee3cf2251bbeb5960047d54feb94e3f73eb2e6a54db4d472d,,financial_advice
mois_x3,detail,8,Entreprise,,,,,,,,,0.005,,,1992-11,OK,cf031c5e9d4b9eea30e2e41fd3549452d2fdaa12,30,5b839da1ebf8974ee3cf2251bbeb5960047d54feb94e3f73eb2e6a54db4d472d,,division_data
mois_x3,detail,8,Entreprise,,,,,,,,,0.741,,,1992-11,OK,cf031c5e9d4b9eea30e2e41fd3549452d2fdaa12,30,5b839da1ebf8974ee3cf2251bbeb5960047d54feb94e3f73eb2e6a54db4d472d,,division_delegation
mois_x3,detail,8,Entreprise,,,,,,,,,0.06,,,1992-11,OK,cf031c5e9d4b9eea30e2e41fd3549452d2fdaa12,30,5b839da1ebf8974ee3cf2251bbeb5960047d54feb94e3f73eb2e6a54db4d472d,,marketing_hint
mois_x3,detail,8,Entreprise,,,,,,,,,0.075,,,1992-11,OK,cf031c5e9d4b9eea30e2e41fd3549452d2fdaa12,30,5b839da1ebf8974ee3cf2251bbeb5960047d54feb94e3f73eb2e6a54db4d472d,,policy_controls
mois_x3,detail,8,Entreprise,,,,,,,,,0.131,,,1992-11,OK,cf031c5e9d4b9eea30e2e41fd3549452d2fdaa12,30,5b839da1ebf8974ee3cf2251bbeb5960047d54feb94e3f73eb2e6a54db4d472d,,leader_choices
mois_x3,detail,8,Simulation,,,,,,,,,34.93,,,1992-11,OK,cf031c5e9d4b9eea30e2e41fd3549452d2fdaa12,30,5b839da1ebf8974ee3cf2251bbeb5960047d54feb94e3f73eb2e6a54db4d472d,,economy_month_closed_callbacks
mois_x3,detail,8,Simulation,,,,,,,,,35.028,,,1992-11,OK,cf031c5e9d4b9eea30e2e41fd3549452d2fdaa12,30,5b839da1ebf8974ee3cf2251bbeb5960047d54feb94e3f73eb2e6a54db4d472d,,economy_close_and_UI
mois_x3,detail,1905,Entreprise,,,,,,,,45.813,114.231,34.703,12.6569995880127,1992-12,OK,cf031c5e9d4b9eea30e2e41fd3549452d2fdaa12,30,5b839da1ebf8974ee3cf2251bbeb5960047d54feb94e3f73eb2e6a54db4d472d,,SLOW_FRAME_64.15s
mois_x3,detail,9,Simulation,,,,,,,,,3.49,,,1992-12,OK,cf031c5e9d4b9eea30e2e41fd3549452d2fdaa12,30,5b839da1ebf8974ee3cf2251bbeb5960047d54feb94e3f73eb2e6a54db4d472d,,company
mois_x3,detail,9,Simulation,,,,,,,,,0.074,,,1992-12,OK,cf031c5e9d4b9eea30e2e41fd3549452d2fdaa12,30,5b839da1ebf8974ee3cf2251bbeb5960047d54feb94e3f73eb2e6a54db4d472d,,divisions
mois_x3,detail,9,Simulation,,,,,,,,,0.77,,,1992-12,OK,cf031c5e9d4b9eea30e2e41fd3549452d2fdaa12,30,5b839da1ebf8974ee3cf2251bbeb5960047d54feb94e3f73eb2e6a54db4d472d,,personnel
mois_x3,detail,9,Simulation,,,,,,,,,3.286,,,1992-12,OK,cf031c5e9d4b9eea30e2e41fd3549452d2fdaa12,30,5b839da1ebf8974ee3cf2251bbeb5960047d54feb94e3f73eb2e6a54db4d472d,,executive
mois_x3,detail,9,Simulation,,,,,,,,,0.116,,,1992-12,OK,cf031c5e9d4b9eea30e2e41fd3549452d2fdaa12,30,5b839da1ebf8974ee3cf2251bbeb5960047d54feb94e3f73eb2e6a54db4d472d,,personnel_begin
mois_x3,detail,9,Simulation,,,,,,,,,0.619,,,1992-12,OK,cf031c5e9d4b9eea30e2e41fd3549452d2fdaa12,30,5b839da1ebf8974ee3cf2251bbeb5960047d54feb94e3f73eb2e6a54db4d472d,,research
mois_x3,detail,9,Simulation,,,,,,,,,4.48,,,1992-12,OK,cf031c5e9d4b9eea30e2e41fd3549452d2fdaa12,30,5b839da1ebf8974ee3cf2251bbeb5960047d54feb94e3f73eb2e6a54db4d472d,,software
mois_x3,detail,9,Simulation,,,,,,,,,0.008,,,1992-12,OK,cf031c5e9d4b9eea30e2e41fd3549452d2fdaa12,30,5b839da1ebf8974ee3cf2251bbeb5960047d54feb94e3f73eb2e6a54db4d472d,,personnel_end
mois_x3,detail,9,Simulation,,,,,,,,,0.868,,,1992-12,OK,cf031c5e9d4b9eea30e2e41fd3549452d2fdaa12,30,5b839da1ebf8974ee3cf2251bbeb5960047d54feb94e3f73eb2e6a54db4d472d,,foundry
mois_x3,detail,9,Simulation,,,,,,,,,0.036,,,1992-12,OK,cf031c5e9d4b9eea30e2e41fd3549452d2fdaa12,30,5b839da1ebf8974ee3cf2251bbeb5960047d54feb94e3f73eb2e6a54db4d472d,,production
mois_x3,detail,9,Simulation,,,,,,,,,20.926,,,1992-12,OK,cf031c5e9d4b9eea30e2e41fd3549452d2fdaa12,30,5b839da1ebf8974ee3cf2251bbeb5960047d54feb94e3f73eb2e6a54db4d472d,,products
mois_x3,detail,9,Simulation,,,,,,,,,0.32,,,1992-12,OK,cf031c5e9d4b9eea30e2e41fd3549452d2fdaa12,30,5b839da1ebf8974ee3cf2251bbeb5960047d54feb94e3f73eb2e6a54db4d472d,,architecture
mois_x3,detail,9,Simulation,,,,,,,,,0.292,,,1992-12,OK,cf031c5e9d4b9eea30e2e41fd3549452d2fdaa12,30,5b839da1ebf8974ee3cf2251bbeb5960047d54feb94e3f73eb2e6a54db4d472d,,supplier
mois_x3,detail,9,Simulation,,,,,,,,,0.011,,,1992-12,OK,cf031c5e9d4b9eea30e2e41fd3549452d2fdaa12,30,5b839da1ebf8974ee3cf2251bbeb5960047d54feb94e3f73eb2e6a54db4d472d,,after_sales
mois_x3,detail,9,Simulation,,,,,,,,,3.082,,,1992-12,OK,cf031c5e9d4b9eea30e2e41fd3549452d2fdaa12,30,5b839da1ebf8974ee3cf2251bbeb5960047d54feb94e3f73eb2e6a54db4d472d,,market
mois_x3,detail,9,Simulation,,,,,,,,,1.945,,,1992-12,OK,cf031c5e9d4b9eea30e2e41fd3549452d2fdaa12,30,5b839da1ebf8974ee3cf2251bbeb5960047d54feb94e3f73eb2e6a54db4d472d,,components
mois_x3,detail,9,Simulation,,,,,,,,,0.012,,,1992-12,OK,cf031c5e9d4b9eea30e2e41fd3549452d2fdaa12,30,5b839da1ebf8974ee3cf2251bbeb5960047d54feb94e3f73eb2e6a54db4d472d,,patents
mois_x3,detail,9,Simulation,,,,,,,,,0.077,,,1992-12,OK,cf031c5e9d4b9eea30e2e41fd3549452d2fdaa12,30,5b839da1ebf8974ee3cf2251bbeb5960047d54feb94e3f73eb2e6a54db4d472d,,garage_business
mois_x3,detail,9,Simulation,,,,,,,,,0.024,,,1992-12,OK,cf031c5e9d4b9eea30e2e41fd3549452d2fdaa12,30,5b839da1ebf8974ee3cf2251bbeb5960047d54feb94e3f73eb2e6a54db4d472d,,seasonal
mois_x3,detail,9,Simulation,,,,,,,,,0.314,,,1992-12,OK,cf031c5e9d4b9eea30e2e41fd3549452d2fdaa12,30,5b839da1ebf8974ee3cf2251bbeb5960047d54feb94e3f73eb2e6a54db4d472d,,subsidiaries
mois_x3,detail,9,Simulation,,,,,,,,,0.381,,,1992-12,OK,cf031c5e9d4b9eea30e2e41fd3549452d2fdaa12,30,5b839da1ebf8974ee3cf2251bbeb5960047d54feb94e3f73eb2e6a54db4d472d,,objectives
mois_x3,detail,9,Simulation,,,,,,,,,0.107,,,1992-12,OK,cf031c5e9d4b9eea30e2e41fd3549452d2fdaa12,30,5b839da1ebf8974ee3cf2251bbeb5960047d54feb94e3f73eb2e6a54db4d472d,,economy_bookkeeping
mois_x3,detail,9,Entreprise,,,,,,,,,27.269,,,1992-12,OK,cf031c5e9d4b9eea30e2e41fd3549452d2fdaa12,30,5b839da1ebf8974ee3cf2251bbeb5960047d54feb94e3f73eb2e6a54db4d472d,,scene_hero
mois_x3,detail,9,Entreprise,,,,,,,,,0.184,,,1992-12,OK,cf031c5e9d4b9eea30e2e41fd3549452d2fdaa12,30,5b839da1ebf8974ee3cf2251bbeb5960047d54feb94e3f73eb2e6a54db4d472d,,branch_map
mois_x3,detail,9,Entreprise,,,,,,,,,27.474,,,1992-12,OK,cf031c5e9d4b9eea30e2e41fd3549452d2fdaa12,30,5b839da1ebf8974ee3cf2251bbeb5960047d54feb94e3f73eb2e6a54db4d472d,,scene
mois_x3,detail,9,Entreprise,,,,,,,,,0.064,,,1992-12,OK,cf031c5e9d4b9eea30e2e41fd3549452d2fdaa12,30,5b839da1ebf8974ee3cf2251bbeb5960047d54feb94e3f73eb2e6a54db4d472d,,unlocks
mois_x3,detail,9,Entreprise,,,,,,,,,0.42,,,1992-12,OK,cf031c5e9d4b9eea30e2e41fd3549452d2fdaa12,30,5b839da1ebf8974ee3cf2251bbeb5960047d54feb94e3f73eb2e6a54db4d472d,,reputation
mois_x3,detail,9,Entreprise,,,,,,,,,0.815,,,1992-12,OK,cf031c5e9d4b9eea30e2e41fd3549452d2fdaa12,30,5b839da1ebf8974ee3cf2251bbeb5960047d54feb94e3f73eb2e6a54db4d472d,,empire_clear
mois_x3,detail,9,Entreprise,,,,,,,,,2.701,,,1992-12,OK,cf031c5e9d4b9eea30e2e41fd3549452d2fdaa12,30,5b839da1ebf8974ee3cf2251bbeb5960047d54feb94e3f73eb2e6a54db4d472d,,empire_header
mois_x3,detail,9,Entreprise,,,,,,,,,3.012,,,1992-12,OK,cf031c5e9d4b9eea30e2e41fd3549452d2fdaa12,30,5b839da1ebf8974ee3cf2251bbeb5960047d54feb94e3f73eb2e6a54db4d472d,,empire_lines
mois_x3,detail,9,Entreprise,,,,,,,,,3.674,,,1992-12,OK,cf031c5e9d4b9eea30e2e41fd3549452d2fdaa12,30,5b839da1ebf8974ee3cf2251bbeb5960047d54feb94e3f73eb2e6a54db4d472d,,empire_ranking
mois_x3,detail,9,Entreprise,,,,,,,,,5.394,,,1992-12,OK,cf031c5e9d4b9eea30e2e41fd3549452d2fdaa12,30,5b839da1ebf8974ee3cf2251bbeb5960047d54feb94e3f73eb2e6a54db4d472d,,empire_trophies
mois_x3,detail,9,Entreprise,,,,,,,,,15.646,,,1992-12,OK,cf031c5e9d4b9eea30e2e41fd3549452d2fdaa12,30,5b839da1ebf8974ee3cf2251bbeb5960047d54feb94e3f73eb2e6a54db4d472d,,empire
mois_x3,detail,9,Entreprise,,,,,,,,,2.429,,,1992-12,OK,cf031c5e9d4b9eea30e2e41fd3549452d2fdaa12,30,5b839da1ebf8974ee3cf2251bbeb5960047d54feb94e3f73eb2e6a54db4d472d,,subsidiaries
mois_x3,detail,9,Entreprise,,,,,,,,,0.11,,,1992-12,OK,cf031c5e9d4b9eea30e2e41fd3549452d2fdaa12,30,5b839da1ebf8974ee3cf2251bbeb5960047d54feb94e3f73eb2e6a54db4d472d,,subsidiary_sectors
mois_x3,detail,9,Entreprise,,,,,,,,,0.551,,,1992-12,OK,cf031c5e9d4b9eea30e2e41fd3549452d2fdaa12,30,5b839da1ebf8974ee3cf2251bbeb5960047d54feb94e3f73eb2e6a54db4d472d,,objectives
mois_x3,detail,9,Entreprise,,,,,,,,,0.009,,,1992-12,OK,cf031c5e9d4b9eea30e2e41fd3549452d2fdaa12,30,5b839da1ebf8974ee3cf2251bbeb5960047d54feb94e3f73eb2e6a54db4d472d,,executive_brief
mois_x3,detail,9,Entreprise,,,,,,,,,0.002,,,1992-12,OK,cf031c5e9d4b9eea30e2e41fd3549452d2fdaa12,30,5b839da1ebf8974ee3cf2251bbeb5960047d54feb94e3f73eb2e6a54db4d472d,,workplace_and_meters
mois_x3,detail,9,Entreprise,,,,,,,,,0.018,,,1992-12,OK,cf031c5e9d4b9eea30e2e41fd3549452d2fdaa12,30,5b839da1ebf8974ee3cf2251bbeb5960047d54feb94e3f73eb2e6a54db4d472d,,benefit_controls
mois_x3,detail,9,Entreprise,,,,,,,,,0.012,,,1992-12,OK,cf031c5e9d4b9eea30e2e41fd3549452d2fdaa12,30,5b839da1ebf8974ee3cf2251bbeb5960047d54feb94e3f73eb2e6a54db4d472d,,hr_cases
mois_x3,detail,9,Entreprise,,,,,,,,,0.744,,,1992-12,OK,cf031c5e9d4b9eea30e2e41fd3549452d2fdaa12,30,5b839da1ebf8974ee3cf2251bbeb5960047d54feb94e3f73eb2e6a54db4d472d,,financial_advice
mois_x3,detail,9,Entreprise,,,,,,,,,0.005,,,1992-12,OK,cf031c5e9d4b9eea30e2e41fd3549452d2fdaa12,30,5b839da1ebf8974ee3cf2251bbeb5960047d54feb94e3f73eb2e6a54db4d472d,,division_data
mois_x3,detail,9,Entreprise,,,,,,,,,0.686,,,1992-12,OK,cf031c5e9d4b9eea30e2e41fd3549452d2fdaa12,30,5b839da1ebf8974ee3cf2251bbeb5960047d54feb94e3f73eb2e6a54db4d472d,,division_delegation
mois_x3,detail,9,Entreprise,,,,,,,,,0.047,,,1992-12,OK,cf031c5e9d4b9eea30e2e41fd3549452d2fdaa12,30,5b839da1ebf8974ee3cf2251bbeb5960047d54feb94e3f73eb2e6a54db4d472d,,marketing_hint
mois_x3,detail,9,Entreprise,,,,,,,,,0.062,,,1992-12,OK,cf031c5e9d4b9eea30e2e41fd3549452d2fdaa12,30,5b839da1ebf8974ee3cf2251bbeb5960047d54feb94e3f73eb2e6a54db4d472d,,policy_controls
mois_x3,detail,9,Entreprise,,,,,,,,,0.123,,,1992-12,OK,cf031c5e9d4b9eea30e2e41fd3549452d2fdaa12,30,5b839da1ebf8974ee3cf2251bbeb5960047d54feb94e3f73eb2e6a54db4d472d,,leader_choices
mois_x3,detail,9,Simulation,,,,,,,,,55.115,,,1992-12,OK,cf031c5e9d4b9eea30e2e41fd3549452d2fdaa12,30,5b839da1ebf8974ee3cf2251bbeb5960047d54feb94e3f73eb2e6a54db4d472d,,economy_month_closed_callbacks
mois_x3,detail,9,Simulation,,,,,,,,,55.231,,,1992-12,OK,cf031c5e9d4b9eea30e2e41fd3549452d2fdaa12,30,5b839da1ebf8974ee3cf2251bbeb5960047d54feb94e3f73eb2e6a54db4d472d,,economy_close_and_UI
mois_x3,detail,2144,Entreprise,,,,,,,,41.785,129.997,54.838,12.4739999771118,1993-1,OK,cf031c5e9d4b9eea30e2e41fd3549452d2fdaa12,30,5b839da1ebf8974ee3cf2251bbeb5960047d54feb94e3f73eb2e6a54db4d472d,,SLOW_FRAME_72.17s
mois_x3,detail,10,Simulation,,,,,,,,,4.362,,,1993-1,OK,cf031c5e9d4b9eea30e2e41fd3549452d2fdaa12,30,5b839da1ebf8974ee3cf2251bbeb5960047d54feb94e3f73eb2e6a54db4d472d,,company
mois_x3,detail,10,Simulation,,,,,,,,,0.121,,,1993-1,OK,cf031c5e9d4b9eea30e2e41fd3549452d2fdaa12,30,5b839da1ebf8974ee3cf2251bbeb5960047d54feb94e3f73eb2e6a54db4d472d,,divisions
mois_x3,detail,10,Simulation,,,,,,,,,1.163,,,1993-1,OK,cf031c5e9d4b9eea30e2e41fd3549452d2fdaa12,30,5b839da1ebf8974ee3cf2251bbeb5960047d54feb94e3f73eb2e6a54db4d472d,,personnel
mois_x3,detail,10,Simulation,,,,,,,,,4.414,,,1993-1,OK,cf031c5e9d4b9eea30e2e41fd3549452d2fdaa12,30,5b839da1ebf8974ee3cf2251bbeb5960047d54feb94e3f73eb2e6a54db4d472d,,executive
mois_x3,detail,10,Simulation,,,,,,,,,0.123,,,1993-1,OK,cf031c5e9d4b9eea30e2e41fd3549452d2fdaa12,30,5b839da1ebf8974ee3cf2251bbeb5960047d54feb94e3f73eb2e6a54db4d472d,,personnel_begin
mois_x3,detail,10,Simulation,,,,,,,,,0.834,,,1993-1,OK,cf031c5e9d4b9eea30e2e41fd3549452d2fdaa12,30,5b839da1ebf8974ee3cf2251bbeb5960047d54feb94e3f73eb2e6a54db4d472d,,research
mois_x3,detail,10,Simulation,,,,,,,,,4.945,,,1993-1,OK,cf031c5e9d4b9eea30e2e41fd3549452d2fdaa12,30,5b839da1ebf8974ee3cf2251bbeb5960047d54feb94e3f73eb2e6a54db4d472d,,software
mois_x3,detail,10,Simulation,,,,,,,,,0.008,,,1993-1,OK,cf031c5e9d4b9eea30e2e41fd3549452d2fdaa12,30,5b839da1ebf8974ee3cf2251bbeb5960047d54feb94e3f73eb2e6a54db4d472d,,personnel_end
mois_x3,detail,10,Simulation,,,,,,,,,1.068,,,1993-1,OK,cf031c5e9d4b9eea30e2e41fd3549452d2fdaa12,30,5b839da1ebf8974ee3cf2251bbeb5960047d54feb94e3f73eb2e6a54db4d472d,,foundry
mois_x3,detail,10,Simulation,,,,,,,,,0.048,,,1993-1,OK,cf031c5e9d4b9eea30e2e41fd3549452d2fdaa12,30,5b839da1ebf8974ee3cf2251bbeb5960047d54feb94e3f73eb2e6a54db4d472d,,production
mois_x3,detail,10,Simulation,,,,,,,,,20.612,,,1993-1,OK,cf031c5e9d4b9eea30e2e41fd3549452d2fdaa12,30,5b839da1ebf8974ee3cf2251bbeb5960047d54feb94e3f73eb2e6a54db4d472d,,products
mois_x3,detail,10,Simulation,,,,,,,,,0.191,,,1993-1,OK,cf031c5e9d4b9eea30e2e41fd3549452d2fdaa12,30,5b839da1ebf8974ee3cf2251bbeb5960047d54feb94e3f73eb2e6a54db4d472d,,architecture
mois_x3,detail,10,Simulation,,,,,,,,,0.26,,,1993-1,OK,cf031c5e9d4b9eea30e2e41fd3549452d2fdaa12,30,5b839da1ebf8974ee3cf2251bbeb5960047d54feb94e3f73eb2e6a54db4d472d,,supplier
mois_x3,detail,10,Simulation,,,,,,,,,0.008,,,1993-1,OK,cf031c5e9d4b9eea30e2e41fd3549452d2fdaa12,30,5b839da1ebf8974ee3cf2251bbeb5960047d54feb94e3f73eb2e6a54db4d472d,,after_sales
mois_x3,detail,10,Simulation,,,,,,,,,5.105,,,1993-1,OK,cf031c5e9d4b9eea30e2e41fd3549452d2fdaa12,30,5b839da1ebf8974ee3cf2251bbeb5960047d54feb94e3f73eb2e6a54db4d472d,,market
mois_x3,detail,10,Simulation,,,,,,,,,1.926,,,1993-1,OK,cf031c5e9d4b9eea30e2e41fd3549452d2fdaa12,30,5b839da1ebf8974ee3cf2251bbeb5960047d54feb94e3f73eb2e6a54db4d472d,,components
mois_x3,detail,10,Simulation,,,,,,,,,0.011,,,1993-1,OK,cf031c5e9d4b9eea30e2e41fd3549452d2fdaa12,30,5b839da1ebf8974ee3cf2251bbeb5960047d54feb94e3f73eb2e6a54db4d472d,,patents
mois_x3,detail,10,Simulation,,,,,,,,,0.069,,,1993-1,OK,cf031c5e9d4b9eea30e2e41fd3549452d2fdaa12,30,5b839da1ebf8974ee3cf2251bbeb5960047d54feb94e3f73eb2e6a54db4d472d,,garage_business
mois_x3,detail,10,Simulation,,,,,,,,,0.009,,,1993-1,OK,cf031c5e9d4b9eea30e2e41fd3549452d2fdaa12,30,5b839da1ebf8974ee3cf2251bbeb5960047d54feb94e3f73eb2e6a54db4d472d,,seasonal
mois_x3,detail,10,Simulation,,,,,,,,,0.313,,,1993-1,OK,cf031c5e9d4b9eea30e2e41fd3549452d2fdaa12,30,5b839da1ebf8974ee3cf2251bbeb5960047d54feb94e3f73eb2e6a54db4d472d,,subsidiaries
mois_x3,detail,10,Simulation,,,,,,,,,0.378,,,1993-1,OK,cf031c5e9d4b9eea30e2e41fd3549452d2fdaa12,30,5b839da1ebf8974ee3cf2251bbeb5960047d54feb94e3f73eb2e6a54db4d472d,,objectives
mois_x3,detail,10,Simulation,,,,,,,,,0.091,,,1993-1,OK,cf031c5e9d4b9eea30e2e41fd3549452d2fdaa12,30,5b839da1ebf8974ee3cf2251bbeb5960047d54feb94e3f73eb2e6a54db4d472d,,economy_bookkeeping
mois_x3,detail,10,Entreprise,,,,,,,,,1.397,,,1993-1,OK,cf031c5e9d4b9eea30e2e41fd3549452d2fdaa12,30,5b839da1ebf8974ee3cf2251bbeb5960047d54feb94e3f73eb2e6a54db4d472d,,scene_hero
mois_x3,detail,10,Entreprise,,,,,,,,,0.243,,,1993-1,OK,cf031c5e9d4b9eea30e2e41fd3549452d2fdaa12,30,5b839da1ebf8974ee3cf2251bbeb5960047d54feb94e3f73eb2e6a54db4d472d,,branch_map
mois_x3,detail,10,Entreprise,,,,,,,,,1.655,,,1993-1,OK,cf031c5e9d4b9eea30e2e41fd3549452d2fdaa12,30,5b839da1ebf8974ee3cf2251bbeb5960047d54feb94e3f73eb2e6a54db4d472d,,scene
mois_x3,detail,10,Entreprise,,,,,,,,,0.072,,,1993-1,OK,cf031c5e9d4b9eea30e2e41fd3549452d2fdaa12,30,5b839da1ebf8974ee3cf2251bbeb5960047d54feb94e3f73eb2e6a54db4d472d,,unlocks
mois_x3,detail,10,Entreprise,,,,,,,,,0.481,,,1993-1,OK,cf031c5e9d4b9eea30e2e41fd3549452d2fdaa12,30,5b839da1ebf8974ee3cf2251bbeb5960047d54feb94e3f73eb2e6a54db4d472d,,reputation
mois_x3,detail,10,Entreprise,,,,,,,,,0.931,,,1993-1,OK,cf031c5e9d4b9eea30e2e41fd3549452d2fdaa12,30,5b839da1ebf8974ee3cf2251bbeb5960047d54feb94e3f73eb2e6a54db4d472d,,empire_clear
mois_x3,detail,10,Entreprise,,,,,,,,,1.591,,,1993-1,OK,cf031c5e9d4b9eea30e2e41fd3549452d2fdaa12,30,5b839da1ebf8974ee3cf2251bbeb5960047d54feb94e3f73eb2e6a54db4d472d,,empire_header
mois_x3,detail,10,Entreprise,,,,,,,,,3.511,,,1993-1,OK,cf031c5e9d4b9eea30e2e41fd3549452d2fdaa12,30,5b839da1ebf8974ee3cf2251bbeb5960047d54feb94e3f73eb2e6a54db4d472d,,empire_lines
mois_x3,detail,10,Entreprise,,,,,,,,,5.18,,,1993-1,OK,cf031c5e9d4b9eea30e2e41fd3549452d2fdaa12,30,5b839da1ebf8974ee3cf2251bbeb5960047d54feb94e3f73eb2e6a54db4d472d,,empire_ranking
mois_x3,detail,10,Entreprise,,,,,,,,,7.588,,,1993-1,OK,cf031c5e9d4b9eea30e2e41fd3549452d2fdaa12,30,5b839da1ebf8974ee3cf2251bbeb5960047d54feb94e3f73eb2e6a54db4d472d,,empire_trophies
mois_x3,detail,10,Entreprise,,,,,,,,,18.856,,,1993-1,OK,cf031c5e9d4b9eea30e2e41fd3549452d2fdaa12,30,5b839da1ebf8974ee3cf2251bbeb5960047d54feb94e3f73eb2e6a54db4d472d,,empire
mois_x3,detail,10,Entreprise,,,,,,,,,3.661,,,1993-1,OK,cf031c5e9d4b9eea30e2e41fd3549452d2fdaa12,30,5b839da1ebf8974ee3cf2251bbeb5960047d54feb94e3f73eb2e6a54db4d472d,,subsidiaries
mois_x3,detail,10,Entreprise,,,,,,,,,0.12,,,1993-1,OK,cf031c5e9d4b9eea30e2e41fd3549452d2fdaa12,30,5b839da1ebf8974ee3cf2251bbeb5960047d54feb94e3f73eb2e6a54db4d472d,,subsidiary_sectors
mois_x3,detail,10,Entreprise,,,,,,,,,0.578,,,1993-1,OK,cf031c5e9d4b9eea30e2e41fd3549452d2fdaa12,30,5b839da1ebf8974ee3cf2251bbeb5960047d54feb94e3f73eb2e6a54db4d472d,,objectives
mois_x3,detail,10,Entreprise,,,,,,,,,0.011,,,1993-1,OK,cf031c5e9d4b9eea30e2e41fd3549452d2fdaa12,30,5b839da1ebf8974ee3cf2251bbeb5960047d54feb94e3f73eb2e6a54db4d472d,,executive_brief
mois_x3,detail,10,Entreprise,,,,,,,,,0.004,,,1993-1,OK,cf031c5e9d4b9eea30e2e41fd3549452d2fdaa12,30,5b839da1ebf8974ee3cf2251bbeb5960047d54feb94e3f73eb2e6a54db4d472d,,workplace_and_meters
mois_x3,detail,10,Entreprise,,,,,,,,,0.021,,,1993-1,OK,cf031c5e9d4b9eea30e2e41fd3549452d2fdaa12,30,5b839da1ebf8974ee3cf2251bbeb5960047d54feb94e3f73eb2e6a54db4d472d,,benefit_controls
mois_x3,detail,10,Entreprise,,,,,,,,,0.018,,,1993-1,OK,cf031c5e9d4b9eea30e2e41fd3549452d2fdaa12,30,5b839da1ebf8974ee3cf2251bbeb5960047d54feb94e3f73eb2e6a54db4d472d,,hr_cases
mois_x3,detail,10,Entreprise,,,,,,,,,0.756,,,1993-1,OK,cf031c5e9d4b9eea30e2e41fd3549452d2fdaa12,30,5b839da1ebf8974ee3cf2251bbeb5960047d54feb94e3f73eb2e6a54db4d472d,,financial_advice
mois_x3,detail,10,Entreprise,,,,,,,,,0.006,,,1993-1,OK,cf031c5e9d4b9eea30e2e41fd3549452d2fdaa12,30,5b839da1ebf8974ee3cf2251bbeb5960047d54feb94e3f73eb2e6a54db4d472d,,division_data
mois_x3,detail,10,Entreprise,,,,,,,,,0.807,,,1993-1,OK,cf031c5e9d4b9eea30e2e41fd3549452d2fdaa12,30,5b839da1ebf8974ee3cf2251bbeb5960047d54feb94e3f73eb2e6a54db4d472d,,division_delegation
mois_x3,detail,10,Entreprise,,,,,,,,,0.078,,,1993-1,OK,cf031c5e9d4b9eea30e2e41fd3549452d2fdaa12,30,5b839da1ebf8974ee3cf2251bbeb5960047d54feb94e3f73eb2e6a54db4d472d,,marketing_hint
mois_x3,detail,10,Entreprise,,,,,,,,,0.101,,,1993-1,OK,cf031c5e9d4b9eea30e2e41fd3549452d2fdaa12,30,5b839da1ebf8974ee3cf2251bbeb5960047d54feb94e3f73eb2e6a54db4d472d,,policy_controls
mois_x3,detail,10,Entreprise,,,,,,,,,0.178,,,1993-1,OK,cf031c5e9d4b9eea30e2e41fd3549452d2fdaa12,30,5b839da1ebf8974ee3cf2251bbeb5960047d54feb94e3f73eb2e6a54db4d472d,,leader_choices
mois_x3,detail,10,Simulation,,,,,,,,,34.675,,,1993-1,OK,cf031c5e9d4b9eea30e2e41fd3549452d2fdaa12,30,5b839da1ebf8974ee3cf2251bbeb5960047d54feb94e3f73eb2e6a54db4d472d,,economy_month_closed_callbacks
mois_x3,detail,10,Simulation,,,,,,,,,34.776,,,1993-1,OK,cf031c5e9d4b9eea30e2e41fd3549452d2fdaa12,30,5b839da1ebf8974ee3cf2251bbeb5960047d54feb94e3f73eb2e6a54db4d472d,,economy_close_and_UI
mois_x3,detail,2382,Entreprise,,,,,,,,46.639,114.128,34.448,12.4739999771118,1993-2,OK,cf031c5e9d4b9eea30e2e41fd3549452d2fdaa12,30,5b839da1ebf8974ee3cf2251bbeb5960047d54feb94e3f73eb2e6a54db4d472d,,SLOW_FRAME_80.14s
mois_x3,detail,11,Simulation,,,,,,,,,3.006,,,1993-2,OK,cf031c5e9d4b9eea30e2e41fd3549452d2fdaa12,30,5b839da1ebf8974ee3cf2251bbeb5960047d54feb94e3f73eb2e6a54db4d472d,,company
mois_x3,detail,11,Simulation,,,,,,,,,0.071,,,1993-2,OK,cf031c5e9d4b9eea30e2e41fd3549452d2fdaa12,30,5b839da1ebf8974ee3cf2251bbeb5960047d54feb94e3f73eb2e6a54db4d472d,,divisions
mois_x3,detail,11,Simulation,,,,,,,,,0.877,,,1993-2,OK,cf031c5e9d4b9eea30e2e41fd3549452d2fdaa12,30,5b839da1ebf8974ee3cf2251bbeb5960047d54feb94e3f73eb2e6a54db4d472d,,personnel
mois_x3,detail,11,Simulation,,,,,,,,,3.541,,,1993-2,OK,cf031c5e9d4b9eea30e2e41fd3549452d2fdaa12,30,5b839da1ebf8974ee3cf2251bbeb5960047d54feb94e3f73eb2e6a54db4d472d,,executive
mois_x3,detail,11,Simulation,,,,,,,,,0.107,,,1993-2,OK,cf031c5e9d4b9eea30e2e41fd3549452d2fdaa12,30,5b839da1ebf8974ee3cf2251bbeb5960047d54feb94e3f73eb2e6a54db4d472d,,personnel_begin
mois_x3,detail,11,Simulation,,,,,,,,,0.529,,,1993-2,OK,cf031c5e9d4b9eea30e2e41fd3549452d2fdaa12,30,5b839da1ebf8974ee3cf2251bbeb5960047d54feb94e3f73eb2e6a54db4d472d,,research
mois_x3,detail,11,Simulation,,,,,,,,,4.568,,,1993-2,OK,cf031c5e9d4b9eea30e2e41fd3549452d2fdaa12,30,5b839da1ebf8974ee3cf2251bbeb5960047d54feb94e3f73eb2e6a54db4d472d,,software
mois_x3,detail,11,Simulation,,,,,,,,,0.008,,,1993-2,OK,cf031c5e9d4b9eea30e2e41fd3549452d2fdaa12,30,5b839da1ebf8974ee3cf2251bbeb5960047d54feb94e3f73eb2e6a54db4d472d,,personnel_end
mois_x3,detail,11,Simulation,,,,,,,,,0.97,,,1993-2,OK,cf031c5e9d4b9eea30e2e41fd3549452d2fdaa12,30,5b839da1ebf8974ee3cf2251bbeb5960047d54feb94e3f73eb2e6a54db4d472d,,foundry
mois_x3,detail,11,Simulation,,,,,,,,,0.049,,,1993-2,OK,cf031c5e9d4b9eea30e2e41fd3549452d2fdaa12,30,5b839da1ebf8974ee3cf2251bbeb5960047d54feb94e3f73eb2e6a54db4d472d,,production
mois_x3,detail,11,Simulation,,,,,,,,,18.102,,,1993-2,OK,cf031c5e9d4b9eea30e2e41fd3549452d2fdaa12,30,5b839da1ebf8974ee3cf2251bbeb5960047d54feb94e3f73eb2e6a54db4d472d,,products
mois_x3,detail,11,Simulation,,,,,,,,,0.187,,,1993-2,OK,cf031c5e9d4b9eea30e2e41fd3549452d2fdaa12,30,5b839da1ebf8974ee3cf2251bbeb5960047d54feb94e3f73eb2e6a54db4d472d,,architecture
mois_x3,detail,11,Simulation,,,,,,,,,0.238,,,1993-2,OK,cf031c5e9d4b9eea30e2e41fd3549452d2fdaa12,30,5b839da1ebf8974ee3cf2251bbeb5960047d54feb94e3f73eb2e6a54db4d472d,,supplier
mois_x3,detail,11,Simulation,,,,,,,,,0.006,,,1993-2,OK,cf031c5e9d4b9eea30e2e41fd3549452d2fdaa12,30,5b839da1ebf8974ee3cf2251bbeb5960047d54feb94e3f73eb2e6a54db4d472d,,after_sales
mois_x3,detail,11,Simulation,,,,,,,,,2.561,,,1993-2,OK,cf031c5e9d4b9eea30e2e41fd3549452d2fdaa12,30,5b839da1ebf8974ee3cf2251bbeb5960047d54feb94e3f73eb2e6a54db4d472d,,market
mois_x3,detail,11,Simulation,,,,,,,,,1.935,,,1993-2,OK,cf031c5e9d4b9eea30e2e41fd3549452d2fdaa12,30,5b839da1ebf8974ee3cf2251bbeb5960047d54feb94e3f73eb2e6a54db4d472d,,components
mois_x3,detail,11,Simulation,,,,,,,,,0.008,,,1993-2,OK,cf031c5e9d4b9eea30e2e41fd3549452d2fdaa12,30,5b839da1ebf8974ee3cf2251bbeb5960047d54feb94e3f73eb2e6a54db4d472d,,patents
mois_x3,detail,11,Simulation,,,,,,,,,0.063,,,1993-2,OK,cf031c5e9d4b9eea30e2e41fd3549452d2fdaa12,30,5b839da1ebf8974ee3cf2251bbeb5960047d54feb94e3f73eb2e6a54db4d472d,,garage_business
mois_x3,detail,11,Simulation,,,,,,,,,0.007,,,1993-2,OK,cf031c5e9d4b9eea30e2e41fd3549452d2fdaa12,30,5b839da1ebf8974ee3cf2251bbeb5960047d54feb94e3f73eb2e6a54db4d472d,,seasonal
mois_x3,detail,11,Simulation,,,,,,,,,0.306,,,1993-2,OK,cf031c5e9d4b9eea30e2e41fd3549452d2fdaa12,30,5b839da1ebf8974ee3cf2251bbeb5960047d54feb94e3f73eb2e6a54db4d472d,,subsidiaries
mois_x3,detail,11,Simulation,,,,,,,,,0.356,,,1993-2,OK,cf031c5e9d4b9eea30e2e41fd3549452d2fdaa12,30,5b839da1ebf8974ee3cf2251bbeb5960047d54feb94e3f73eb2e6a54db4d472d,,objectives
mois_x3,detail,11,Simulation,,,,,,,,,0.089,,,1993-2,OK,cf031c5e9d4b9eea30e2e41fd3549452d2fdaa12,30,5b839da1ebf8974ee3cf2251bbeb5960047d54feb94e3f73eb2e6a54db4d472d,,economy_bookkeeping
mois_x3,detail,11,Entreprise,,,,,,,,,1.426,,,1993-2,OK,cf031c5e9d4b9eea30e2e41fd3549452d2fdaa12,30,5b839da1ebf8974ee3cf2251bbeb5960047d54feb94e3f73eb2e6a54db4d472d,,scene_hero
mois_x3,detail,11,Entreprise,,,,,,,,,0.175,,,1993-2,OK,cf031c5e9d4b9eea30e2e41fd3549452d2fdaa12,30,5b839da1ebf8974ee3cf2251bbeb5960047d54feb94e3f73eb2e6a54db4d472d,,branch_map
mois_x3,detail,11,Entreprise,,,,,,,,,1.613,,,1993-2,OK,cf031c5e9d4b9eea30e2e41fd3549452d2fdaa12,30,5b839da1ebf8974ee3cf2251bbeb5960047d54feb94e3f73eb2e6a54db4d472d,,scene
mois_x3,detail,11,Entreprise,,,,,,,,,0.062,,,1993-2,OK,cf031c5e9d4b9eea30e2e41fd3549452d2fdaa12,30,5b839da1ebf8974ee3cf2251bbeb5960047d54feb94e3f73eb2e6a54db4d472d,,unlocks
mois_x3,detail,11,Entreprise,,,,,,,,,0.392,,,1993-2,OK,cf031c5e9d4b9eea30e2e41fd3549452d2fdaa12,30,5b839da1ebf8974ee3cf2251bbeb5960047d54feb94e3f73eb2e6a54db4d472d,,reputation
mois_x3,detail,11,Entreprise,,,,,,,,,0.725,,,1993-2,OK,cf031c5e9d4b9eea30e2e41fd3549452d2fdaa12,30,5b839da1ebf8974ee3cf2251bbeb5960047d54feb94e3f73eb2e6a54db4d472d,,empire_clear
mois_x3,detail,11,Entreprise,,,,,,,,,1.503,,,1993-2,OK,cf031c5e9d4b9eea30e2e41fd3549452d2fdaa12,30,5b839da1ebf8974ee3cf2251bbeb5960047d54feb94e3f73eb2e6a54db4d472d,,empire_header
mois_x3,detail,11,Entreprise,,,,,,,,,3.685,,,1993-2,OK,cf031c5e9d4b9eea30e2e41fd3549452d2fdaa12,30,5b839da1ebf8974ee3cf2251bbeb5960047d54feb94e3f73eb2e6a54db4d472d,,empire_lines
mois_x3,detail,11,Entreprise,,,,,,,,,5.415,,,1993-2,OK,cf031c5e9d4b9eea30e2e41fd3549452d2fdaa12,30,5b839da1ebf8974ee3cf2251bbeb5960047d54feb94e3f73eb2e6a54db4d472d,,empire_ranking
mois_x3,detail,11,Entreprise,,,,,,,,,7.766,,,1993-2,OK,cf031c5e9d4b9eea30e2e41fd3549452d2fdaa12,30,5b839da1ebf8974ee3cf2251bbeb5960047d54feb94e3f73eb2e6a54db4d472d,,empire_trophies
mois_x3,detail,11,Entreprise,,,,,,,,,19.181,,,1993-2,OK,cf031c5e9d4b9eea30e2e41fd3549452d2fdaa12,30,5b839da1ebf8974ee3cf2251bbeb5960047d54feb94e3f73eb2e6a54db4d472d,,empire
mois_x3,detail,11,Entreprise,,,,,,,,,3.455,,,1993-2,OK,cf031c5e9d4b9eea30e2e41fd3549452d2fdaa12,30,5b839da1ebf8974ee3cf2251bbeb5960047d54feb94e3f73eb2e6a54db4d472d,,subsidiaries
mois_x3,detail,11,Entreprise,,,,,,,,,0.119,,,1993-2,OK,cf031c5e9d4b9eea30e2e41fd3549452d2fdaa12,30,5b839da1ebf8974ee3cf2251bbeb5960047d54feb94e3f73eb2e6a54db4d472d,,subsidiary_sectors
mois_x3,detail,11,Entreprise,,,,,,,,,0.579,,,1993-2,OK,cf031c5e9d4b9eea30e2e41fd3549452d2fdaa12,30,5b839da1ebf8974ee3cf2251bbeb5960047d54feb94e3f73eb2e6a54db4d472d,,objectives
mois_x3,detail,11,Entreprise,,,,,,,,,0.012,,,1993-2,OK,cf031c5e9d4b9eea30e2e41fd3549452d2fdaa12,30,5b839da1ebf8974ee3cf2251bbeb5960047d54feb94e3f73eb2e6a54db4d472d,,executive_brief
mois_x3,detail,11,Entreprise,,,,,,,,,0.004,,,1993-2,OK,cf031c5e9d4b9eea30e2e41fd3549452d2fdaa12,30,5b839da1ebf8974ee3cf2251bbeb5960047d54feb94e3f73eb2e6a54db4d472d,,workplace_and_meters
mois_x3,detail,11,Entreprise,,,,,,,,,0.022,,,1993-2,OK,cf031c5e9d4b9eea30e2e41fd3549452d2fdaa12,30,5b839da1ebf8974ee3cf2251bbeb5960047d54feb94e3f73eb2e6a54db4d472d,,benefit_controls
mois_x3,detail,11,Entreprise,,,,,,,,,0.02,,,1993-2,OK,cf031c5e9d4b9eea30e2e41fd3549452d2fdaa12,30,5b839da1ebf8974ee3cf2251bbeb5960047d54feb94e3f73eb2e6a54db4d472d,,hr_cases
mois_x3,detail,11,Entreprise,,,,,,,,,0.788,,,1993-2,OK,cf031c5e9d4b9eea30e2e41fd3549452d2fdaa12,30,5b839da1ebf8974ee3cf2251bbeb5960047d54feb94e3f73eb2e6a54db4d472d,,financial_advice
mois_x3,detail,11,Entreprise,,,,,,,,,0.008,,,1993-2,OK,cf031c5e9d4b9eea30e2e41fd3549452d2fdaa12,30,5b839da1ebf8974ee3cf2251bbeb5960047d54feb94e3f73eb2e6a54db4d472d,,division_data
mois_x3,detail,11,Entreprise,,,,,,,,,0.84,,,1993-2,OK,cf031c5e9d4b9eea30e2e41fd3549452d2fdaa12,30,5b839da1ebf8974ee3cf2251bbeb5960047d54feb94e3f73eb2e6a54db4d472d,,division_delegation
mois_x3,detail,11,Entreprise,,,,,,,,,0.071,,,1993-2,OK,cf031c5e9d4b9eea30e2e41fd3549452d2fdaa12,30,5b839da1ebf8974ee3cf2251bbeb5960047d54feb94e3f73eb2e6a54db4d472d,,marketing_hint
mois_x3,detail,11,Entreprise,,,,,,,,,0.092,,,1993-2,OK,cf031c5e9d4b9eea30e2e41fd3549452d2fdaa12,30,5b839da1ebf8974ee3cf2251bbeb5960047d54feb94e3f73eb2e6a54db4d472d,,policy_controls
mois_x3,detail,11,Entreprise,,,,,,,,,0.167,,,1993-2,OK,cf031c5e9d4b9eea30e2e41fd3549452d2fdaa12,30,5b839da1ebf8974ee3cf2251bbeb5960047d54feb94e3f73eb2e6a54db4d472d,,leader_choices
mois_x3,detail,11,Simulation,,,,,,,,,34.704,,,1993-2,OK,cf031c5e9d4b9eea30e2e41fd3549452d2fdaa12,30,5b839da1ebf8974ee3cf2251bbeb5960047d54feb94e3f73eb2e6a54db4d472d,,economy_month_closed_callbacks
mois_x3,detail,11,Simulation,,,,,,,,,34.802,,,1993-2,OK,cf031c5e9d4b9eea30e2e41fd3549452d2fdaa12,30,5b839da1ebf8974ee3cf2251bbeb5960047d54feb94e3f73eb2e6a54db4d472d,,economy_close_and_UI
mois_x3,detail,2621,Entreprise,,,,,,,,38.093,106.166,34.435,12.1339998245239,1993-3,OK,cf031c5e9d4b9eea30e2e41fd3549452d2fdaa12,30,5b839da1ebf8974ee3cf2251bbeb5960047d54feb94e3f73eb2e6a54db4d472d,,SLOW_FRAME_88.15s
mois_x3,detail,12,Simulation,,,,,,,,,3.782,,,1993-3,OK,cf031c5e9d4b9eea30e2e41fd3549452d2fdaa12,30,5b839da1ebf8974ee3cf2251bbeb5960047d54feb94e3f73eb2e6a54db4d472d,,company
mois_x3,detail,12,Simulation,,,,,,,,,0.112,,,1993-3,OK,cf031c5e9d4b9eea30e2e41fd3549452d2fdaa12,30,5b839da1ebf8974ee3cf2251bbeb5960047d54feb94e3f73eb2e6a54db4d472d,,divisions
mois_x3,detail,12,Simulation,,,,,,,,,1.136,,,1993-3,OK,cf031c5e9d4b9eea30e2e41fd3549452d2fdaa12,30,5b839da1ebf8974ee3cf2251bbeb5960047d54feb94e3f73eb2e6a54db4d472d,,personnel
mois_x3,detail,12,Simulation,,,,,,,,,4.236,,,1993-3,OK,cf031c5e9d4b9eea30e2e41fd3549452d2fdaa12,30,5b839da1ebf8974ee3cf2251bbeb5960047d54feb94e3f73eb2e6a54db4d472d,,executive
mois_x3,detail,12,Simulation,,,,,,,,,0.114,,,1993-3,OK,cf031c5e9d4b9eea30e2e41fd3549452d2fdaa12,30,5b839da1ebf8974ee3cf2251bbeb5960047d54feb94e3f73eb2e6a54db4d472d,,personnel_begin
mois_x3,detail,12,Simulation,,,,,,,,,0.696,,,1993-3,OK,cf031c5e9d4b9eea30e2e41fd3549452d2fdaa12,30,5b839da1ebf8974ee3cf2251bbeb5960047d54feb94e3f73eb2e6a54db4d472d,,research
mois_x3,detail,12,Simulation,,,,,,,,,4.089,,,1993-3,OK,cf031c5e9d4b9eea30e2e41fd3549452d2fdaa12,30,5b839da1ebf8974ee3cf2251bbeb5960047d54feb94e3f73eb2e6a54db4d472d,,software
mois_x3,detail,12,Simulation,,,,,,,,,0.009,,,1993-3,OK,cf031c5e9d4b9eea30e2e41fd3549452d2fdaa12,30,5b839da1ebf8974ee3cf2251bbeb5960047d54feb94e3f73eb2e6a54db4d472d,,personnel_end
mois_x3,detail,12,Simulation,,,,,,,,,0.663,,,1993-3,OK,cf031c5e9d4b9eea30e2e41fd3549452d2fdaa12,30,5b839da1ebf8974ee3cf2251bbeb5960047d54feb94e3f73eb2e6a54db4d472d,,foundry
mois_x3,detail,12,Simulation,,,,,,,,,0.033,,,1993-3,OK,cf031c5e9d4b9eea30e2e41fd3549452d2fdaa12,30,5b839da1ebf8974ee3cf2251bbeb5960047d54feb94e3f73eb2e6a54db4d472d,,production
mois_x3,detail,12,Simulation,,,,,,,,,16.851,,,1993-3,OK,cf031c5e9d4b9eea30e2e41fd3549452d2fdaa12,30,5b839da1ebf8974ee3cf2251bbeb5960047d54feb94e3f73eb2e6a54db4d472d,,products
mois_x3,detail,12,Simulation,,,,,,,,,0.199,,,1993-3,OK,cf031c5e9d4b9eea30e2e41fd3549452d2fdaa12,30,5b839da1ebf8974ee3cf2251bbeb5960047d54feb94e3f73eb2e6a54db4d472d,,architecture
mois_x3,detail,12,Simulation,,,,,,,,,0.24,,,1993-3,OK,cf031c5e9d4b9eea30e2e41fd3549452d2fdaa12,30,5b839da1ebf8974ee3cf2251bbeb5960047d54feb94e3f73eb2e6a54db4d472d,,supplier
mois_x3,detail,12,Simulation,,,,,,,,,0.009,,,1993-3,OK,cf031c5e9d4b9eea30e2e41fd3549452d2fdaa12,30,5b839da1ebf8974ee3cf2251bbeb5960047d54feb94e3f73eb2e6a54db4d472d,,after_sales
mois_x3,detail,12,Simulation,,,,,,,,,2.378,,,1993-3,OK,cf031c5e9d4b9eea30e2e41fd3549452d2fdaa12,30,5b839da1ebf8974ee3cf2251bbeb5960047d54feb94e3f73eb2e6a54db4d472d,,market
mois_x3,detail,12,Simulation,,,,,,,,,2.096,,,1993-3,OK,cf031c5e9d4b9eea30e2e41fd3549452d2fdaa12,30,5b839da1ebf8974ee3cf2251bbeb5960047d54feb94e3f73eb2e6a54db4d472d,,components
mois_x3,detail,12,Simulation,,,,,,,,,0.01,,,1993-3,OK,cf031c5e9d4b9eea30e2e41fd3549452d2fdaa12,30,5b839da1ebf8974ee3cf2251bbeb5960047d54feb94e3f73eb2e6a54db4d472d,,patents
mois_x3,detail,12,Simulation,,,,,,,,,0.074,,,1993-3,OK,cf031c5e9d4b9eea30e2e41fd3549452d2fdaa12,30,5b839da1ebf8974ee3cf2251bbeb5960047d54feb94e3f73eb2e6a54db4d472d,,garage_business
mois_x3,detail,12,Simulation,,,,,,,,,0.009,,,1993-3,OK,cf031c5e9d4b9eea30e2e41fd3549452d2fdaa12,30,5b839da1ebf8974ee3cf2251bbeb5960047d54feb94e3f73eb2e6a54db4d472d,,seasonal
mois_x3,detail,12,Simulation,,,,,,,,,0.287,,,1993-3,OK,cf031c5e9d4b9eea30e2e41fd3549452d2fdaa12,30,5b839da1ebf8974ee3cf2251bbeb5960047d54feb94e3f73eb2e6a54db4d472d,,subsidiaries
mois_x3,detail,12,Simulation,,,,,,,,,0.392,,,1993-3,OK,cf031c5e9d4b9eea30e2e41fd3549452d2fdaa12,30,5b839da1ebf8974ee3cf2251bbeb5960047d54feb94e3f73eb2e6a54db4d472d,,objectives
mois_x3,detail,12,Simulation,,,,,,,,,0.075,,,1993-3,OK,cf031c5e9d4b9eea30e2e41fd3549452d2fdaa12,30,5b839da1ebf8974ee3cf2251bbeb5960047d54feb94e3f73eb2e6a54db4d472d,,economy_bookkeeping
mois_x3,detail,12,Entreprise,,,,,,,,,1.808,,,1993-3,OK,cf031c5e9d4b9eea30e2e41fd3549452d2fdaa12,30,5b839da1ebf8974ee3cf2251bbeb5960047d54feb94e3f73eb2e6a54db4d472d,,scene_hero
mois_x3,detail,12,Entreprise,,,,,,,,,0.213,,,1993-3,OK,cf031c5e9d4b9eea30e2e41fd3549452d2fdaa12,30,5b839da1ebf8974ee3cf2251bbeb5960047d54feb94e3f73eb2e6a54db4d472d,,branch_map
mois_x3,detail,12,Entreprise,,,,,,,,,2.036,,,1993-3,OK,cf031c5e9d4b9eea30e2e41fd3549452d2fdaa12,30,5b839da1ebf8974ee3cf2251bbeb5960047d54feb94e3f73eb2e6a54db4d472d,,scene
mois_x3,detail,12,Entreprise,,,,,,,,,0.063,,,1993-3,OK,cf031c5e9d4b9eea30e2e41fd3549452d2fdaa12,30,5b839da1ebf8974ee3cf2251bbeb5960047d54feb94e3f73eb2e6a54db4d472d,,unlocks
mois_x3,detail,12,Entreprise,,,,,,,,,0.439,,,1993-3,OK,cf031c5e9d4b9eea30e2e41fd3549452d2fdaa12,30,5b839da1ebf8974ee3cf2251bbeb5960047d54feb94e3f73eb2e6a54db4d472d,,reputation
mois_x3,detail,12,Entreprise,,,,,,,,,0.918,,,1993-3,OK,cf031c5e9d4b9eea30e2e41fd3549452d2fdaa12,30,5b839da1ebf8974ee3cf2251bbeb5960047d54feb94e3f73eb2e6a54db4d472d,,empire_clear
mois_x3,detail,12,Entreprise,,,,,,,,,1.417,,,1993-3,OK,cf031c5e9d4b9eea30e2e41fd3549452d2fdaa12,30,5b839da1ebf8974ee3cf2251bbeb5960047d54feb94e3f73eb2e6a54db4d472d,,empire_header
mois_x3,detail,12,Entreprise,,,,,,,,,3.959,,,1993-3,OK,cf031c5e9d4b9eea30e2e41fd3549452d2fdaa12,30,5b839da1ebf8974ee3cf2251bbeb5960047d54feb94e3f73eb2e6a54db4d472d,,empire_lines
mois_x3,detail,12,Entreprise,,,,,,,,,5.066,,,1993-3,OK,cf031c5e9d4b9eea30e2e41fd3549452d2fdaa12,30,5b839da1ebf8974ee3cf2251bbeb5960047d54feb94e3f73eb2e6a54db4d472d,,empire_ranking
mois_x3,detail,12,Entreprise,,,,,,,,,7.779,,,1993-3,OK,cf031c5e9d4b9eea30e2e41fd3549452d2fdaa12,30,5b839da1ebf8974ee3cf2251bbeb5960047d54feb94e3f73eb2e6a54db4d472d,,empire_trophies
mois_x3,detail,12,Entreprise,,,,,,,,,19.197,,,1993-3,OK,cf031c5e9d4b9eea30e2e41fd3549452d2fdaa12,30,5b839da1ebf8974ee3cf2251bbeb5960047d54feb94e3f73eb2e6a54db4d472d,,empire
mois_x3,detail,12,Entreprise,,,,,,,,,3.3,,,1993-3,OK,cf031c5e9d4b9eea30e2e41fd3549452d2fdaa12,30,5b839da1ebf8974ee3cf2251bbeb5960047d54feb94e3f73eb2e6a54db4d472d,,subsidiaries
mois_x3,detail,12,Entreprise,,,,,,,,,0.116,,,1993-3,OK,cf031c5e9d4b9eea30e2e41fd3549452d2fdaa12,30,5b839da1ebf8974ee3cf2251bbeb5960047d54feb94e3f73eb2e6a54db4d472d,,subsidiary_sectors
mois_x3,detail,12,Entreprise,,,,,,,,,0.604,,,1993-3,OK,cf031c5e9d4b9eea30e2e41fd3549452d2fdaa12,30,5b839da1ebf8974ee3cf2251bbeb5960047d54feb94e3f73eb2e6a54db4d472d,,objectives
mois_x3,detail,12,Entreprise,,,,,,,,,0.013,,,1993-3,OK,cf031c5e9d4b9eea30e2e41fd3549452d2fdaa12,30,5b839da1ebf8974ee3cf2251bbeb5960047d54feb94e3f73eb2e6a54db4d472d,,executive_brief
mois_x3,detail,12,Entreprise,,,,,,,,,0.004,,,1993-3,OK,cf031c5e9d4b9eea30e2e41fd3549452d2fdaa12,30,5b839da1ebf8974ee3cf2251bbeb5960047d54feb94e3f73eb2e6a54db4d472d,,workplace_and_meters
mois_x3,detail,12,Entreprise,,,,,,,,,0.019,,,1993-3,OK,cf031c5e9d4b9eea30e2e41fd3549452d2fdaa12,30,5b839da1ebf8974ee3cf2251bbeb5960047d54feb94e3f73eb2e6a54db4d472d,,benefit_controls
mois_x3,detail,12,Entreprise,,,,,,,,,0.014,,,1993-3,OK,cf031c5e9d4b9eea30e2e41fd3549452d2fdaa12,30,5b839da1ebf8974ee3cf2251bbeb5960047d54feb94e3f73eb2e6a54db4d472d,,hr_cases
mois_x3,detail,12,Entreprise,,,,,,,,,0.71,,,1993-3,OK,cf031c5e9d4b9eea30e2e41fd3549452d2fdaa12,30,5b839da1ebf8974ee3cf2251bbeb5960047d54feb94e3f73eb2e6a54db4d472d,,financial_advice
mois_x3,detail,12,Entreprise,,,,,,,,,0.005,,,1993-3,OK,cf031c5e9d4b9eea30e2e41fd3549452d2fdaa12,30,5b839da1ebf8974ee3cf2251bbeb5960047d54feb94e3f73eb2e6a54db4d472d,,division_data
mois_x3,detail,12,Entreprise,,,,,,,,,0.901,,,1993-3,OK,cf031c5e9d4b9eea30e2e41fd3549452d2fdaa12,30,5b839da1ebf8974ee3cf2251bbeb5960047d54feb94e3f73eb2e6a54db4d472d,,division_delegation
mois_x3,detail,12,Entreprise,,,,,,,,,0.096,,,1993-3,OK,cf031c5e9d4b9eea30e2e41fd3549452d2fdaa12,30,5b839da1ebf8974ee3cf2251bbeb5960047d54feb94e3f73eb2e6a54db4d472d,,marketing_hint
mois_x3,detail,12,Entreprise,,,,,,,,,0.124,,,1993-3,OK,cf031c5e9d4b9eea30e2e41fd3549452d2fdaa12,30,5b839da1ebf8974ee3cf2251bbeb5960047d54feb94e3f73eb2e6a54db4d472d,,policy_controls
mois_x3,detail,12,Entreprise,,,,,,,,,0.22,,,1993-3,OK,cf031c5e9d4b9eea30e2e41fd3549452d2fdaa12,30,5b839da1ebf8974ee3cf2251bbeb5960047d54feb94e3f73eb2e6a54db4d472d,,leader_choices
mois_x3,detail,12,Simulation,,,,,,,,,35.971,,,1993-3,OK,cf031c5e9d4b9eea30e2e41fd3549452d2fdaa12,30,5b839da1ebf8974ee3cf2251bbeb5960047d54feb94e3f73eb2e6a54db4d472d,,economy_month_closed_callbacks
mois_x3,detail,12,Simulation,,,,,,,,,36.059,,,1993-3,OK,cf031c5e9d4b9eea30e2e41fd3549452d2fdaa12,30,5b839da1ebf8974ee3cf2251bbeb5960047d54feb94e3f73eb2e6a54db4d472d,,economy_close_and_UI
mois_x3,detail,2860,Entreprise,,,,,,,,38.048,107.472,35.736,13.4770002365112,1993-4,OK,cf031c5e9d4b9eea30e2e41fd3549452d2fdaa12,30,5b839da1ebf8974ee3cf2251bbeb5960047d54feb94e3f73eb2e6a54db4d472d,,SLOW_FRAME_96.15s
mois_x3,summary,0,Entreprise,33.608719395225,33.3310012817383,34.1949996948242,34.7599983215332,327.430999755859,13,13,,,,,5e177b5ae3b08324ede4e9760f53717ad544040e1265d7777a175eed6b42fff8,OK,cf031c5e9d4b9eea30e2e41fd3549452d2fdaa12,30,5b839da1ebf8974ee3cf2251bbeb5960047d54feb94e3f73eb2e6a54db4d472d,24.1774545352331,
